material,weight_capacity,fragility,recyclability,co2_score,strength,biodegradability,co2_impact_index,eco_score,cost_efficiency,suitability_score
Plastic,0.26,,1,0.26024785510009535,0.26,2,0.0021,1.908,0.7217253241598306,2.9997521448999045
Metal,0.167,,1,0.1432316491897045,0.16699999999999998,5,0.0017994011976047,5.399,0.6865882814030961,6.023768350810295
Paper,0.853,,1,0.3658245948522402,0.853,9,0.0008997655334114,8.465,1.8311613629387085,10.48717540514776
Bioplastic,0.783,,1,0.26120114394661587,0.783,7,0.0006998722860791,6.904,2.1677672209026126,8.521798856053385
Paper,0.782,,0,0.33555767397521447,0.782,9,0.0009002557544757,7.592,1.795399430947691,9.446442326024785
Paper,0.958,,1,0.4108674928503337,0.958,9,0.0008997912317327,8.276,1.875241649561485,10.547132507149666
Paper,0.3585,,1,0.15371782650142995,0.3585,9,0.0008995815899581,9.355,1.4129870373849334,10.20478217349857
Ceramic,0.943,,0,0.5393231649189705,0.943,5,0.0011998939554612,2.737,1.4749973905912175,5.403676835081029
Paper,0.6855,,0,0.29408960915157295,0.6855,9,0.0009000729394602,7.766,1.7394521044992741,9.391410390848426
Ceramic,0.485,,1,0.27740705433746427,0.485,5,0.0012,4.836,1.285084617327608,6.207592945662536
Paper,0.157,,1,0.06744518589132507,0.157,9,0.0009012738853503,9.717,0.9376202675775691,10.089554814108675
Ceramic,0.503,,0,0.2876549094375596,0.503,5,0.0011998011928429,3.793,1.2975458010574201,5.21534509056244
Metal,0.1815,,1,0.15562440419447093,0.1815,5,0.0017988980716253,5.347,0.7100261047920938,6.025875595805529
Paper,0.4855,,1,0.20829361296472831,0.48550000000000004,9,0.0009001029866117,9.126,1.5747974644403215,10.277206387035271
Glass,0.352,,1,0.2516682554814109,0.352,6,0.0015,5.944,1.0009433450799674,7.10033174451859
Ceramic,0.9345,,1,0.534556720686368,0.9345000000000001,5,0.0012001070090957,3.757,1.4726815894238716,6.399943279313632
Ceramic,0.91,,1,0.5204957102001907,0.9099999999999999,5,0.0012,3.816,1.4665693654939314,6.3895042897998096
Ceramic,0.386,,0,0.22068636796949478,0.386,5,0.0011994818652849,4.074,1.203668252080856,5.1653136320305055
Paper,0.746,,1,0.32006673021925647,0.746,9,0.0009001340482573,8.657,1.7759083172585952,10.425933269780744
Paper,0.29,,1,0.1244041944709247,0.29,9,0.0009,9.478,1.2923109600679694,10.165595805529074
Glass,0.136,,1,0.09723546234509056,0.136,6,0.0014999999999999,6.592,0.6895311744804253,7.0387645376549095
Glass,0.7085,,1,0.5066730219256435,0.7085,6,0.001500352858151,4.8740000000000006,1.1678449088623508,7.201826978074356
Plastic,0.1295,,0,0.12964728312678744,0.1295,2,0.0021003861003861,1.456,0.5639082606890825,1.9998527168732128
Paper,0.179,,1,0.0767397521448999,0.179,9,0.0008994413407821,9.678,1.0127885652642934,10.102260247855101
Paper,0.47,,1,0.20162059103908486,0.47000000000000003,9,0.0009,9.154,1.5582490518331225,10.268379408960916
Paper,0.283,,0,0.12130600571973309,0.28300000000000003,9,0.000899293286219,8.491,1.2787723454662934,9.161693994280267
Plastic,0.999,,1,1.0,0.999,2,0.0021001001001001,-1.1959999999999995,0.9081818181818181,2.999
Metal,0.134,,1,0.11487130600571974,0.134,5,0.0017985074626865,5.518,0.6236291038154392,6.019128693994281
Glass,0.8585,,1,0.6136796949475692,0.8585,6,0.0014997087944088,4.425,1.202920590396046,7.244820305052431
Paper,0.766,,0,0.3286463298379409,0.766,9,0.0009001305483028,7.621,1.7870210163460467,9.437353670162059
Glass,0.2915,,1,0.20853193517635846,0.2915,6,0.0015008576329331,6.125,0.9447968484473968,7.082968064823642
Ceramic,0.305,,1,0.1744518589132507,0.305,5,0.0012,5.268,1.1113060090309133,6.130548141086749
Plastic,0.895,,0,0.8958531935176359,0.8949999999999999,2,0.0021,-1.759,0.8987268463121618,1.999146806482364
Bioplastic,0.537,,1,0.1792183031458532,0.537,7,0.0007001862197392,7.248,1.9232263571184705,8.357781696854145
Metal,0.365,,0,0.3131553860819829,0.365,5,0.0018,3.686,0.8834448546377479,5.051844613918018
Paper,0.4605,,1,0.19756911344137273,0.4605,9,0.000900108577633,9.171,1.5475396444017302,10.262930886558626
Ceramic,0.3825,,1,0.21877979027645378,0.3825,5,0.0012,5.082,1.1998878588516746,6.163720209723547
Plastic,0.185,,1,0.18517635843660632,0.185,2,0.0021,2.223,0.6487213772355005,2.9998236415633937
Paper,0.1485,,1,0.06363203050524309,0.14850000000000002,9,0.0008989898989898,9.733,0.907524031459365,10.084867969494757
Bioplastic,0.97,,1,0.32364156339370836,0.97,7,0.0007,6.642,2.289671467146714,8.64635843660629
Plastic,0.974,,1,0.9749761677788371,0.974,2,0.0021001026694045,-1.0910000000000002,0.9060665986786678,2.9990238322211633
Plastic,0.8525,,1,0.8531935176358437,0.8525,2,0.002099706744868,-0.5800000000000001,0.8943619361936194,2.9993064823641564
Glass,0.9055,,1,0.6472831267874167,0.9055,6,0.0014997239094422,4.284,1.2117227962750348,7.258216873212583
Metal,0.6005,,1,0.5152526215443279,0.6005,5,0.0018001665278934,3.838,0.976021846916641,6.085247378455672
Metal,0.148,,1,0.12702573879885606,0.148,5,0.0018006756756756,5.467,0.6519084610539575,6.020974261201143
Bioplastic,0.6745,,1,0.224976167778837,0.6745,7,0.0006997776130467,7.056,2.0755368143150483,8.449523832221162
Ceramic,0.277,,1,0.15848427073403243,0.277,5,0.0012003610108303,5.335,1.0716319380416743,6.118515729265968
Plastic,0.3455,,1,0.34580552907530987,0.34550000000000003,2,0.0020998552821997,1.549,0.7750016037634982,2.99969447092469
Ceramic,0.553,,1,0.31625357483317446,0.553,5,0.0011998191681735,4.673,1.3285171189740066,6.236746425166825
Glass,0.4355,,1,0.31124880838894187,0.43550000000000005,6,0.0014994259471871,5.694,1.0589696337505796,7.124251191611059
Glass,0.293,,1,0.20948522402287895,0.29300000000000004,6,0.0015,6.121,0.9467334052056062,7.083514775977121
Paper,0.783,,1,0.33579599618684464,0.783,9,0.0008997445721583,8.591,1.7967122388712677,10.447204003813155
Bioplastic,0.7385,,1,0.24642516682554816,0.7384999999999999,7,0.000700067704807,6.966,2.131773527793065,8.492074833174453
Paper,0.1475,,1,0.06339370829361297,0.14750000000000002,9,0.0009016949152542,9.734,0.9027275379229871,10.084106291706387
Bioplastic,0.4275,,1,0.14275500476644423,0.42750000000000005,7,0.0007005847953216,7.401,1.76103475358335,8.284744995233556
Ceramic,0.599,,1,0.3427073403241182,0.599,5,0.0012003338898163,4.562,1.3530383290267012,6.256292659675882
Bioplastic,0.678,,1,0.2261677788369876,0.678,7,0.0006998525073746,7.051,2.078684787373959,8.451832221163013
Paper,0.8805,,1,0.37774070543374644,0.8805,9,0.000900056785917,8.415,1.8430499850344206,10.502759294566253
Plastic,0.3195,,1,0.31982840800762635,0.3195,2,0.0021001564945226,1.658,0.761025204359673,2.9996715919923735
Glass,0.5265,,1,0.3763107721639657,0.5265,6,0.0014995251661918,5.421,1.1053707595316722,7.150189227836035
Metal,0.1285,,1,0.11034318398474739,0.1285,5,0.0018015564202334,5.537,0.6109064128710627,6.018156816015252
Ceramic,0.5955,,1,0.3405624404194471,0.5955,5,0.0011998320738874,4.571,1.3516812723141836,6.254937559580553
Plastic,0.745,,1,0.7457102001906578,0.745,2,0.0021,-0.129,0.8809164177422082,2.9992897998093424
Ceramic,0.3045,,1,0.1742135367016206,0.3045,5,0.0012003284072249,5.269,1.1104484616721708,6.130286463298379
Metal,0.6225,,0,0.5340800762631078,0.6224999999999999,5,0.0018,2.759,0.9817372021348566,5.0884199237368914
Bioplastic,0.7405,,0,0.2471401334604385,0.7405,7,0.0007002025658338,5.963,2.1331443086640123,7.493359866539562
Plastic,0.725,,1,0.7256911344137273,0.725,2,0.0021,-0.0449999999999999,0.8780523004098597,2.999308865586273
Ceramic,0.3935,,1,0.224976167778837,0.3935,5,0.0011994917407878,5.056,1.2108580228806103,6.1685238322211635
Ceramic,0.7025,,1,0.401811248808389,0.7025,5,0.0012,4.314,1.3999287613981761,6.30068875119161
Plastic,0.3685,,1,0.3689227836034319,0.3685,2,0.0021004070556309,1.452,0.7858436674120756,2.999577216396568
Ceramic,0.3545,,1,0.20281220209723547,0.3545,5,0.0012002820874471,5.149,1.1706925861797575,6.151687797902764
Metal,0.263,,1,0.22569113441372737,0.263,5,0.0018003802281368,5.053,0.8075135372457193,6.037308865586272
Glass,0.807,,0,0.57697807435653,0.807,6,0.0014999999999999,3.579,1.1920622403717525,6.23002192564347
Glass,0.2395,,1,0.1713536701620591,0.2395,6,0.0015010438413361,6.281,0.8826119796240997,7.0681463298379406
Plastic,0.3675,,1,0.3679694947569114,0.3675,2,0.0021006802721088,1.456,0.7853075982888571,2.9995305052430887
Bioplastic,0.655,,1,0.21854146806482366,0.655,7,0.0007,7.083,2.056247194373784,8.436458531935177
Paper,0.475,,1,0.20376549094375596,0.475,9,0.0009,9.145,1.5637062607876981,10.271234509056244
Ceramic,0.5785,,0,0.330791229742612,0.5785,5,0.0011996542783059,3.612,1.3428778490816553,5.247708770257388
Bioplastic,0.8905,,1,0.29718779790276456,0.8905,7,0.0007001684446939,6.753,2.2420124804992194,8.593312202097234
Glass,0.3615,,1,0.2585795996186845,0.36150000000000004,6,0.0015006915629322,5.915,1.008144357304267,7.102920400381316
Plastic,0.225,,1,0.22521448999046711,0.225,2,0.0021,2.055,0.6918510918950609,2.999785510009533
Ceramic,0.134,,1,0.0767397521448999,0.134,5,0.0012014925373134,5.678,0.7581769147788566,6.0572602478551
Metal,0.1895,,1,0.16253574833174453,0.1895,5,0.0017994722955145,5.318,0.7218064633260711,6.026964251668256
Glass,0.7735,,0,0.5531458531935177,0.7735000000000001,6,0.0015003232062055,3.679,1.1842684083777275,6.220354146806483
Ceramic,0.7545,,1,0.43160152526215445,0.7545,5,0.0012001325381047,4.189,1.4192961535013,6.322898474737846
Glass,0.6425,,1,0.45924690181124883,0.6425,6,0.0014996108949416,5.073,1.1488664450694621,7.183253098188751
Paper,0.4775,,1,0.2049571020019066,0.47750000000000004,9,0.0009005235602094,9.14,1.5657939981244138,10.272542897998093
Glass,0.811,,1,0.5798379408960915,0.8109999999999999,6,0.0014999999999999,4.567,1.1929313608637733,7.231162059103909
Paper,0.197,,1,0.08460438512869399,0.197,9,0.0009010152284263,9.645,1.067146914536535,10.112395614871305
Paper,0.19,,0,0.0815061963775024,0.19,9,0.0009,8.658,1.046796218487395,9.108493803622498
Glass,0.5675,,1,0.40562440419447093,0.5675,6,0.0014995594713656,5.298,1.1223746229260934,7.161875595805529
Plastic,0.7035,,1,0.7042421353670163,0.7035,2,0.0021002132196162,0.0449999999999999,0.8747365613702364,2.999257864632984
Plastic,0.4015,,1,0.401811248808389,0.40149999999999997,2,0.0020996264009962,1.314,0.8001016337386017,2.999688751191611
Ceramic,0.2355,,0,0.13465204957102,0.2355,5,0.0011995753715498,4.4350000000000005,1.0036136502132846,5.10084795042898
Ceramic,0.438,,0,0.25047664442326023,0.438,5,0.0011997716894977,3.949,1.2497266421868627,5.187523355576739
Metal,0.099,,1,0.08484270734032412,0.099,5,0.0017979797979797,5.644,0.53559051057246,6.014157292659676
Metal,0.9515,,0,0.8162535748331745,0.9515,5,0.0017997898055701,1.5750000000000002,1.03846798106435,5.135246425166826
Metal,0.7355,,0,0.6310772163965682,0.7355,5,0.0018001359619306,2.352,1.006049680532012,5.1044227836034315
Ceramic,0.707,,1,0.40443279313632036,0.7070000000000001,5,0.0012001414427157,4.303,1.401574222810167,6.30256720686368
Metal,0.673,,0,0.5774547187797904,0.673,5,0.0018001485884101,2.577,0.9934243298388798,5.095545281220209
Metal,0.5915,,1,0.5073879885605339,0.5915,5,0.0017996618765849,3.871,0.9738421093933924,6.084112011439466
Metal,0.5925,,1,0.5083412774070544,0.5925,5,0.0018,3.867,0.9739598840398026,6.084158722592946
Plastic,0.583,,1,0.5836510962821735,0.583,2,0.0021003430531732,0.5510000000000002,0.8527741755560203,2.9993489037178267
Plastic,0.889,,0,0.8898951382268828,0.889,2,0.0021001124859392,-1.734,0.8980749229583975,1.9991048617731173
Glass,0.713,,1,0.5097712106768351,0.713,6,0.0014999999999999,4.861000000000001,1.1692910185257563,7.203228789323165
Ceramic,0.228,,1,0.13036224976167782,0.22799999999999998,5,0.0011995614035087,5.453,0.9897454996896335,6.097637750238322
Metal,0.909,,1,0.7797902764537655,0.909,5,0.0017997799779977,2.728,1.0332007801495287,6.129209723546234
Ceramic,0.107,,0,0.06124880838894185,0.10700000000000001,5,0.0012009345794392,4.743,0.6635707951522318,5.045751191611059
Bioplastic,0.168,,1,0.05600571973307912,0.16799999999999998,7,0.0006994047619047,7.765,1.0768835930339136,8.11199428026692
Paper,0.136,,1,0.058388941849380364,0.136,9,0.0009007352941176,9.755,0.858645801986157,10.07761105815062
Bioplastic,0.2525,,1,0.08412774070543375,0.2525,7,0.00069900990099,7.647,1.3713305720942273,8.168372259294568
Metal,0.262,,1,0.22473784556720686,0.262,5,0.0017996183206106,5.057,0.8068046381916923,6.037262154432794
Ceramic,0.8815,,1,0.5042897998093423,0.8815,5,0.0012002268859897,3.884,1.4587371825209021,6.377210200190658
Glass,0.268,,1,0.19161105815061966,0.268,6,0.0015,6.196,0.9190323635174894,7.07638894184938
Glass,0.8305,,1,0.5936606291706388,0.8305,6,0.0014996989765201,4.509,1.1972713529856387,7.236839370829361
Plastic,0.863,,1,0.8639180171591992,0.8630000000000001,2,0.0021002317497103,-0.625,0.8953043564258518,2.9990819828408006
Glass,0.809,,1,0.5784080076263108,0.8089999999999999,6,0.0015,4.573,1.1924977165741584,7.230591992373689
Bioplastic,0.8355,,1,0.278836987607245,0.8355,7,0.0007001795332136,6.83,2.205434071464519,8.556663012392754
Bioplastic,0.433,,1,0.1444232602478551,0.433,7,0.0006997690531177,7.394,1.7715171606864275,8.288576739752145
Glass,0.7565,,1,0.5407530981887513,0.7565000000000001,6,0.0014996695307336,4.731,1.180641969798408,7.215746901811249
Plastic,0.3375,,1,0.3377025738798856,0.3375,2,0.0020992592592592,1.583,0.7710715452466514,2.9997974261201144
Ceramic,0.113,,1,0.06458531935176359,0.11299999999999999,5,0.0011991150442477,5.729,0.6865739936287285,6.048414680648236
Plastic,0.058,,1,0.05815061963775024,0.057999999999999996,2,0.002103448275862,2.756,0.3667389993972272,2.9998493803622495
Bioplastic,0.4335,,1,0.14466158245948524,0.4335,7,0.0007001153402537,7.393,1.7718351841028637,8.288838417540514
Paper,0.9145,,0,0.392278360343184,0.9145,9,0.0008999453253143,7.354,1.8576888071262587,9.522221639656816
Ceramic,0.9205,,1,0.5264537654909438,0.9205,5,0.0011998913633894,3.791,1.4693821806284713,6.394046234509056
Glass,0.2795,,1,0.19995233555767397,0.27949999999999997,6,0.0015008944543828,6.161,0.9318147147624344,7.079547664442326
Bioplastic,0.0955,,1,0.03193517635843661,0.0955,7,0.0007015706806282,7.866,0.7238403179190752,8.063564823641565
Ceramic,0.771,,1,0.44089609151572934,0.771,5,0.0011997405966277,4.15,1.4254124074726822,6.33010390848427
Paper,0.7235,,1,0.3102955195424214,0.7235,9,0.0008997926744989,8.698,1.7633631505576208,10.413204480457578
Bioplastic,0.8895,,1,0.29671115347950433,0.8895,7,0.0006998313659359,6.755,2.2421855100324395,8.592788846520495
Paper,0.933,,1,0.4001429933269781,0.933,9,0.0008997856377277,8.321,1.8654665014771754,10.532857006673021
Bioplastic,0.536,,1,0.17874165872259296,0.536,7,0.0006996268656716,7.25,1.9229274965800276,8.357258341277406
Plastic,0.1385,,1,0.13870352716873213,0.1385,2,0.0021010830324909,2.418,0.5802176517571885,2.999796472831268
Glass,0.676,,1,0.48331744518589137,0.6759999999999999,6,0.0015,4.972,1.158888707305115,7.192682554814109
Plastic,0.6845,,0,0.6851763584366063,0.6845,2,0.0021000730460189,-0.875,0.8717786681235962,1.9993236415633935
Ceramic,0.686,,1,0.392278360343184,0.686,5,0.0011997084548104,4.354,1.3935205267234705,6.293721639656816
Plastic,0.949,,1,0.9499523355576741,0.9490000000000001,2,0.0021001053740779,-0.9860000000000002,0.9038505538405666,2.9990476644423256
Bioplastic,0.2745,,1,0.0915157292659676,0.2745,7,0.0006994535519125,7.616,1.4333026381284222,8.182984270734032
Paper,0.647,,1,0.2776453765490944,0.647,9,0.0009003091190108,8.835,1.713247507257352,10.369354623450906
Ceramic,0.447,,0,0.255719733079123,0.44699999999999995,5,0.0012002237136465,3.927,1.2566072624949751,5.191280266920877
Paper,0.1515,,1,0.06506196377502384,0.1515,9,0.0009009900990099,9.727,0.9178371354317064,10.086438036224976
Bioplastic,0.157,,1,0.052430886558627265,0.157,7,0.0007006369426751,7.78,1.0299749843652282,8.104569113441373
Paper,0.2535,,1,0.10867492850333652,0.2535,9,0.0008994082840236,9.544,1.2148081315669255,10.144825071496664
Ceramic,0.966,,1,0.5524308865586273,0.966,5,0.0011997929606625,3.682,1.4806165984804207,6.413569113441373
Ceramic,0.4095,,1,0.23427073403241183,0.4095,5,0.0012002442002442,5.017,1.225054898046485,6.175229265967587
Ceramic,0.424,,1,0.24261201143946617,0.42400000000000004,5,0.0012004716981132,4.982,1.2375514746800222,6.181387988560534
Bioplastic,0.155,,1,0.0517159199237369,0.155,7,0.0007,7.783,1.0216462456801758,8.103284080076264
Plastic,0.251,,1,0.25119161105815063,0.251,2,0.0020996015936254,1.946,0.7147095548317046,2.999808388941849
Bioplastic,0.5295,,1,0.17659675881792183,0.5295,7,0.000699716713881,7.259,1.9143391349302084,8.352903241182076
Ceramic,0.938,,1,0.536463298379409,0.9380000000000001,5,0.0011998933901918,3.749,1.473769190444095,6.401536701620591
Plastic,0.397,,1,0.3972831267874166,0.397,2,0.0020994962216624,1.333,0.7983379660692035,2.9997168732125834
Metal,0.0695,,0,0.05958055290753098,0.06949999999999999,5,0.0017985611510791,4.75,0.4355167264038231,5.009919447092469
Glass,0.971,,1,0.694232602478551,0.9710000000000001,6,0.0014999999999999,4.087,1.2225637640280864,7.276767397521449
Glass,0.363,,1,0.25953288846520495,0.363,6,0.0015,5.911,1.0096433779663265,7.103467111534795
Glass,0.839,,1,0.5998570066730219,0.8390000000000001,6,0.0015,4.4830000000000005,1.1988163181911056,7.239142993326978
Glass,0.324,,1,0.23164918970448048,0.324,6,0.0015,6.0280000000000005,0.9769359011210117,7.092350810295519
Plastic,0.622,,1,0.6224976167778837,0.622,2,0.0020996784565916,0.3879999999999999,0.8609024937326824,2.999502383222116
Bioplastic,0.29,,0,0.09675881792183033,0.29,7,0.0007,6.594,1.4738856589147284,7.19324118207817
Glass,0.094,,1,0.06720686367969494,0.094,6,0.0014999999999999,6.718,0.5621778791334093,7.026793136320306
Metal,0.6825,,1,0.5855576739752145,0.6825,5,0.0018,3.543,0.9955398734617257,6.096942326024785
Glass,0.7915,,0,0.5657769304099143,0.7915,6,0.0014996841440303,3.626,1.1888366265750285,6.225723069590086
Bioplastic,0.435,,1,0.14513822688274547,0.43499999999999994,7,0.0007,7.391,1.774509041415516,8.289861773117254
Plastic,0.1995,,0,0.19971401334604386,0.1995,2,0.0021002506265664,1.162,0.6656345419847328,1.9997859866539562
Ceramic,0.9675,,1,0.5533841754051478,0.9675,5,0.0012,3.678,1.4807521155529617,6.414115824594853
Ceramic,0.776,,1,0.4437559580552908,0.776,5,0.0011997422680412,4.138,1.4271107994389902,6.332244041944709
Glass,0.0595,,1,0.04242135367016206,0.0595,6,0.0014957983193277,6.822,0.41777443105756357,7.017078646329838
Glass,0.2355,,1,0.1684938036224976,0.2355,6,0.0015010615711252,6.293,0.8771152139179832,7.067006196377503
Plastic,0.8665,,1,0.867254528122021,0.8664999999999999,2,0.0020998268897864,-0.6389999999999998,0.8958345242201744,2.9992454718779786
Ceramic,0.084,,1,0.048141086749285036,0.08399999999999999,5,0.0012023809523809,5.798,0.5670270270270269,6.035858913250714
Bioplastic,0.8095,,1,0.2700190657769304,0.8095000000000001,7,0.0006998147004323,6.867,2.187725106273348,8.53948093422307
Metal,0.271,,1,0.23260247855100097,0.271,5,0.00180073800738,5.024,0.814786471768415,6.038397521448999
Paper,0.424,,1,0.18183984747378457,0.42400000000000004,9,0.0008997641509433,9.237,1.5044004735328937,10.242160152526214
Paper,0.3355,,1,0.14394661582459486,0.3355,9,0.0009001490312965,9.396,1.3753008987885893,10.191553384175405
Paper,0.6695,,1,0.2871782650142994,0.6695,9,0.000899925317401,8.795,1.7291776437276865,10.3823217349857
Plastic,0.214,,1,0.21425166825548142,0.21400000000000002,2,0.0021004672897196,2.101,0.6809828606097376,2.9997483317445184
Plastic,0.8895,,1,0.890371782650143,0.8895,2,0.0021000562113546,-0.7360000000000002,0.8981475599191452,2.999128217349857
Bioplastic,0.3725,,1,0.12416587225929458,0.3725,7,0.0006993288590604,7.479,1.6617159260046779,8.248334127740705
Metal,0.122,,1,0.10462345090562442,0.122,5,0.0017991803278688,5.561,0.5962170976007454,6.017376549094376
Ceramic,0.6945,,1,0.3972831267874166,0.6945,5,0.0012001439884809,4.333,1.3965887089044378,6.297216873212583
Bioplastic,0.5005,,1,0.1670638703527169,0.5005,7,0.0007002997002997,7.299,1.8740835266821343,8.333436129647282
Ceramic,0.471,,1,0.26930409914204,0.471,5,0.0011995753715498,4.87,1.2753717088280847,6.20169590085796
Plastic,0.1475,,1,0.14775977121067685,0.14750000000000002,2,0.0021016949152542,2.38,0.5953347441323587,2.999740228789323
Ceramic,0.93,,1,0.5319351763584367,0.93,5,0.0012,3.768,1.4716699351335043,6.398064823641563
Ceramic,0.4445,,1,0.25428979980934224,0.4445,5,0.0012002249718785,4.933,1.2546226288174356,6.190210200190657
Bioplastic,0.419,,1,0.13989513822688274,0.41900000000000004,7,0.0007004773269689,7.413,1.7465964633419433,8.279104861773117
Metal,0.965,,1,0.8279313632030506,0.9650000000000001,5,0.0018,2.526,1.0399476063283337,6.13706863679695
Bioplastic,0.6395,,1,0.21329837940896093,0.6395,7,0.0006997654417513,7.105,2.0411851513768444,8.426201620591039
Bioplastic,0.788,,0,0.26286939942802673,0.788,7,0.0006998730964467,5.897,2.171580191777223,7.525130600571973
Metal,0.077,,1,0.06601525262154434,0.077,5,0.0017987012987012,5.723,0.46381280505311506,6.010984747378456
Metal,0.9,,1,0.7721639656816016,0.9,5,0.0018,2.76,1.0319160563996064,6.127836034318399
Glass,0.223,,1,0.15943755958055292,0.223,6,0.0015,6.331,0.8595517178026824,7.063562440419447
Paper,0.3685,,1,0.15800762631077217,0.3685,9,0.000899592944369,9.337,1.428252355440606,10.210492373689227
Metal,0.7865,,1,0.6746901811248809,0.7865,5,0.0017997457088366,3.169,1.0152445702331876,6.11180981887512
Bioplastic,0.535,,0,0.17850333651096284,0.5349999999999999,7,0.0007,6.251,1.9209823720691424,7.356496663489037
Plastic,0.6515,,0,0.6520495710200191,0.6515,2,0.0020997697620874,-0.7360000000000002,0.866299277474965,1.9994504289799808
Glass,0.5785,,1,0.4137273593898952,0.5785,6,0.0015004321521175,5.264,1.126083688996103,7.164772640610105
Glass,0.476,,1,0.340324118207817,0.476,6,0.0015,5.572,1.0810218662048061,7.135675881792183
Bioplastic,0.24,,1,0.08007626310772165,0.24,7,0.0007,7.664,1.3327686606670195,8.159923736892278
Plastic,0.139,,1,0.13918017159199236,0.13899999999999998,2,0.0021007194244604,2.416,0.5811518533280191,2.9998198284080075
Paper,0.135,,1,0.05791229742612012,0.135,9,0.0009,9.757,0.8549049200120736,10.07708770257388
Paper,0.907,,0,0.3891801715919924,0.907,9,0.0009002205071664,7.367,1.8541225762447624,9.517819828408008
Bioplastic,0.977,,1,0.3260247855100096,0.977,7,0.0007001023541453,6.632,2.2932938017453566,8.650975214489991
Metal,0.5925,,1,0.5083412774070544,0.5925,5,0.0018,3.867,0.9739598840398026,6.084158722592946
Bioplastic,0.426,,1,0.14204003813155386,0.426,7,0.0006995305164319,7.404,1.760039385584876,8.283959961868446
Paper,0.866,,0,0.3715443279313632,0.866,9,0.0009001154734411,7.441,1.8365187506317597,9.494455672068636
Metal,0.6155,,0,0.5281220209723547,0.6155,5,0.0018001624695369,2.784,0.9799051449385339,5.087377979027645
Ceramic,0.4655,,1,0.26620591039084845,0.4655,5,0.0011997851772287,4.883,1.2711427827671482,6.199294089609152
Glass,0.5355,,1,0.3829837940896092,0.5355000000000001,6,0.001500466853408,5.393,1.1087328530543767,7.15251620591039
Ceramic,0.9125,,1,0.5219256434699714,0.9125,5,0.0012,3.81,1.4672171980380135,6.390574356530029
Ceramic,0.4545,,1,0.26000953288846523,0.4545,5,0.0012002200220022,4.909,1.262466569575003,6.194490467111535
Plastic,0.2915,,1,0.2917063870352717,0.2915,2,0.0020994854202401,1.776,0.7441798491117059,2.9997936129647282
Ceramic,0.3005,,1,0.17183031458531936,0.3005,5,0.0011996672212978,5.279,1.1054690513764684,6.12866968541468
Ceramic,0.2045,,1,0.11701620591039086,0.2045,5,0.001200488997555,5.509,0.9423259389413572,6.08748379408961
Plastic,0.2735,,0,0.2738322211630124,0.27349999999999997,2,0.0021005484460694,0.851,0.7316116282034935,1.9996677788369874
Glass,0.3145,,1,0.224976167778837,0.3145,6,0.0015007949125596,6.056,0.9677632736872983,7.089523832221163
Metal,0.5435,,1,0.46639656816015257,0.5435,5,0.0018003679852805,4.043,0.9595750231423039,6.077103431839848
Plastic,0.556,,1,0.5564823641563394,0.5559999999999999,2,0.0020998201438848,0.665,0.8469382124446379,2.9995176358436604
Bioplastic,0.454,,1,0.15157292659675883,0.454,7,0.0007004405286343,7.364,1.8046456991284576,8.302427073403242
Glass,0.603,,0,0.4311248808388942,0.603,6,0.0015,4.191,1.1353262137664901,6.171875119161106
Plastic,0.6295,,1,0.6301239275500478,0.6295,2,0.0021000794281175,0.3559999999999998,0.8621823997910953,2.9993760724499525
Metal,0.069,,0,0.05910390848427074,0.06899999999999999,5,0.0017971014492753,4.752,0.43367884961054515,5.00989609151573
Plastic,0.493,,1,0.4935653002859867,0.493,2,0.0021004056795131,0.9289999999999998,0.8305741588372278,2.9994346997140133
Glass,0.6135,,1,0.4387511916110582,0.6134999999999999,6,0.0015004074979625,5.159,1.1387445810846675,7.174748808388942
Metal,0.2595,,0,0.22259294566253576,0.2595,5,0.0017996146435452,4.066,0.8044193262411348,5.0369070543374646
Ceramic,0.907,,1,0.5188274547187798,0.907,5,0.0012001102535832,3.823,1.4656751136101056,6.38817254528122
Metal,0.6275,,1,0.53836987607245,0.6275000000000001,5,0.0018,3.741,0.9829724482938849,6.08913012392755
Paper,0.329,,1,0.14108674928503337,0.329,9,0.0008996960486322,9.408,1.364654013444049,10.187913250714967
Plastic,0.079,,1,0.07912297426120116,0.079,2,0.0021012658227848,2.668,0.441037786056413,2.999877025738799
Paper,0.5105,,0,0.21901811248808392,0.5105000000000001,9,0.0009000979431929,8.081,1.6002226206484387,9.291481887511916
Bioplastic,0.653,,1,0.2178265014299333,0.653,7,0.0006998468606431,7.086,2.054580083983203,8.435173498570068
Bioplastic,0.7825,,1,0.2609628217349857,0.7825,7,0.0006996805111821,6.905,2.1678132840353888,8.521537178265014
Bioplastic,0.617,,1,0.20591039084842708,0.617,7,0.0007001620745542,7.136,2.016930507946401,8.411089609151574
Plastic,0.506,,1,0.5064346997140133,0.506,2,0.0020998023715415,0.875,0.8343849720977757,2.999565300285987
Metal,0.213,,0,0.18279313632030506,0.213,5,0.001800469483568,4.233,0.7532007416146974,5.030206863679695
Bioplastic,0.2385,,1,0.0795996186844614,0.2385,7,0.0007002096436058,7.666,1.327953821656051,8.158900381315538
Paper,0.27,,0,0.11582459485224024,0.27,9,0.0009,8.514,1.2510159010600705,9.15417540514776
Plastic,0.386,,1,0.3863203050524309,0.386,2,0.0020997409326424,1.379,0.7937155738508281,2.9996796949475693
Bioplastic,0.2895,,1,0.0965204957102002,0.2895,7,0.0006994818652849,7.595,1.473128789716226,8.1929795042898
Metal,0.1275,,1,0.10938989513822689,0.1275,5,0.0018,5.541,0.6089119053038925,6.018110104861774
Metal,0.348,,1,0.29861773117254525,0.348,5,0.0018002873563218,4.747,0.8730168599784766,6.049382268827455
Plastic,0.169,,1,0.16920877025738798,0.16899999999999998,2,0.0021005917159763,2.29,0.6277655807365439,2.999791229742612
Glass,0.081,,1,0.05791229742612012,0.081,6,0.0015,6.757,0.5129429520072442,7.02308770257388
Glass,0.628,,0,0.4489990467111535,0.628,6,0.0014999999999999,4.116,1.1438999826358742,6.179000953288846
Bioplastic,0.1255,,1,0.04194470924690181,0.1255,7,0.0007011952191235,7.824,0.8841470785762257,8.083555290753097
Paper,0.293,,1,0.12559580552907532,0.29300000000000004,9,0.0008993174061433,9.473,1.2987830128882316,10.167404194470924
Paper,0.8275,,1,0.35510009532888465,0.8275,9,0.0009003021148036,8.51,1.818281315458735,10.472399904671116
Metal,0.867,,1,0.7438036224976168,0.867,5,0.0017998846597462,2.879,1.0274902558888324,6.123196377502383
Paper,0.4515,,1,0.19375595805529075,0.45149999999999996,9,0.0009003322259136,9.187,1.5369901022229433,10.257744041944708
Bioplastic,0.5885,,1,0.19637750238322213,0.5885,7,0.0007000849617672,7.176,1.9856432936635573,8.392122497616779
Glass,0.202,,1,0.1444232602478551,0.202,6,0.0015,6.394,0.8264352574102964,7.057576739752145
Bioplastic,0.234,,1,0.07816968541468065,0.23399999999999999,7,0.0007008547008547,7.672,1.313354735152488,8.15583031458532
Bioplastic,0.1285,,1,0.04289799809342231,0.1285,7,0.0007003891050583,7.82,0.8992428285523681,8.085602001906576
Paper,0.7945,,0,0.3408007626310772,0.7945,9,0.0008999370673379,7.57,1.8024016003460206,9.453699237368921
Paper,0.9755,,1,0.41849380362249766,0.9755,9,0.0009000512557662,8.244,1.8814111049825335,10.557006196377502
Ceramic,0.251,,0,0.1434699714013346,0.251,5,0.0011992031872509,4.398,1.03092795614722,5.107530028598665
Bioplastic,0.905,,1,0.30195424213536703,0.905,7,0.0007,6.7330000000000005,2.251500059290881,8.603045757864635
Bioplastic,0.916,,1,0.3055290753098189,0.916,7,0.0006997816593886,6.718,2.2587776210625297,8.610470924690182
Metal,0.1665,,1,0.14275500476644423,0.1665,5,0.0017987987987987,5.401,0.6858766935008835,6.023744995233556
Paper,0.727,,0,0.3119637750238322,0.727,9,0.0009002751031636,7.691,1.7647182691195187,9.415036224976168
Bioplastic,0.4,,0,0.13346043851286943,0.4,7,0.0007,6.44,1.7133523887300937,7.266539561487131
Metal,0.1795,,1,0.15395614871306007,0.1795,5,0.0017994428969359,5.354,0.7068149399399399,6.02554385128694
Plastic,0.9605,,1,0.96139180171592,0.9605,2,0.0020999479437792,-1.0339999999999998,0.9049438656367881,2.9991081982840804
Glass,0.7205,,0,0.5152526215443279,0.7205,6,0.001500346981263,3.838,1.171063681437868,6.205247378455672
Ceramic,0.7455,,1,0.4263584366062917,0.7455,5,0.0011998658618376,4.211,1.4163352349904919,6.319141563393708
Glass,0.9375,,1,0.6701620591039085,0.9375,6,0.0014997333333333,4.188000000000001,1.2172762718158188,7.267337940896091
Plastic,0.09,,1,0.09008579599618685,0.09,2,0.0021,2.622,0.47347041123370104,2.999914204003813
Plastic,0.5525,,1,0.5531458531935177,0.5525,2,0.0021004524886877,0.6789999999999998,0.8459060059840909,2.9993541468064824
Paper,0.2225,,1,0.09556720686367971,0.2225,9,0.0009011235955056,9.599,1.1377163051425785,10.126932793136321
Glass,0.7775,,1,0.5560057197330792,0.7775000000000001,6,0.0015003215434083,4.667,1.1852030807236795,7.221494280266921
Glass,0.147,,1,0.10510009532888466,0.147,6,0.0015,6.559,0.7167232163606785,7.041899904671116
Bioplastic,0.876,,0,0.29218303145853197,0.876,7,0.0006997716894977,5.774,2.2336509479824986,7.583816968541468
Paper,0.6395,,1,0.27430886558627265,0.6395,9,0.0008999218139171,8.849,1.708482108748249,10.365191134413728
Ceramic,0.145,,1,0.08293612964728313,0.145,5,0.0012,5.652,0.7926263678999479,6.062063870352716
Glass,0.342,,1,0.24451858913250718,0.34199999999999997,6,0.0015,5.974,0.9926895406751519,7.097481410867492
Bioplastic,0.289,,1,0.0965204957102002,0.28900000000000003,7,0.0007006920415224,7.595,1.470584525830706,8.1924795042898
Ceramic,0.4885,,0,0.27931363203050524,0.4885,5,0.0011995905834186,3.828,1.2878524754963556,5.209186367969495
Plastic,0.085,,0,0.08508102955195425,0.08499999999999999,2,0.0021,1.643,0.45925830543394275,1.9999189704480458
Metal,0.312,,1,0.2676358436606292,0.312,5,0.0017996794871794,4.877,0.8486658887592377,6.0443641563393715
Plastic,0.14,,0,0.14013346043851288,0.13999999999999999,2,0.0021,1.412,0.5830091306073838,1.9998665395614872
Bioplastic,0.429,,1,0.1432316491897045,0.429,7,0.0007004662004662,7.399,1.7637507348618457,8.285768350810296
Paper,0.6635,,0,0.284556720686368,0.6635,9,0.0008997739261492,7.806,1.7253631631135347,9.378943279313631
Metal,0.2095,,1,0.17969494756911344,0.20950000000000002,5,0.001799522673031,5.246,0.7490303340149966,6.029805052430887
Ceramic,0.9505,,0,0.5436129647283128,0.9505000000000001,5,0.0011998947922146,2.719,1.476819225357328,5.406887035271687
Ceramic,0.519,,1,0.29694947569113445,0.519,5,0.0012003853564547,4.754,1.3074711815561957,6.222050524308866
Glass,0.7065,,1,0.5050047664442326,0.7065,6,0.0014996461429582,4.881,1.1677593949420941,7.201495233555767
Paper,0.077,,0,0.03312678741658723,0.077,9,0.0009025974025974,8.861,0.5783959899749374,9.043873212583414
Plastic,0.3225,,1,0.32292659675881796,0.3225,2,0.0021007751937984,1.645,0.7625436718133664,2.9995734032411816
Paper,0.333,,1,0.14275500476644423,0.333,9,0.0008993993993993,9.401,1.371753387001767,10.190244995233556
Ceramic,0.574,,1,0.3284080076263108,0.5740000000000001,5,0.0012003484320557,4.622,1.3398442367601247,6.245591992373689
Glass,0.4065,,1,0.2907530981887512,0.40650000000000003,6,0.00150061500615,5.78,1.0402988533788728,7.115746901811249
Bioplastic,0.104,,1,0.03479504289799809,0.10400000000000001,7,0.000701923076923,7.854,0.7715417256011315,8.069204957102
Glass,0.7015,,1,0.5014299332697808,0.7015,6,0.0014996436208125,4.896,1.1663869075923283,7.20007006673022
Plastic,0.865,,1,0.8658245948522403,0.865,2,0.0021,-0.633,0.8956077579825297,2.99917540514776
Ceramic,0.612,,1,0.3500953288846521,0.612,5,0.0012001633986928,4.531,1.3597119559462034,6.261904671115348
Bioplastic,0.8125,,1,0.27097235462345093,0.8125,7,0.0006996923076923,6.863,2.1901901580367467,8.541527645376549
Bioplastic,0.7045,,1,0.2349857006673022,0.7045,7,0.0006997870830376,7.014,2.10307484348321,8.469514299332698
Plastic,0.5745,,0,0.575071496663489,0.5745,2,0.0021000870322019,-0.4129999999999998,0.8510209701334464,1.9994285033365111
Ceramic,0.56,,0,0.3203050524308866,0.5599999999999999,5,0.0012,3.656,1.3323656157858923,5.239694947569113
Glass,0.1195,,1,0.08531935176358436,0.11950000000000001,6,0.0014979079497907,6.642,0.6448328189300412,7.034180648236416
Ceramic,0.7515,,1,0.4299332697807436,0.7515,5,0.0012002661343978,4.196,1.4181030760928222,6.321566730219256
Metal,0.156,,1,0.13393708293612966,0.156,5,0.001801282051282,5.438,0.6668459657701711,6.02206291706387
Glass,0.1085,,1,0.07769304099142041,0.1085,6,0.0015023041474654,6.674,0.6106035407725321,7.03080695900858
Plastic,0.4615,,1,0.4618684461391802,0.4615,2,0.0020996749729144,1.062,0.8213666440447913,2.99963155386082
Plastic,0.9865,,0,0.9873689227836034,0.9865,2,0.0020998479472883,-2.143,0.9072357866128962,1.9991310772163966
Metal,0.137,,1,0.1174928503336511,0.137,5,0.0017992700729927,5.507,0.6299057637519175,6.0195071496663495
Glass,0.146,,1,0.10438512869399429,0.146,6,0.0015,6.562,0.7143376865671641,7.041614871306006
Ceramic,0.2365,,1,0.13536701620591038,0.23650000000000002,5,0.0012008456659619,5.432,1.0048136897529365,6.10113298379409
Bioplastic,0.639,,1,0.21329837940896093,0.639,7,0.0007003129890453,7.105,2.039589228662711,8.425701620591038
Ceramic,0.9005,,0,0.5150142993326978,0.9005000000000001,5,0.001199888950583,2.839,1.464193598387972,5.385485700667302
Ceramic,0.569,,0,0.32554814108674934,0.5690000000000001,5,0.0012003514938488,3.634,1.3370990143369177,5.24345185891325
Glass,0.9055,,1,0.6472831267874167,0.9055,6,0.0014997239094422,4.284,1.2117227962750348,7.258216873212583
Metal,0.641,,1,0.550047664442326,0.641,5,0.0018003120124804,3.692,0.9860815368822409,6.090952335557674
Metal,0.628,,1,0.5388465204957102,0.628,5,0.0018001592356687,3.739,0.983021711557114,6.08915347950429
Plastic,0.415,,0,0.41539561487130605,0.41500000000000004,2,0.0021,0.2569999999999999,0.805206695644132,1.999604385128694
Ceramic,0.5435,,1,0.31077216396568164,0.5435,5,0.0011996320147194,4.696,1.323117892782548,6.232727836034318
Plastic,0.528,,1,0.528598665395615,0.528,2,0.0021003787878787,0.782,0.8399636032757052,2.999401334604385
Ceramic,0.4985,,1,0.28503336510962823,0.49850000000000005,5,0.0011995987963891,4.804,1.294692993315177,6.213466634890372
Glass,0.9915,,1,0.7087702573879886,0.9914999999999999,6,0.0014997478567826,4.026,1.225935289957567,7.282729742612012
Plastic,0.769,,1,0.7697807435653004,0.769,2,0.0021001300390117,-0.2299999999999999,0.8841308636562911,2.9992192564346998
Bioplastic,0.8955,,1,0.2988560533841754,0.8955,7,0.0007001675041876,6.746,2.245170889101338,8.596643946615824
Bioplastic,0.258,,1,0.08603431839847474,0.258,7,0.0006996124031007,7.639,1.3868408916218296,8.171965681601524
Ceramic,0.1635,,1,0.09342230695900859,0.1635,5,0.0011987767584097,5.608,0.8453006407097092,6.070077693040991
Metal,0.193,,1,0.16563393708293614,0.193,5,0.001800518134715,5.305,0.7265637897003409,6.027366062917063
Metal,0.773,,1,0.6632507149666349,0.773,5,0.001800129366106,3.217,1.0127733716355463,6.109749285033365
Plastic,0.8055,,1,0.8062440419447093,0.8055,2,0.0020999379267535,-0.383,0.8888334297585861,2.9992559580552904
Glass,0.3615,,1,0.2585795996186845,0.36150000000000004,6,0.0015006915629322,5.915,1.008144357304267,7.102920400381316
Ceramic,0.092,,0,0.052669208770257395,0.092,5,0.0012010869565217,4.779,0.6026100530752418,5.039330791229742
Metal,0.57,,0,0.48903717826501436,0.5700000000000001,5,0.0018,2.948,0.9676808545072019,5.080962821734986
Bioplastic,0.0855,,1,0.028598665395614873,0.08549999999999999,7,0.0007017543859649,7.88,0.6648591549295774,8.056901334604385
Ceramic,0.451,,1,0.25786463298379414,0.45099999999999996,5,0.0011995565410199,4.918,1.2602530633990408,6.193135367016206
Bioplastic,0.4395,,1,0.14656816015252622,0.43949999999999995,7,0.0006996587030716,7.385,1.782468586893485,8.292931839847473
Bioplastic,0.6145,,1,0.2049571020019066,0.6144999999999999,7,0.0006997558991049,7.14,2.015037511722413,8.409542897998094
Glass,0.277,,1,0.198045757864633,0.277,6,0.0015,6.1690000000000005,0.9293874940028787,7.078954242135367
Glass,0.269,,1,0.19232602478551003,0.269,6,0.0015,6.193,0.9202054459481492,7.07667397521449
Glass,0.556,,1,0.39752144899904673,0.5559999999999999,6,0.0015,5.332,1.1175397585744393,7.158478551000953
Bioplastic,0.1755,,1,0.05862726406101049,0.1755,7,0.0007008547008547,7.754,1.1063671874999998,8.116872735938989
Bioplastic,0.8425,,1,0.28098188751191616,0.8425,7,0.0006997032640949,6.821,2.21139121731515,8.561518112488084
Paper,0.3445,,1,0.14775977121067685,0.3445,9,0.000899854862119,9.38,1.3904597922277797,10.196740228789324
Metal,0.2065,,1,0.1770734032411821,0.2065,5,0.0017990314769975,5.257,0.7452898675382761,6.029426596758818
Ceramic,0.4095,,1,0.23427073403241183,0.4095,5,0.0012002442002442,5.017,1.225054898046485,6.175229265967587
Glass,0.9965,,1,0.7125834127740707,0.9964999999999999,6,0.0015002508780732,4.01,1.226335640544345,7.28391658722593
Glass,0.83,,1,0.5934223069590087,0.8300000000000001,6,0.0015,4.51,1.1969617816882046,7.236577693040991
Bioplastic,0.6885,,1,0.22974261201143947,0.6885,7,0.0007000726216412,7.036,2.087992194275802,8.458757387988562
Metal,0.7515,,1,0.6446615824594852,0.7515,5,0.0017997338656021,3.295,1.0091832554566984,6.106838417540515
Metal,0.721,,1,0.6186844613918018,0.721,5,0.0018002773925104,3.404,1.00322191272052,6.102315538608198
Paper,0.689,,0,0.2955195424213537,0.689,9,0.000899854862119,7.76,1.7420125331405156,9.393480457578647
Bioplastic,0.907,,1,0.30266920877025744,0.907,7,0.0007001102535832,6.73,2.252469223484848,8.604330791229742
Metal,0.342,,1,0.2933746425166826,0.34199999999999997,5,0.0017997076023391,4.769,0.8694002181025079,6.048625357483317
Bioplastic,0.5795,,1,0.19327931363203052,0.5795,7,0.0006997411561691,7.189,1.975932065659028,8.386220686367968
Ceramic,0.2685,,1,0.1534795042897998,0.2685,5,0.0011992551210428,5.356,1.0592572395637458,6.1150204957102
Paper,0.6535,,1,0.28026692087702576,0.6535,9,0.0008997704667176,8.824,1.7185297066934069,10.373233079122974
Metal,0.5885,,1,0.5050047664442326,0.5885,5,0.0018003398470688,3.881,0.9727196092334358,6.083495233555767
Glass,0.6845,,1,0.48951382268827454,0.6845,6,0.0015003652300949,4.946,1.1611262936610607,7.194986177311725
Ceramic,0.7275,,1,0.4161105815061964,0.7275,5,0.0012,4.254,1.4095816401920946,6.311389418493803
Paper,0.5585,,1,0.23951382268827454,0.5585,9,0.0008997314234556,8.995000000000001,1.644999298048575,10.318986177311725
Bioplastic,0.654,,0,0.21830314585319355,0.654,7,0.0007003058103975,6.084,2.0546451033243485,7.435696854146807
Paper,0.5955,,1,0.2554814108674929,0.5955,9,0.0009000839630562,8.928,1.6751930812550282,10.340018589132507
Glass,0.251,,1,0.17945662535748333,0.251,6,0.0015,6.247,0.8981715845130479,7.071543374642517
Paper,0.668,,1,0.286463298379409,0.6679999999999999,9,0.0008997005988023,8.798,1.7284953132708434,10.38153670162059
Glass,0.2955,,0,0.2111534795042898,0.2955,6,0.0014991539763113,5.114,0.9496920955882351,6.08434652049571
Plastic,0.7185,,1,0.719256434699714,0.7184999999999999,2,0.0021002087682672,-0.0179999999999997,0.8770147777519198,2.9992435653002856
Plastic,0.3015,,0,0.3017159199237369,0.3015,2,0.0020995024875621,0.734,0.7505303749406739,1.999784080076263
Paper,0.5345,,1,0.22926596758817921,0.5345,9,0.0008999064546304,9.038,1.623307759119861,10.30523403241182
Glass,0.6825,,1,0.48784556720686373,0.6825,6,0.0014996336996336,4.952999999999999,1.1610192167355873,7.194654432793136
Paper,0.2435,,1,0.10438512869399429,0.2435,9,0.0008993839835728,9.562,1.191378264925373,10.139114871306004
Bioplastic,0.35,,1,0.11677788369876073,0.35,7,0.0007,7.51,1.614555848724714,8.233222116301238
Plastic,0.189,,1,0.18922783603431842,0.189,2,0.0021005291005291,2.206,0.6534640738299273,2.9997721639656816
Ceramic,0.3555,,1,0.20328884652049573,0.35550000000000004,5,0.0011997187060478,5.147,1.1721499292786424,6.152211153479504
Metal,0.476,,0,0.40848427073403243,0.476,5,0.0018004201680672,3.286,0.9361154855643044,5.067515729265968
Paper,0.323,,1,0.138465204957102,0.323,9,0.0008993808049535,9.419,1.354495302818309,10.184534795042898
Ceramic,0.2065,,0,0.11820781696854148,0.2065,5,0.0012009685230024,4.504,0.9463455657492355,5.0882921830314585
Plastic,0.973,,1,0.9740228789323165,0.9730000000000001,2,0.0021002055498458,-1.0869999999999995,0.9059397328362846,2.9989771210676834
Paper,0.905,,1,0.3882268827454719,0.905,9,0.0009,8.371,1.8536463926584008,10.516773117254527
Bioplastic,0.97,,0,0.32364156339370836,0.97,7,0.0007,5.642,2.289671467146714,7.646358436606292
Ceramic,0.466,,0,0.26644423260247857,0.466,5,0.0011995708154506,3.882,1.2716805411030176,5.199555767397522
Plastic,0.895,,1,0.8958531935176359,0.8949999999999999,2,0.0021,-0.7589999999999999,0.8987268463121618,2.999146806482364
Glass,0.5405,,1,0.3863203050524309,0.5405,6,0.0014995374653098,5.379,1.1114074291874936,7.154179694947569
Ceramic,0.6265,,0,0.3584366062917064,0.6265,5,0.0012003192338387,3.496,1.3666011644832603,5.268063393708293
Ceramic,0.845,,1,0.48331744518589137,0.845,5,0.0012,3.972,1.4486108841313938,6.3616825548141085
Ceramic,0.6945,,1,0.3972831267874166,0.6945,5,0.0012001439884809,4.333,1.3965887089044378,6.297216873212583
Paper,0.433,,0,0.18565300285986655,0.433,9,0.0008995381062355,8.221,1.515825129317537,9.247346997140133
Ceramic,0.8145,,0,0.46591992373689234,0.8145,5,0.0012001227747084,3.045,1.4392495578202642,5.348580076263107
Bioplastic,0.29,,0,0.09675881792183033,0.29,7,0.0007,6.594,1.4738856589147284,7.19324118207817
Plastic,0.829,,1,0.8298379408960916,0.829,2,0.0021001206272617,-0.4820000000000002,0.891553208939922,2.999162059103908
Paper,0.439,,1,0.18827454718779793,0.43899999999999995,9,0.0008997722095671,9.21,1.5228538359788357,10.250725452812203
Glass,0.8255,,1,0.5903241182078169,0.8255000000000001,6,0.0015003028467595,4.523,1.1958150935579648,7.235175881792183
Plastic,0.3255,,1,0.3257864632983794,0.3255,2,0.0020998463901689,1.633,0.7644677040188067,2.9997135367016203
Ceramic,0.346,,0,0.19780743565300285,0.346,5,0.0011994219653179,4.17,1.1618245838668375,5.1481925643469975
Bioplastic,0.2635,,1,0.08794089609151573,0.26349999999999996,7,0.0007001897533206,7.631,1.4020365204159266,8.175559103908485
Paper,0.5415,,1,0.23236415633937083,0.5415,9,0.0009002770083102,9.025,1.6292370572207084,10.309135843660629
Paper,0.0805,,1,0.03455672068636797,0.0805,9,0.0009006211180124,9.855,0.5982607155508324,10.045943279313633
Bioplastic,0.758,,1,0.2528598665395615,0.758,7,0.0006998680738786,6.939,2.148161556125895,8.505140133460438
Paper,0.455,,1,0.1951858913250715,0.45499999999999996,9,0.0009,9.181,1.5414015824317777,10.259814108674929
Metal,0.4815,,0,0.41301239275500484,0.48150000000000004,5,0.0017995846313603,3.267,0.9385738177088171,5.068487607244996
Paper,0.181,,0,0.07769304099142041,0.181,9,0.0009005524861878,8.674,1.018610515021459,9.10330695900858
Glass,0.627,,1,0.44828408007626314,0.627,6,0.0015,5.119,1.1435677649308875,7.178715919923737
Metal,0.7825,,0,0.6713536701620592,0.7825,5,0.0018,2.183,1.0144503491318049,5.111146329837941
Metal,0.518,,0,0.4444709246901811,0.518,5,0.001800193050193,3.135,0.9513822988706996,5.073529075309819
Plastic,0.6585,,1,0.6591992373689228,0.6585,2,0.0021002277904328,0.2339999999999999,0.8673612506278251,2.9993007626310773
Bioplastic,0.3365,,0,0.11224976167778837,0.3365,7,0.0006998514115898,6.529,1.5853963620031442,7.224250238322211
Metal,0.4445,,1,0.38131553860819833,0.4445,5,0.0017997750281214,4.4,0.923510596157655,6.063184461391801
Ceramic,0.696,,1,0.39799809342230696,0.696,5,0.0011997126436781,4.33,1.3975957120980091,6.298001906577693
Paper,0.389,,1,0.16682554814108674,0.389,9,0.0008997429305912,9.3,1.4578813862093607,10.222174451858912
Plastic,0.555,,1,0.5555290753098189,0.5549999999999999,2,0.0021,0.669,0.8466443685014178,2.999470924690181
Metal,0.4905,,1,0.42087702573879887,0.49050000000000005,5,0.0018002038735983,4.234,0.9416810029282577,6.069622974261201
Glass,0.572,,1,0.40896091515729266,0.572,6,0.0015,5.284,1.1238584004495222,7.1630390848427075
Metal,0.515,,0,0.4418493803622498,0.515,5,0.0018,3.146,0.9504486277269527,5.07315061963775
Bioplastic,0.892,,1,0.29766444232602485,0.892,7,0.0007001121076233,6.751,2.243097207239602,8.594335557673976
Glass,0.7835,,1,0.5600571973307913,0.7835,6,0.0014996809189534,4.65,1.1870183419988445,7.223442802669209
Plastic,0.743,,0,0.7438036224976168,0.743,2,0.002100269179004,-1.121,0.8805366322092301,1.999196377502383
Ceramic,0.7145,,1,0.4087225929456626,0.7144999999999999,5,0.0012001399580125,4.285,1.4044982666541739,6.305777407054338
Plastic,0.2805,,1,0.280743565300286,0.2805,2,0.0020998217468805,1.822,0.7367163244867302,2.999756434699714
Bioplastic,0.5705,,0,0.19041944709246905,0.5705,7,0.0007002629272567,6.201,1.9644001312982111,7.380080552907531
Paper,0.3965,,0,0.1701620591039085,0.39649999999999996,9,0.0009003783102143,8.286,1.4676376146788987,9.22633794089609
Metal,0.9085,,1,0.7795519542421354,0.9085000000000001,5,0.001800220143093,2.729,1.0329122635885764,6.1289480457578644
Bioplastic,0.991,,1,0.33055290753098193,0.991,7,0.0006997981836528,6.613,2.3016915753348828,8.660447092469017
Bioplastic,0.38,,1,0.12678741658722595,0.38,7,0.0007,7.468,1.6755779739386296,8.253212583412774
Plastic,0.6845,,0,0.6851763584366063,0.6845,2,0.0021000730460189,-0.875,0.8717786681235962,1.9993236415633935
Paper,0.877,,1,0.3763107721639657,0.877,9,0.000900228050171,8.421,1.8412348644050835,10.500689227836036
Glass,0.707,,1,0.5054814108674929,0.7070000000000001,6,0.0015,4.879,1.167665905691569,7.201518589132507
Glass,0.086,,1,0.06148713060057198,0.086,6,0.0015,6.742,0.5325501770956316,7.0245128693994285
Metal,0.987,,1,0.8467588179218304,0.9869999999999999,5,0.0017998986828774,2.447,1.0425041534511401,6.14024118207817
Metal,0.4565,,0,0.39156339370829363,0.4565,5,0.0017995618838992,3.357,0.9286696402598662,5.064936606291706
Paper,0.1395,,1,0.05981887511916111,0.1395,9,0.0008996415770609,9.749,0.8728631076647778,10.079681124880839
Ceramic,0.929,,1,0.5314585319351763,0.9289999999999999,5,0.0012002152852529,3.77,1.471197161835749,6.397541468064824
Paper,0.626,,1,0.26858913250714966,0.626,9,0.0009001597444089,8.873,1.6983680331048754,10.357410867492849
Glass,0.827,,0,0.5912774070543375,0.827,6,0.0014999999999999,3.519,1.1963359304971384,6.235722592945662
Glass,0.6975,,1,0.4985700667302193,0.6975,6,0.0014996415770609,4.908,1.1652771141901577,7.19892993326978
Bioplastic,0.7945,,1,0.2650142993326978,0.7945,7,0.0006998112020138,6.888,2.1766270566727606,8.529485700667301
Ceramic,0.751,,0,0.42945662535748336,0.751,5,0.0011997336884154,3.198,1.4184353619013321,5.321543374642517
Glass,0.8145,,1,0.5822211630123928,0.8145,6,0.0014996930632289,4.557,1.1938943617690212,7.232278836987607
Paper,0.5085,,0,0.2180648236415634,0.5085,9,0.0008997050147492,8.085,1.5987307058294618,9.290435176358436
Glass,0.345,,1,0.24666348903717827,0.34500000000000003,6,0.0014999999999999,5.965,0.9952014299463772,7.098336510962821
Glass,0.397,,1,0.28384175405147766,0.397,6,0.0015,5.809,1.0342803924003474,7.113158245948522
Metal,0.178,,0,0.15276453765490944,0.178,5,0.0018005617977528,4.359,0.704212709786913,5.0252354623450906
Bioplastic,0.6415,,1,0.2140133460438513,0.6415,7,0.0006999220576773,7.102,2.042906800242865,8.42748665395615
Bioplastic,0.349,,1,0.1165395614871306,0.34900000000000003,7,0.0007005730659025,7.511,1.6117147259520141,8.23246043851287
Glass,0.3825,,1,0.2733555767397522,0.3825,6,0.0014993464052287,5.853,1.0244925315970892,7.109144423260248
Metal,0.4765,,1,0.4087225929456626,0.4765,5,0.0017995802728226,4.285,0.9366597957462756,6.067777407054337
Bioplastic,0.878,,1,0.2928979980934224,0.8779999999999999,7,0.0006998861047835,6.771,2.2346766953778956,8.585102001906577
Metal,0.758,,1,0.6503813155386082,0.758,5,0.0018001319261213,3.271,1.0101530839103094,6.107618684461392
Metal,0.849,,0,0.7283126787416588,0.849,5,0.0017997644287396,1.944,1.024975256070894,5.120687321258341
Metal,0.7945,,1,0.6816015252621545,0.7945,5,0.0017998741346758,3.14,1.0165026222710087,6.112898474737846
Ceramic,0.432,,1,0.2471401334604385,0.43200000000000005,5,0.0012002314814814,4.963,1.244454208430592,6.184859866539562
Metal,0.934,,1,0.8012392755004767,0.9339999999999999,5,0.0017997858672376,2.638,1.0363507510048655,6.132760724499524
Paper,0.98,,0,0.42040038131553864,0.9800000000000001,9,0.0009,7.236,1.8831654149111559,9.559599618684462
Ceramic,0.89,,1,0.5090562440419447,0.89,5,0.0012,3.864,1.4612771951792143,6.380943755958055
Plastic,0.5385,,1,0.5390848427073404,0.5385,2,0.002100278551532,0.738,0.8426111276849642,2.9994151572926597
Metal,0.2485,,1,0.21329837940896093,0.2485,5,0.0018008048289738,5.105,0.7931735889243876,6.035201620591039
Ceramic,0.642,,1,0.367254528122021,0.642,5,0.0012001557632398,4.459,1.3739834744465982,6.27474547187798
Metal,0.869,,1,0.7454718779790277,0.869,5,0.0017997698504027,2.872,1.0278283910249182,6.123528122020972
Bioplastic,0.145,,1,0.048379408960915166,0.145,7,0.0007,7.797,0.9772245422422099,8.096620591039084
Bioplastic,0.6945,,1,0.23164918970448048,0.6945,7,0.0006997840172786,7.0280000000000005,2.094080195458465,8.462850810295519
Glass,0.4815,,1,0.34413727359389895,0.48150000000000004,6,0.0014994807892004,5.556,1.0841242755956213,7.137362726406102
Ceramic,0.583,,1,0.3334127740705434,0.583,5,0.0011998284734133,4.601,1.3451380182558008,6.2495872259294565
Glass,0.8095,,1,0.5788846520495711,0.8095000000000001,6,0.0015003088326127,4.571,1.192396966931124,7.230615347950429
Paper,0.4695,,1,0.20138226882745472,0.46950000000000003,9,0.0008998935037273,9.155,1.5578222362802467,10.268117731172545
Paper,0.0675,,1,0.028836987607244995,0.0675,9,0.0008962962962962,9.879,0.5239178690344063,10.038663012392755
Metal,0.939,,0,0.8055290753098189,0.9390000000000001,5,0.0017997870074547,1.62,1.036962838193494,5.133470924690181
Bioplastic,0.197,,1,0.06577693040991421,0.197,7,0.0007005076142131,7.724,1.1883438757906843,8.131223069590085
Paper,0.6925,,1,0.29694947569113445,0.6925,9,0.0008996389891696,8.754,1.744554514889529,10.395550524308867
Glass,0.1895,,1,0.13560533841754052,0.1895,6,0.0015013192612137,6.431,0.8043111470766741,7.05389466158246
Paper,0.518,,1,0.22211630123927553,0.518,9,0.0008996138996138,9.068,1.6081148268718555,10.295883698760726
Bioplastic,0.212,,1,0.07078169685414681,0.21200000000000002,7,0.0007004716981132,7.703,1.241350823332403,8.141218303145854
Plastic,0.6305,,1,0.6310772163965682,0.6305,2,0.0020999206978588,0.3519999999999998,0.8624260007823704,2.999422783603432
Ceramic,0.935,,1,0.5347950428979982,0.9349999999999999,5,0.0012,3.756,1.4729163538068777,6.400204957102002
Paper,0.05,,1,0.021448999046711156,0.05,9,0.0009,9.91,0.41169544740973313,10.02855100095329
Glass,0.998,,1,0.7135367016205911,0.998,6,0.0015,4.006,1.226742441996719,7.284463298379409
Plastic,0.9875,,1,0.988322211630124,0.9875,2,0.002099746835443,-1.1470000000000002,0.9073599614592913,2.9991777883698756
Glass,0.698,,1,0.4990467111534795,0.6980000000000001,6,0.0014999999999999,4.906000000000001,1.1651845957988543,7.198953288846521
Ceramic,0.5285,,1,0.30219256434699715,0.5285,5,0.0011996215704824,4.732,1.3140471675752547,6.226307435653003
Paper,0.2515,,0,0.10795996186844616,0.2515,9,0.0009005964214711,8.547,1.209367407746963,9.143540038131555
Metal,0.6765,,1,0.5803145853193518,0.6765,5,0.0017997043606799,3.565,0.9943929096896238,6.096185414680648
Paper,0.824,,1,0.35343183984747384,0.8240000000000001,9,0.0008998786407766,8.517,1.8172521812256912,10.470568160152526
Paper,0.478,,1,0.2049571020019066,0.47800000000000004,9,0.0008995815899581,9.14,1.5674335729915598,10.273042897998094
Plastic,0.6665,,0,0.6670638703527169,0.6665,2,0.0020997749437359,-0.7989999999999999,0.8688976573665569,1.9994361296472833
Metal,0.225,,1,0.1930409914204004,0.225,5,0.0018,5.19,0.7678106701366297,6.031959008579599
Ceramic,0.259,,0,0.14823641563393708,0.259,5,0.0012007722007722,4.378,1.0433602150537635,5.1107635843660635
Plastic,0.8995,,0,0.9003813155386082,0.8995,2,0.0021000555864369,-1.778,0.8991571374118542,1.9991186844613915
Plastic,0.981,,1,0.9818875119161107,0.9810000000000001,2,0.0020998980632008,-1.12,0.9067486122125298,2.999112488083889
Plastic,0.7715,,1,0.7721639656816016,0.7715,2,0.002099805573558,-0.2400000000000002,0.8845813750136626,2.9993360343183983
Bioplastic,0.0585,,1,0.019542421353670163,0.058499999999999996,7,0.0007008547008547,7.918,0.4893660287081339,8.03895757864633
Plastic,0.3285,,1,0.328884652049571,0.3285,2,0.0021004566210045,1.62,0.765940208935319,2.999615347950429
Ceramic,0.5175,,1,0.29599618684461393,0.5175,5,0.0012,4.758,1.3068307655272027,6.221503813155386
Plastic,0.2915,,1,0.2917063870352717,0.2915,2,0.0020994854202401,1.776,0.7441798491117059,2.9997936129647282
Paper,0.74,,1,0.3174451858913251,0.74,9,0.0009,8.668,1.7726878282712948,10.422554814108675
Ceramic,0.2175,,0,0.1244041944709247,0.21749999999999997,5,0.0012,4.478,0.9692332200509769,5.093095805529075
Ceramic,0.6445,,1,0.3686844613918017,0.6445000000000001,5,0.001200155159038,4.453,1.3751255974778807,6.275815538608198
Plastic,0.1655,,1,0.16563393708293614,0.1655,2,0.0020996978851963,2.305,0.6230378611160955,2.999866062917064
Paper,0.069,,0,0.02955195424213537,0.06899999999999999,9,0.0008985507246376,8.876,0.5326048565121412,9.039448045757865
Plastic,0.9965,,1,0.9973784556720686,0.9964999999999999,2,0.002099849473156,-1.1849999999999996,0.9080732311167092,2.9991215443279318
Paper,0.446,,1,0.19137273593898954,0.446,9,0.0009002242152466,9.197,1.5306854245051529,10.25462726406101
Metal,0.8185,,0,0.7023355576739753,0.8185,5,0.0018002443494196,2.053,1.0201467355789224,5.116164442326025
Glass,0.262,,1,0.1873212583412774,0.262,6,0.0015,6.214,0.9118712674187127,7.074678741658723
Glass,0.583,,0,0.4168255481410868,0.583,6,0.0015,4.251,1.128040210273909,6.166174451858914
Bioplastic,0.2365,,1,0.07888465204957103,0.23650000000000002,7,0.0006997885835095,7.669,1.3220810018651745,8.15761534795043
Plastic,0.511,,1,0.511439466158246,0.511,2,0.0020998043052837,0.8540000000000001,0.8357327720611163,2.999560533841754
Glass,0.7805,,1,0.5579122974261201,0.7805,6,0.0014996796925048,4.659,1.1863283344200535,7.22258770257388
Paper,0.9435,,1,0.4046711153479504,0.9435,9,0.000899841017488,8.302,1.8695343785417455,10.53882888465205
Glass,0.3815,,0,0.2728789323164919,0.3815,6,0.0015006553079947,4.855,1.0231202863351654,6.108621067683508
Paper,0.29,,1,0.1244041944709247,0.29,9,0.0009,9.478,1.2923109600679694,10.165595805529074
Paper,0.471,,1,0.2020972354623451,0.471,9,0.000900212314225,9.152,1.5591006626696116,10.268902764537655
Ceramic,0.6645,,1,0.3801239275500477,0.6645,5,0.0012001504890895,4.405,1.3840176710016874,6.284376072449953
Metal,0.896,,0,0.7688274547187798,0.8960000000000001,5,0.0018002232142857,1.774,1.0312749615975425,5.12717254528122
Plastic,0.6325,,1,0.6329837940896093,0.6325000000000001,2,0.002099604743083,0.3439999999999998,0.8629113018597997,2.999516205910391
Bioplastic,0.197,,1,0.06577693040991421,0.197,7,0.0007005076142131,7.724,1.1883438757906843,8.131223069590085
Bioplastic,0.4385,,0,0.1463298379408961,0.4385,7,0.0007001140250855,6.386,1.7801335139318883,7.292170162059104
Bioplastic,0.6515,,1,0.21734985700667303,0.6515,7,0.0006999232540291,7.088,2.0529393211174525,8.434150142993328
Paper,0.497,,0,0.21329837940896093,0.497,9,0.0009004024144869,8.105,1.5863471778487752,9.283701620591039
Paper,0.5015,,0,0.21520495710200194,0.5015,9,0.0009002991026919,8.097,1.5910282776349611,9.286295042897999
Ceramic,0.732,,0,0.4187321258341277,0.732,5,0.0012001366120218,3.2430000000000003,1.4111329596618578,5.313267874165873
Bioplastic,0.5155,,0,0.17206863679694948,0.5155000000000001,7,0.0007002909796314,6.2780000000000005,1.894742466713385,7.343431363203051
Metal,0.9,,0,0.7721639656816016,0.9,5,0.0018,1.7599999999999998,1.0319160563996064,5.127836034318399
Metal,0.7685,,1,0.659437559580553,0.7685,5,0.0018002602472348,3.233,1.01193309483462,6.1090624404194465
Metal,0.2475,,1,0.21234509056244044,0.2475,5,0.0018,5.109,0.7923927971921257,6.035154909437559
Paper,0.519,,1,0.22259294566253576,0.519,9,0.0008998073217726,9.066,1.6088386524822695,10.296407054337465
Ceramic,0.2675,,1,0.15300285986653958,0.26749999999999996,5,0.0012,5.358,1.0573003014318008,6.1144971401334605
Glass,0.276,,1,0.19733079122974262,0.27599999999999997,6,0.0015,6.172,0.9282590573901891,7.078669208770258
Bioplastic,0.3025,,1,0.10081029551954243,0.3025,7,0.000699173553719,7.577,1.5063968668407308,8.201689704480458
Bioplastic,0.134,,1,0.0448045757864633,0.134,7,0.0007014925373134,7.812,0.9253851217906518,8.089195424213537
Glass,0.191,,1,0.136558627264061,0.191,6,0.0014999999999999,6.427,0.8074108402176103,7.054441372735939
Glass,0.297,,1,0.21234509056244044,0.29700000000000004,6,0.0015,6.109,0.950871356630551,7.0846549094375595
Glass,0.874,,1,0.624880838894185,0.874,6,0.0015,4.378,1.2057154129405576,7.249119161105814
Ceramic,0.3805,,1,0.21758817921830317,0.3805,5,0.0011997371879106,5.087,1.1980924508479662,6.162911820781696
Plastic,0.996,,0,0.9969018112488084,0.9960000000000001,2,0.0020998995983935,-2.183,0.9080119932212228,1.9990981887511916
Metal,0.775,,1,0.6649189704480458,0.775,5,0.0018,3.21,1.0131792123629113,6.110081029551955
Ceramic,0.295,,1,0.16873212583412775,0.29500000000000004,5,0.0012,5.292,1.0977474281660164,6.1262678741658725
Paper,0.78,,1,0.334604385128694,0.78,9,0.0009,8.596,1.7947356876508005,10.445395614871305
Glass,0.645,,1,0.46115347950428986,0.645,6,0.0015,5.065,1.149418160197061,7.18384652049571
Glass,0.264,,1,0.18875119161105816,0.264,6,0.0015,6.208,0.9142819412347309,7.075248808388942
Plastic,0.814,,1,0.8148236415633938,0.8140000000000001,2,0.0021001228501228,-0.419,0.8897889855676548,2.999176358436606
Metal,0.396,,1,0.3398474737845567,0.396,5,0.001800505050505,4.574,0.9003120936280885,6.056152526215444
Ceramic,0.195,,0,0.11153479504289801,0.195,5,0.0012,4.532,0.9218341595313204,5.083465204957102
Bioplastic,0.8015,,1,0.2673975214489991,0.8015000000000001,7,0.0006999376169681,6.878,2.1815607161390766,8.534102478551002
Ceramic,0.933,,1,0.5336034318398475,0.933,5,0.0011998928188638,3.761,1.4725299029564434,6.399396568160152
Bioplastic,0.929,,1,0.31005719733079123,0.9289999999999999,7,0.0007002152852529,6.699,2.2655376031616874,8.61894280266921
Paper,0.5355,,1,0.22974261201143947,0.5355000000000001,9,0.0009000933706816,9.036,1.6239939288811795,10.305757387988562
Paper,0.4495,,1,0.1928026692087703,0.4495,9,0.0008998887652947,9.191,1.5351636008464917,10.25669733079123
Plastic,0.3505,,0,0.35081029551954246,0.3505,2,0.0020998573466476,0.528,0.7774888982871643,1.9996897044804574
Metal,0.181,,1,0.15538608198284082,0.181,5,0.0018011049723756,5.348,0.7087308697275101,6.025613918017159
Paper,0.1335,,1,0.057197330791229746,0.1335,9,0.0008988764044943,9.76,0.849251061249242,10.07630266920877
Paper,0.377,,1,0.16182078169685418,0.377,9,0.0009005305039787,9.321,1.4399162570544326,10.215179218303147
Glass,0.913,,1,0.6527645376549095,0.913,6,0.0015,4.261,1.2128626606724497,7.260235462345091
Ceramic,0.8175,,1,0.46758817921830315,0.8175000000000001,5,0.0012,4.038,1.4403048370843132,6.3499118207816965
Paper,0.8795,,1,0.3772640610104862,0.8795,9,0.0008999431495167,8.417,1.8427953660241683,10.502235938989514
Metal,0.732,,1,0.6279790276453765,0.732,5,0.0017998633879781,3.365,1.0055234727951288,6.104020972354624
Ceramic,0.0685,,0,0.03908484270734033,0.0685,5,0.0011970802919708,4.836,0.4925051405071967,5.02941515729266
Bioplastic,0.357,,1,0.11916110581506197,0.357,7,0.0007002801120448,7.5,1.6289386689865157,8.237838894184938
Glass,0.295,,1,0.2109151572926597,0.29500000000000004,6,0.0015,6.115,0.9488118963667024,7.08408484270734
Ceramic,0.3075,,0,0.17588179218303146,0.3075,5,0.0012,4.2620000000000005,1.1146078092605392,5.1316182078169685
Ceramic,0.7375,,0,0.4218303145853194,0.7375,5,0.0012,3.23,1.413294665692364,5.31566968541468
Metal,0.4625,,0,0.3968064823641564,0.4625,5,0.0018,3.335,0.9309459848412165,5.065693517635844
Metal,0.297,,1,0.2547664442326025,0.29700000000000004,5,0.0017996632996632,4.931,0.8371704957678356,6.042233555767397
Glass,0.4245,,1,0.3036224976167779,0.4245,6,0.0015005889281507,5.726,1.0517253188474254,7.120877502383222
Plastic,0.9925,,0,0.9933269780743567,0.9925,2,0.0020997481108312,-2.168,0.9077796669282413,1.9991730219256434
Paper,0.2445,,0,0.10486177311725453,0.2445,9,0.0008997955010224,8.56,1.1934876686831084,9.139638226882745
Glass,0.466,,1,0.33317445185891326,0.466,6,0.0014999999999999,5.602,1.0757790492957748,7.132825548141087
Plastic,0.299,,1,0.29933269780743565,0.29900000000000004,2,0.0021003344481605,1.744,0.7487491047982814,2.9996673021925644
Paper,0.7215,,1,0.309580552907531,0.7215,9,0.0009002079002079,8.701,1.761558245083207,10.411919447092469
Ceramic,0.309,,0,0.17683508102955198,0.309,5,0.0012006472491909,4.258,1.1161880165289253,5.132164918970449
Bioplastic,0.579,,0,0.19327931363203052,0.579,7,0.0007003454231433,6.189,1.974227206240858,7.38572068636797
Metal,0.9215,,1,0.7905147759771212,0.9215,5,0.001799782962561,2.683,1.0347947331798961,6.130985224022879
Ceramic,0.737,,1,0.4215919923736892,0.737,5,0.0012001356852103,4.231,1.4129818148588138,6.315408007626311
Glass,0.727,,0,0.5197807435653004,0.727,6,0.0015,3.819,1.172995462585557,6.2072192564346995
Metal,0.254,,1,0.2178265014299333,0.254,5,0.0017992125984251,5.086,0.7991781643671265,6.036173498570066
Glass,0.909,,1,0.649904671115348,0.909,6,0.0015,4.273,1.2121540710608276,7.259095328884651
Ceramic,0.859,,1,0.4914204003813155,0.859,5,0.0012002328288707,3.938,1.4524355254674404,6.367579599618685
Plastic,0.411,,1,0.4113441372735939,0.41100000000000003,2,0.0020997566909975,1.274,0.8037639821029082,2.999655862726406
Ceramic,0.5505,,1,0.3148236415633937,0.5505,5,0.0011998183469573,4.679,1.3270699758703897,6.2356763584366055
Plastic,0.2435,,1,0.24380362249761678,0.2435,2,0.0021006160164271,1.977,0.7082531540274505,2.9996963775023833
Plastic,0.1185,,1,0.11868446139180172,0.11850000000000001,2,0.0021012658227848,2.502,0.5418766346992153,2.9998155386081984
Glass,0.947,,0,0.6770734032411821,0.9470000000000001,6,0.0015,3.159,1.218675090474146,6.269926596758818
Paper,0.9175,,1,0.39346997140133466,0.9175000000000001,9,0.0008997275204359,8.349,1.8592823336231046,10.524030028598666
Glass,0.225,,0,0.16086749285033367,0.225,6,0.0015,5.325,0.8625068518180157,6.064132507149666
Glass,0.706,,1,0.5047664442326025,0.706,6,0.0014999999999999,4.882,1.1673928121059267,7.201233555767397
Bioplastic,0.6005,,1,0.20042897998093423,0.6005,7,0.0007002497918401,7.159,1.9988085038870382,8.400071020019066
Plastic,0.2175,,0,0.21758817921830317,0.21749999999999997,2,0.0020988505747126,1.087,0.6848491670418728,1.9999118207816966
Metal,0.999,,1,0.8570066730219257,0.999,5,0.0017997997997997,2.404,1.0438798685128001,6.141993326978074
Ceramic,0.308,,1,0.1761201143946616,0.308,5,0.0011996753246753,5.261,1.1154565855342653,6.131879885605338
Glass,0.837,,1,0.5984270734032412,0.837,6,0.0015,4.489,1.19840715211902,7.238572926596759
Ceramic,0.3625,,1,0.20734032411820782,0.3625,5,0.0012,5.13,1.1794742555831264,6.155159675881792
Paper,0.518,,1,0.22211630123927553,0.518,9,0.0008996138996138,9.068,1.6081148268718555,10.295883698760726
Glass,0.093,,1,0.06649189704480458,0.093,6,0.0015,6.721,0.5585857429144001,7.026508102955195
Paper,0.537,,0,0.23045757864632985,0.537,9,0.0009003724394785,8.033,1.6250194720900044,9.30654242135367
Plastic,0.306,,1,0.3062440419447092,0.306,2,0.0020996732026143,1.715,0.7532418162618797,2.9997559580552906
Glass,0.5555,,1,0.3972831267874166,0.5555,6,0.0015004500450045,5.333,1.117069874436883,7.1582168732125835
Bioplastic,0.7905,,1,0.2638226882745472,0.7905,7,0.0007001897533206,6.893,2.172761692650334,8.526677311725452
Glass,0.065,,0,0.04647283126787417,0.065,6,0.0015,5.805,0.4437683045883501,6.018527168732126
Paper,0.198,,1,0.08484270734032412,0.198,9,0.0008989898989898,9.644,1.07118102114492,10.113157292659677
Metal,0.13,,1,0.11153479504289801,0.13,5,0.0018,5.532,0.6145561063542135,6.018465204957102
Metal,0.4235,,0,0.363441372735939,0.42350000000000004,5,0.0018004722550177,3.475,0.9138156947444205,5.060058627264061
Paper,0.759,,1,0.32554814108674934,0.759,9,0.0008998682476943,8.634,1.7835819892473117,10.433451858913251
Ceramic,0.109,,1,0.06244041944709248,0.10900000000000001,5,0.0012018348623853,5.738,0.6710152582159625,6.046559580552907
Paper,0.8025,,1,0.34413727359389895,0.8025,9,0.0008996884735202,8.556000000000001,1.8068737926593688,10.4583627264061
Paper,0.3915,,1,0.16801715919923738,0.3915,9,0.0009003831417624,9.295,1.46072736973146,10.223482840800763
Ceramic,0.85,,1,0.48617731172545287,0.85,5,0.0012,3.96,1.450073182631322,6.363822688274547
Plastic,0.442,,1,0.4423260247855101,0.442,2,0.0020995475113122,1.144,0.8150079100017577,2.99967397521449
Metal,0.81,,1,0.6949475691134414,0.8099999999999999,5,0.0018,3.084,1.0189351241156013,6.115052430886558
Metal,0.4825,,0,0.4139656816015253,0.48250000000000004,5,0.0018,3.263,0.9387786330334785,5.068534318398474
Ceramic,0.9015,,1,0.5157292659675883,0.9015000000000001,5,0.0012002218524681,3.836,1.4641175104505342,6.385770734032413
Plastic,0.6135,,1,0.6141563393708294,0.6134999999999999,2,0.0021002444987775,0.423,0.8590555963425215,2.9993436606291706
Metal,0.9425,,1,0.8086272640610105,0.9425000000000001,5,0.0018,2.607,1.037279022189582,6.133872735938989
Paper,0.575,,1,0.24666348903717827,0.575,9,0.0009,8.965,1.6586690499106282,10.32833651096282
Glass,0.35,,1,0.25023832221163017,0.35,6,0.0015,5.95,0.9993195427327161,7.099761677788369
Bioplastic,0.8585,,1,0.286463298379409,0.8585,7,0.0007000582411182,6.798,2.221426985693143,8.57203670162059
Ceramic,0.99,,1,0.5662535748331745,0.99,5,0.0012,3.624,1.485920732579768,6.423746425166826
Bioplastic,0.6315,,0,0.21067683508102958,0.6315000000000001,7,0.0006999208234362,6.116,2.032658791040196,7.42082316491897
Ceramic,0.744,,0,0.42564346997140134,0.744,5,0.0012002688172043,3.214,1.4154080522306856,5.318356530028598
Paper,0.162,,0,0.06959008579599618,0.162,9,0.0009012345679012,8.708,0.9552445193929174,9.092409914204005
Glass,0.29,,1,0.20734032411820782,0.29,6,0.0015,6.13,0.9435794044665011,7.082659675881792
Glass,0.764,,1,0.546234509056244,0.764,6,0.0014999999999999,4.708,1.182233367753356,7.217765490943756
Plastic,0.685,,1,0.6856530028598665,0.6849999999999999,2,0.0021,0.1230000000000002,0.871886185767154,2.9993469971401336
Bioplastic,0.9355,,0,0.3122020972354624,0.9355,7,0.000700160342063,5.69,2.2695178075855686,7.623297902764538
Bioplastic,0.119,,1,0.0397998093422307,0.119,7,0.0007016806722689,7.833,0.851217183770883,8.079200190657769
Metal,0.7415,,1,0.6360819828408009,0.7415,5,0.0017997302764666,3.331,1.0073606164605322,6.1054180171592
Ceramic,0.504,,0,0.28836987607244996,0.504,5,0.0012003968253968,3.79,1.2977319587628864,5.21563012392755
Metal,0.4435,,0,0.38060057197330793,0.44349999999999995,5,0.0018004509582863,3.403,0.922803729048894,5.062899428026692
Paper,0.5555,,0,0.23832221163012393,0.5555,9,0.0009000900090009,8.0,1.6419258946182023,9.317177788369877
Paper,0.982,,1,0.42135367016205916,0.982,9,0.0009002036659877,8.232,1.8835582373377215,10.56064632983794
Metal,0.6215,,1,0.5331267874165873,0.6214999999999999,5,0.0017996781979082,3.763,0.9816359256192124,6.088373212583413
Metal,0.51,,1,0.43755958055290756,0.51,5,0.0018,4.164,0.9487320446887746,6.0724404194470925
Bioplastic,0.533,,1,0.17778836987607247,0.533,7,0.0006998123827392,7.254,1.9187268359643102,8.355211630123929
Ceramic,0.5855,,1,0.3348427073403241,0.5855,5,0.001199829205807,4.595,1.3464638824947934,6.2506572926596755
Ceramic,0.9075,,1,0.5190657769304099,0.9075,5,0.0012,3.822,1.4659185401909456,6.38843422306959
Bioplastic,0.7255,,1,0.24213536701620592,0.7255,7,0.0007002067539627,6.984,2.120505711897464,8.483364632983795
Glass,0.296,,1,0.21163012392755007,0.296,6,0.0015,6.112,0.9498439889874578,7.08436987607245
Paper,0.269,,1,0.11534795042897998,0.269,9,0.0008996282527881,9.516,1.2491412129260737,10.15365204957102
Metal,0.598,,1,0.5131077216396569,0.5980000000000001,5,0.0018001672240802,3.847,0.9753587809997668,6.084892278360343
Paper,0.196,,1,0.08412774070543375,0.196,9,0.0009005102040816,9.647,1.064478384675123,10.111872259294566
Glass,0.087,,0,0.06220209723546235,0.087,6,0.0015,5.739,0.5363679106670584,6.024797902764537
Glass,0.2515,,1,0.17969494756911344,0.2515,6,0.0014990059642147,6.246,0.8991939331970007,7.071805052430887
Paper,0.8945,,1,0.3836987607244996,0.8945000000000001,9,0.0008999441028507,8.39,1.849291486007095,10.510801239275501
Metal,0.77,,1,0.6606291706387035,0.77,5,0.0018,3.228,1.0123198395788946,6.109370829361296
Paper,0.525,,0,0.22521448999046711,0.525,9,0.0009,8.055,1.6143192144218088,9.299785510009533
Ceramic,0.4055,,1,0.2318875119161106,0.40549999999999997,5,0.0011997533908754,5.027,1.221799511704725,6.173612488083889
Plastic,0.497,,1,0.49737845567206873,0.497,2,0.002099597585513,0.9129999999999998,0.8319684034149843,2.999621544327931
Paper,0.89,,1,0.38179218303145857,0.89,9,0.0009,8.398,1.8472694895132569,10.508207816968541
Plastic,0.855,,1,0.8558150619637751,0.8550000000000001,2,0.0021,-0.5910000000000002,0.8945245100483719,2.9991849380362248
Glass,0.7185,,1,0.513584366062917,0.7184999999999999,6,0.0014996520528879,4.845000000000001,1.1709881146585877,7.204915633937083
Paper,0.509,,0,0.21830314585319355,0.509,9,0.0008998035363457,8.084,1.5991045223120695,9.290696854146807
Glass,0.939,,1,0.6713536701620592,0.9390000000000001,6,0.0015,4.183,1.217340418958166,7.267646329837941
Metal,0.349,,1,0.29933269780743565,0.34900000000000003,5,0.0017994269340974,4.744,0.8739579851993317,6.049667302192565
Bioplastic,0.0905,,1,0.03026692087702574,0.0905,7,0.0007016574585635,7.873,0.6947274057811929,8.060233079122973
Plastic,0.149,,1,0.1491897044804576,0.149,2,0.0021006711409395,2.374,0.5979380260137719,2.9998102955195423
Ceramic,0.625,,1,0.3574833174451859,0.625,5,0.0012,4.5,1.3661700354240467,6.267516682554814
Paper,0.111,,1,0.04766444232602479,0.11100000000000002,9,0.0009009009009009,9.8,0.7517043253712072,10.063335557673977
Ceramic,0.532,,1,0.30433746425166824,0.532,5,0.0012001879699248,4.723,1.3157326417540964,6.2276625357483315
Ceramic,0.058,,1,0.03312678741658723,0.057999999999999996,5,0.0011982758620689,5.861,0.4356749015395631,6.024873212583413
Plastic,0.458,,1,0.45853193517635843,0.458,2,0.0021004366812227,1.076,0.8200068271036013,2.999468064823642
Bioplastic,0.835,,1,0.2785986653956149,0.835,7,0.0007,6.831,2.205501699609719,8.556401334604386
Plastic,0.4065,,1,0.40681601525262157,0.40650000000000003,2,0.0020996309963099,1.293,0.8020662089720682,2.9996839847473784
Bioplastic,0.089,,1,0.02979027645376549,0.089,7,0.0007022471910112,7.875,0.6857216305545353,8.059209723546235
Glass,0.3765,,1,0.26906577693040995,0.3765,6,0.0014993359893758,5.871,1.0201433552886476,7.10743422306959
Paper,0.7365,,1,0.31601525262154434,0.7365,9,0.0009002036659877,8.674,1.7703677818515122,10.420484747378454
Plastic,0.5115,,1,0.5119161105815062,0.5115000000000001,2,0.002099706744868,0.8519999999999999,0.8358988939087086,2.999583889418494
Ceramic,0.5315,,1,0.3040991420400382,0.5315000000000001,5,0.0012003762935089,4.724,1.315271290398679,6.227400857959962
Paper,0.1935,,1,0.08293612964728313,0.1935,9,0.0008992248062015,9.652,1.0577462219906202,10.110563870352717
Glass,0.721,,1,0.515490943755958,0.721,6,0.0014999999999999,4.837,1.1714225973824828,7.205509056244042
Metal,0.9055,,1,0.776930409914204,0.9055,5,0.001800110436223,2.74,1.0325790846831178,6.128569590085796
Glass,0.729,,1,0.521210676835081,0.729,6,0.0014999999999999,4.813000000000001,1.1735149236553364,7.207789323164919
Bioplastic,0.692,,0,0.2309342230695901,0.692,7,0.0007001445086705,6.031,2.0910499783955063,7.46106577693041
Ceramic,0.8045,,1,0.46020019065776935,0.8045,5,0.0012001243008079,4.069,1.4360937632944777,6.344299809342231
Bioplastic,0.22,,0,0.07340324118207818,0.22000000000000003,7,0.0007,6.692,1.268719076415613,7.146596758817922
Ceramic,0.466,,1,0.26644423260247857,0.466,5,0.0011995708154506,4.882,1.2716805411030176,6.199555767397522
Ceramic,0.32,,0,0.1830314585319352,0.32,5,0.0012,4.232,1.130616369147861,5.1369685414680655
Paper,0.834,,1,0.357721639656816,0.834,9,0.0008998800959232,8.499,1.8220681037175883,10.476278360343183
Bioplastic,0.3175,,0,0.10605338417540515,0.3175,7,0.0007007874015748,6.555,1.5408628267406894,7.2114466158245945
Paper,0.6755,,1,0.2897998093422307,0.6755,9,0.000900074019245,8.784,1.7329408168256297,10.385700190657769
Bioplastic,0.826,,0,0.27550047664442323,0.826,7,0.0006997578692493,5.844,2.19973089616654,7.550499523355576
Plastic,0.4115,,0,0.41182078169685415,0.41150000000000003,2,0.0020996354799513,0.272,0.8039923635686348,1.999679218303146
Plastic,0.4385,,1,0.4389895138226883,0.4385,2,0.0021003420752565,1.158,0.8135594269543684,2.9995104861773116
Paper,0.4745,,0,0.20352716873212584,0.47450000000000003,9,0.000899894625922,8.146,1.563286746231156,9.270972831267875
Glass,0.4995,,1,0.3570066730219257,0.4995,6,0.0014994994994994,5.502,1.0929818523153942,7.142493326978075
Plastic,0.308,,1,0.30838894184938037,0.308,2,0.0021006493506493,1.706,0.7541830065359477,2.9996110581506192
Bioplastic,0.227,,1,0.07578646329837942,0.227,7,0.0007004405286343,7.682,1.2913394793926245,8.15121353670162
Bioplastic,0.4555,,1,0.1520495710200191,0.45549999999999996,7,0.0007003293084522,7.362,1.8071841906202717,8.303450428979982
Metal,0.5115,,0,0.4387511916110582,0.5115000000000001,5,0.0017996089931573,3.159,0.949417853667168,5.072748808388941
Metal,0.556,,0,0.4771210676835081,0.5559999999999999,5,0.0018003597122302,2.998,0.9634027089527584,5.078878932316492
Glass,0.43,,1,0.3074356530028599,0.43,6,0.0015,5.71,1.0553813757604118,7.12256434699714
Metal,0.487,,1,0.41777883698760726,0.487,5,0.0017997946611909,4.247,0.9405560158335634,6.069221163012393
Glass,0.835,,1,0.5969971401334605,0.835,6,0.0015,4.495,1.1979963071873077,7.23800285986654
Bioplastic,0.8005,,0,0.2671591992373689,0.8005000000000001,7,0.0007001873828856,5.879,2.1802531481241076,7.533340800762631
Bioplastic,0.6355,,1,0.2121067683508103,0.6355000000000001,7,0.0007002360346184,7.11,2.036162186927306,8.42339323164919
Metal,0.7825,,1,0.6713536701620592,0.7825,5,0.0018,3.183,1.0144503491318049,6.111146329837941
Metal,0.6465,,1,0.5545757864632984,0.6465,5,0.001799690641918,3.673,0.987662564625355,6.091924213536701
Metal,0.519,,0,0.4451858913250715,0.519,5,0.0017996146435452,3.132,0.9519688756775659,5.073814108674928
Paper,0.6395,,1,0.27430886558627265,0.6395,9,0.0008999218139171,8.849,1.708482108748249,10.365191134413728
Paper,0.8045,,1,0.34509056244041947,0.8045,9,0.000899937849596,8.552,1.8074973227671878,10.459409437559582
Glass,0.966,,0,0.6906577693040992,0.966,6,0.0015,3.102,1.2217675428020256,6.275342230695901
Ceramic,0.0655,,1,0.03741658722592946,0.0655,5,0.0011984732824427,5.843,0.4766527922303156,6.028083412774071
Ceramic,0.704,,1,0.40276453765490944,0.704,5,0.001200284090909,4.3100000000000005,1.4002578687902918,6.30123546234509
Glass,0.3845,,0,0.2747855100095329,0.3845,6,0.0014993498049414,4.847,1.0259201322650389,6.109714489990467
Paper,0.9775,,1,0.4194470924690181,0.9775,9,0.0009002557544757,8.24,1.8818085887318776,10.558052907530982
Ceramic,0.368,,1,0.21043851286939944,0.368,5,0.0011997282608695,5.117,1.1854199293720251,6.157561487130601
Plastic,0.1745,,1,0.17469018112488086,0.17450000000000002,2,0.0021002865329512,2.267,0.6352611487072706,2.999809818875119
Paper,0.85,,1,0.36463298379408965,0.85,9,0.0009,8.47,1.8294009027492815,10.48536701620591
Ceramic,0.992,,1,0.5674451858913251,0.992,5,0.0012001008064516,3.619,1.4862643719203028,6.424554814108675
Plastic,0.2695,,1,0.2697807435653003,0.26949999999999996,2,0.0021001855287569,1.868,0.7288102603763855,2.9997192564346995
Ceramic,0.202,,1,0.11558627264061011,0.202,5,0.0012004950495049,5.515,0.9369798806102144,6.08641372735939
Plastic,0.4375,,1,0.43779790276453767,0.4375,2,0.0020994285714285,1.163,0.8135026145528671,2.9997020972354624
Ceramic,0.819,,1,0.46854146806482366,0.819,5,0.0012002442002442,4.034,1.4405281690140843,6.3504585319351765
Glass,0.193,,1,0.13798856053384176,0.193,6,0.0014999999999999,6.421,0.8109633486881634,7.055011439466158
Plastic,0.2975,,0,0.2979027645376549,0.2975,2,0.0021008403361344,0.75,0.7476701006229036,1.999597235462345
Ceramic,0.4655,,1,0.26620591039084845,0.4655,5,0.0011997851772287,4.883,1.2711427827671482,6.199294089609152
Plastic,0.2105,,1,0.21067683508102958,0.2105,2,0.0020997624703087,2.116,0.6775529303467319,2.9998231649189706
Plastic,0.8515,,1,0.8522402287893233,0.8515,2,0.0020998238402818,-0.5760000000000001,0.8942071278406246,2.999259771210677
Plastic,0.203,,1,0.20328884652049573,0.20299999999999999,2,0.0021009852216748,2.147,0.6693289328932893,2.9997111534795042
Plastic,0.5515,,1,0.551954242135367,0.5515,2,0.0020997280145058,0.6840000000000002,0.8459182629039333,2.9995457578646327
Paper,0.709,,1,0.3040991420400382,0.709,9,0.0008998589562764,8.724,1.7545199339466853,10.404900857959962
Plastic,0.102,,1,0.10200190657769305,0.10200000000000001,2,0.0020980392156862,2.572,0.5049457291175082,2.999998093422307
Plastic,0.2215,,1,0.22163965681601527,0.22149999999999997,2,0.002099322799097,2.07,0.6886588618850029,2.9998603431839843
Metal,0.3715,,0,0.3186367969494757,0.3715,5,0.0017994616419919,3.663,0.8874040760560171,5.052863203050524
Bioplastic,0.8035,,1,0.26811248808388943,0.8035,7,0.0007000622277535,6.875,2.1827567007639517,8.53538751191611
Plastic,0.636,,1,0.636558627264061,0.636,2,0.0020998427672955,0.3290000000000002,0.8634750533876918,2.999441372735939
Ceramic,0.083,,0,0.04742612011439467,0.08299999999999999,5,0.0011987951807228,4.801,0.5629938570966697,5.035573879885606
Bioplastic,0.3075,,1,0.1024785510009533,0.3075,7,0.0006991869918699,7.57,1.5186793785310733,8.205021448999048
Plastic,0.1335,,1,0.13369876072449954,0.1335,2,0.0021011235955056,2.439,0.5712482153783398,2.9998012392755005
Glass,0.4345,,0,0.31077216396568164,0.4345,6,0.001500575373993,4.696,1.0577639823624971,6.123727836034318
Plastic,0.2815,,1,0.2816968541468065,0.2815,2,0.0020994671403197,1.818,0.7374962537462536,2.9998031458531935
Metal,0.6405,,0,0.5495710200190658,0.6405000000000001,5,0.0018001561280249,2.694,0.9860353683592605,5.0909289799809345
Bioplastic,1.0,,1,0.3336510962821735,1.0,7,0.0007,6.6,2.3060013189712025,8.666348903717827
Paper,0.2475,,0,0.10629170638703528,0.2475,9,0.0009010101010101,8.554,1.1997573937153418,9.141208293612966
Glass,0.4465,,1,0.31911344137273595,0.4465,6,0.0014994400895856,5.661,1.06534402365518,7.127386558627264
Glass,0.636,,1,0.4547187797902765,0.636,6,0.0015,5.0920000000000005,1.146526894655439,7.181281220209724
Metal,0.1715,,1,0.14704480457578648,0.1715,5,0.0017988338192419,5.383,0.6942060582674127,6.024455195424213
Bioplastic,0.4785,,1,0.15967588179218306,0.47850000000000004,7,0.0007001044932079,7.33,1.8426817180616741,8.318824118207818
Ceramic,0.199,,1,0.11391801715919923,0.199,5,0.0012010050251256,5.522,0.9302629233511588,6.0850819828408005
Metal,0.338,,1,0.2900381315538609,0.33799999999999997,5,0.0018002958579881,4.783,0.866581938164487,6.047961868446139
Ceramic,0.811,,1,0.4637750238322212,0.8109999999999999,5,0.0011997533908754,4.054,1.4385170781197156,6.347224976167778
Glass,0.699,,1,0.4997616777883699,0.6990000000000001,6,0.0015,4.9030000000000005,1.1654629261702298,7.19923832221163
Ceramic,0.9025,,1,0.5162059103908484,0.9025000000000001,5,0.0012,3.834,1.4646078279702972,6.386294089609152
Glass,0.1725,,0,0.12321258341277408,0.17250000000000001,6,0.0014985507246376,5.483,0.7728058936579116,6.049287416587227
Bioplastic,0.5365,,1,0.17897998093422307,0.5365,7,0.000699906803355,7.249,1.9230770545019649,8.357520019065777
Plastic,0.282,,1,0.28217349857006674,0.282,2,0.0020992907801418,1.816,0.7378847592915938,2.9998265014299332
Metal,0.9435,,0,0.809580552907531,0.9435,5,0.0018002119766825,1.6030000000000002,1.037291306398365,5.133919447092469
Ceramic,0.08,,0,0.0457578646329838,0.08,5,0.0012,4.808,0.548855461085677,5.034242135367016
Plastic,0.341,,1,0.34127740705433746,0.341,2,0.002099706744868,1.568,0.7727565348887449,2.9997225929456626
Ceramic,0.9645,,0,0.5517159199237369,0.9644999999999999,5,0.0012001036806635,2.685,1.4799392964236084,5.412784080076263
Bioplastic,0.161,,1,0.05362249761677789,0.161,7,0.0006987577639751,7.775,1.048023580515048,8.10737750238322
Bioplastic,0.266,,1,0.0886558627264061,0.266,7,0.0006992481203007,7.628,1.4099747347145022,8.177344137273593
Ceramic,0.598,,0,0.34199237368922786,0.5980000000000001,5,0.0011998327759197,3.565,1.3529645206513536,5.2560076263107725
Bioplastic,0.9875,,1,0.3295996186844614,0.9875,7,0.0007002531645569,6.617,2.298651947187396,8.657900381315539
Bioplastic,0.217,,1,0.07244995233555768,0.217,7,0.000700460829493,7.696,1.2583360972913211,8.144550047664442
Bioplastic,0.553,,1,0.18446139180171595,0.553,7,0.0006998191681735,7.226,1.944024798927614,8.368538608198286
Bioplastic,0.524,,0,0.17492850333651097,0.524,7,0.0007003816793893,6.266,1.9059500693481275,7.349071496663489
Paper,0.847,,1,0.363441372735939,0.8470000000000001,9,0.0009002361275088,8.475,1.827631389488841,10.48355862726406
Metal,0.2355,,1,0.2020972354623451,0.2355,5,0.0018004246284501,5.152,0.7795503313348058,6.033402764537655
Glass,0.624,,1,0.44613918017159204,0.624,6,0.0015,5.128,1.142565892825973,7.177860819828408
Plastic,0.417,,1,0.417302192564347,0.417,2,0.002099520383693,1.249,0.8061052243619277,2.999697807435653
Paper,0.169,,0,0.07244995233555768,0.16899999999999998,9,0.0008994082840236,8.696,0.9799944720840241,9.096550047664444
Metal,0.6705,,1,0.5753098188751192,0.6705,5,0.001800149142431,3.586,0.9928776115189157,6.09519018112488
Glass,0.244,,1,0.1744518589132507,0.244,6,0.0015,6.268,0.8890448072247307,7.069548141086749
Metal,0.501,,0,0.4299332697807436,0.501,5,0.0018003992015968,3.196,0.9454020507285482,5.071066730219257
Glass,0.839,,0,0.5998570066730219,0.8390000000000001,6,0.0015,3.483,1.1988163181911056,6.239142993326978
Bioplastic,0.0715,,0,0.023832221163012396,0.0715,7,0.0006993006993006,6.9,0.5773941493456504,7.047667778836988
Paper,0.387,,1,0.16611058150619637,0.387,9,0.0009005167958656,9.303,1.4542826437399248,10.220889418493805
Metal,0.2595,,1,0.22259294566253576,0.2595,5,0.0017996146435452,5.066,0.8044193262411348,6.0369070543374646
Bioplastic,0.722,,1,0.24094375595805528,0.722,7,0.0007001385041551,6.989,2.1176513351041524,8.481056244041945
Bioplastic,0.3975,,1,0.1325071496663489,0.3975,7,0.0006993710691823,7.444,1.7096248462484624,8.264992850333652
Paper,0.0675,,1,0.028836987607244995,0.0675,9,0.0008962962962962,9.879,0.5239178690344063,10.038663012392755
Ceramic,0.7785,,1,0.4451858913250715,0.7785,5,0.0011997430956968,4.132,1.4279533135163487,6.333314108674928
Plastic,0.992,,1,0.9928503336510964,0.992,2,0.0020997983870967,-1.1660000000000004,0.9077180739706907,2.9991496663489037
Metal,0.9225,,1,0.7914680648236416,0.9225,5,0.0018,2.679,1.0348099235416777,6.131031935176359
Ceramic,0.1655,,1,0.09461391801715921,0.1655,5,0.0011993957703927,5.603,0.8504016654420768,6.070886081982841
Metal,0.5505,,1,0.4723546234509057,0.5505,5,0.0018001816530426,4.018,0.9618162891405728,6.078145376549094
Ceramic,0.404,,1,0.23117254528122022,0.404,5,0.0012004950495049,5.03,1.2199078871617732,6.17282745471878
Glass,0.3565,,1,0.2547664442326025,0.3565,6,0.0014992987377279,5.931,1.004886470509203,7.101733555767397
Ceramic,0.552,,0,0.3157769304099142,0.5519999999999999,5,0.0012001811594202,3.675,1.3276349879628564,5.2362230695900855
Bioplastic,0.072,,1,0.024070543374642518,0.072,7,0.0007013888888888,7.899,0.580315021129466,8.047929456625356
Glass,0.6235,,1,0.44590085795996187,0.6235,6,0.0015004009623095,5.129,1.142148781978521,7.177599142040038
Paper,0.381,,1,0.16348903717826505,0.381,9,0.0009002624671916,9.314,1.4459804630969608,10.217510962821736
Plastic,0.291,,1,0.29122974261201146,0.29100000000000004,2,0.0020996563573883,1.778,0.7438084795321638,2.9997702573879885
Plastic,0.69,,1,0.6906577693040992,0.6900000000000001,2,0.0021,0.1019999999999998,0.872691102001447,2.999342230695901
Ceramic,0.85,,1,0.48617731172545287,0.85,5,0.0012,3.96,1.450073182631322,6.363822688274547
Glass,0.953,,0,0.6813632030505243,0.953,6,0.0015,3.141,1.2196632709083144,6.271636796949476
Paper,0.7375,,1,0.31625357483317446,0.7375,9,0.0008996610169491,8.673,1.771756555593725,10.421246425166826
Bioplastic,0.462,,1,0.15419447092469019,0.462,7,0.0007002164502164,7.353,1.8175060941308834,8.30780552907531
Metal,0.963,,1,0.8262631077216397,0.9630000000000001,5,0.0018001038421599,2.533,1.0396614007101324,6.1367368922783605
Metal,0.91,,1,0.780743565300286,0.9099999999999999,5,0.0018,2.724,1.033217880723022,6.129256434699714
Metal,0.1665,,0,0.14275500476644423,0.1665,5,0.0017987987987987,4.401,0.6858766935008835,5.023744995233556
Bioplastic,0.5575,,0,0.1858913250714967,0.5575,7,0.0006995515695067,6.22,1.9500416805601863,7.3716086749285035
Ceramic,0.8175,,0,0.46758817921830315,0.8175000000000001,5,0.0012,3.0380000000000003,1.4403048370843132,5.3499118207816965
Plastic,0.5805,,1,0.5810295519542422,0.5805,2,0.0020999138673557,0.5619999999999998,0.8523859182530794,2.9994704480457575
Glass,0.333,,1,0.23808388941849382,0.333,6,0.0015,6.001,0.984962639221768,7.094916110581506
Metal,0.6535,,1,0.5607721639656816,0.6535,5,0.0018003060443764,3.647,0.9889944456466854,6.092727836034318
Paper,0.292,,1,0.1253574833174452,0.292,9,0.0009006849315068,9.474,1.2957191201353635,10.166642516682554
Glass,0.2275,,1,0.16253574833174453,0.22749999999999998,6,0.001498901098901,6.318,0.8665486564996367,7.064964251668256
Glass,0.771,,1,0.5512392755004767,0.771,6,0.0015,4.686999999999999,1.1838966552001757,7.219760724499523
Bioplastic,0.1515,,1,0.05052430886558627,0.1515,7,0.0006996699669966,7.788,1.0064819506016467,8.100975691134414
Plastic,0.967,,1,0.9678265014299333,0.967,2,0.0020997931747673,-1.061,0.905577824398518,2.999173498570067
Bioplastic,0.318,,1,0.10605338417540515,0.318,7,0.0006996855345911,7.555,1.543289382373352,8.211946615824594
Paper,0.287,,1,0.12321258341277408,0.28700000000000003,9,0.0009006968641114,9.483,1.2857698056801197,10.163787416587226
Plastic,0.578,,1,0.578646329837941,0.5780000000000001,2,0.0021003460207612,0.5720000000000001,0.8516954628459054,2.9993536701620593
Bioplastic,0.56,,1,0.18684461391801718,0.5599999999999999,7,0.0007,7.216,1.9522765038218672,8.373155386081981
Paper,0.5905,,1,0.2533365109628217,0.5905,9,0.000900084674005,8.937,1.6712113854040203,10.337163489037179
Paper,0.2085,,1,0.08937082936129648,0.2085,9,0.0008992805755395,9.625,1.101014346841178,10.119129170638704
Plastic,0.6385,,1,0.6391801715919924,0.6385,2,0.0021002349256068,0.318,0.8637948155790559,2.999319828408008
Ceramic,0.4875,,1,0.278836987607245,0.4875,5,0.0012,4.83,1.2868331655762455,6.208663012392755
Paper,0.921,,1,0.39513822688274547,0.921,9,0.000900108577633,8.342,1.8600866384289567,10.525861773117255
Glass,0.399,,0,0.28527168732125835,0.399,6,0.0015,4.803,1.035632809600396,6.113728312678742
Paper,0.738,,1,0.3164918970448046,0.738,9,0.0008997289972899,8.672,1.7719432364385441,10.421508102955196
Bioplastic,0.2685,,0,0.0896091515729266,0.2685,7,0.0007001862197392,6.624,1.4160708898944192,7.1788908484270735
Paper,0.1795,,1,0.07697807435653004,0.1795,9,0.0008997214484679,9.677,1.0142499326690007,10.10252192564347
Plastic,0.8765,,1,0.8772640610104863,0.8765000000000001,2,0.0020998288648031,-0.681,0.8968916743891138,2.999235938989514
Plastic,0.468,,1,0.46854146806482366,0.46799999999999997,2,0.0021004273504273,1.034,0.8231589537223339,2.9994585319351765
Glass,0.63,,1,0.45042897998093423,0.63,6,0.0014999999999999,5.11,1.1445618288881192,7.179571020019066
Paper,0.8695,,0,0.37297426120114396,0.8695,9,0.0008999424956871,7.435,1.8383664214451276,9.496525738798857
Bioplastic,0.866,,1,0.2888465204957102,0.866,7,0.0006997690531177,6.788,2.2270997793576854,8.57715347950429
Bioplastic,0.1325,,1,0.04408960915157293,0.1325,7,0.0006981132075471,7.815,0.9195666556400927,8.088410390848427
Metal,0.869,,1,0.7454718779790277,0.869,5,0.0017997698504027,2.872,1.0278283910249182,6.123528122020972
Paper,0.858,,1,0.3679694947569114,0.858,9,0.0008997668997668,8.456,1.8334528417192908,10.490030505243089
Bioplastic,0.973,,1,0.3245948522402288,0.9730000000000001,7,0.000699897225077,6.638,2.2915963179164796,8.648405147759771
Paper,0.946,,1,0.4058627264061011,0.9460000000000001,9,0.0009001057082452,8.297,1.8700725525299162,10.5401372735939
Paper,0.705,,1,0.30243088655862727,0.705,9,0.0009,8.731,1.7518536065379604,10.402569113441373
Glass,0.963,,1,0.688512869399428,0.9630000000000001,6,0.0014999999999999,4.111000000000001,1.2212863446775073,7.274487130600572
Metal,0.695,,1,0.59628217349857,0.6950000000000001,5,0.0017999999999999,3.498,0.9981585432639651,6.098717826501431
Metal,0.8445,,1,0.7244995233555768,0.8445,5,0.0017998815867377,2.96,1.0242577176552203,6.120000476644424
Metal,0.5225,,1,0.44828408007626314,0.5225,5,0.0018,4.119,0.9529731374424062,6.074215919923737
Plastic,0.4585,,0,0.4590085795996187,0.4585,2,0.0021003271537622,0.074,0.8202020804911323,1.999491420400381
Glass,0.633,,1,0.4525738798856054,0.633,6,0.0015,5.101,1.1455481756232209,7.180426120114395
Metal,0.2775,,0,0.23808388941849382,0.27749999999999997,5,0.0018,4.001,0.8208021993514731,5.039416110581506
Plastic,0.603,,1,0.603670162059104,0.603,2,0.0021003316749585,0.4670000000000001,0.85693558219874,2.9993298379408957
Plastic,0.4935,,1,0.49404194470924695,0.49349999999999994,2,0.0021003039513677,0.927,0.830749418278103,2.999458055290753
Metal,0.655,,1,0.5619637750238323,0.655,5,0.0018,3.642,0.9894801267281105,6.093036224976168
Metal,0.7095,,1,0.6086749285033365,0.7095,5,0.001799859055673,3.446,1.0011642453591607,6.100825071496664
Metal,0.945,,1,0.8107721639656816,0.945,5,0.0018,2.598,1.0375811178563952,6.134227836034318
Paper,0.579,,1,0.24833174451858916,0.579,9,0.0008998272884283,8.958,1.6622085385878487,10.330668255481411
Bioplastic,0.1465,,0,0.0488560533841754,0.14650000000000002,7,0.0006996587030716,6.795,0.9841722702529621,7.0976439466158245
Ceramic,0.1815,,1,0.10390848427073404,0.1815,5,0.0012011019283746,5.564,0.8901051893408134,6.0775915157292655
Paper,0.7785,,1,0.33388941849380366,0.7785,9,0.0008998073217726,8.599,1.7942359661650003,10.444610581506195
Paper,0.6675,,1,0.286463298379409,0.6675,9,0.0009003745318352,8.798,1.7272015293537246,10.381036701620591
Ceramic,0.672,,1,0.3844137273593899,0.6719999999999999,5,0.0012001488095238,4.3870000000000005,1.3872439240381775,6.28758627264061
Glass,0.4825,,1,0.34509056244041947,0.48250000000000004,6,0.001500518134715,5.552,1.084049046905119,7.1374094375595805
Ceramic,0.931,,1,0.5324118207816969,0.931,5,0.0011997851772287,3.766,1.4721419957793187,6.3985881792183035
Metal,0.2415,,1,0.2071020019065777,0.2415,5,0.0017991718426501,5.131,0.7863836722023901,6.034397998093422
Bioplastic,0.782,,1,0.2609628217349857,0.782,7,0.0007001278772378,6.905,2.1664280998283374,8.521037178265015
Bioplastic,0.8895,,1,0.29671115347950433,0.8895,7,0.0006998313659359,6.755,2.2421855100324395,8.592788846520495
Glass,0.643,,1,0.4597235462345091,0.643,6,0.0015,5.071,1.1487814016861106,7.18327645376549
Paper,0.614,,0,0.26334604385128696,0.614,9,0.0008998371335504,7.895,1.6898491407582314,9.350653956148713
Bioplastic,0.2265,,1,0.07554814108674929,0.2265,7,0.0006997792494481,7.683,1.2902443660059735,8.15095185891325
Metal,0.411,,0,0.35271687321258344,0.41100000000000003,5,0.0018004866180048,3.52,0.9078521794061908,5.058283126787416
Metal,0.853,,1,0.7318875119161107,0.853,5,0.0018001172332942,2.929,1.0253790179338795,6.121112488083889
Paper,0.683,,1,0.2928979980934224,0.683,9,0.0008997071742313,8.771,1.738364673055926,10.390102001906577
Glass,0.8245,,1,0.5896091515729267,0.8244999999999999,6,0.0015003032140691,4.526,1.1956047829693113,7.234890848427073
Ceramic,0.7985,,1,0.45662535748331745,0.7985,5,0.0011997495303694,4.084,1.4345375920534338,6.341874642516682
Paper,0.931,,1,0.3994280266920877,0.931,9,0.0009001074113856,8.324,1.8641324680282496,10.531571973307914
Paper,0.0745,,1,0.03193517635843661,0.0745,9,0.0008993288590604,9.866,0.5646712427745665,10.042564823641564
Ceramic,0.283,,1,0.16182078169685418,0.28300000000000003,5,0.0011996466431095,5.321,1.080892044420171,6.121179218303146
Plastic,0.1255,,1,0.12559580552907532,0.1255,2,0.0020996015936254,2.473,0.5563046693429115,2.999904194470925
Paper,0.4275,,1,0.1832697807435653,0.42750000000000005,9,0.0008994152046783,9.231,1.5091620393740535,10.244230219256435
Ceramic,0.5035,,1,0.28789323164918973,0.5035000000000001,5,0.0011996027805362,4.792,1.2980376013762596,6.21560676835081
Glass,0.513,,0,0.36677788369876074,0.513,6,0.0015,4.461,1.0990237925048505,6.146222116301239
Metal,0.9965,,1,0.8548617731172546,0.9964999999999999,5,0.0017997992975413,2.413,1.04360654919383,6.141638226882746
Glass,0.922,,1,0.6591992373689228,0.922,6,0.0015,4.234,1.2144374686087394,7.262800762631077
Ceramic,0.748,,1,0.42778836987607244,0.748,5,0.0011998663101604,4.205,1.4172347150726994,6.320211630123928
Metal,0.922,,0,0.7909914204003814,0.922,5,0.0017998915401301,1.681,1.034802332423902,5.1310085795996185
Plastic,0.384,,1,0.3844137273593899,0.384,2,0.0021002604166666,1.387,0.7927108137361015,2.99958627264061
Bioplastic,0.9505,,1,0.317206863679695,0.9505000000000001,7,0.000700157811678,6.6690000000000005,2.2782463155489547,8.633293136320304
Bioplastic,0.9915,,1,0.330791229742612,0.9914999999999999,7,0.0006999495713565,6.612,2.3015788891347646,8.660708770257388
Glass,0.072,,0,0.05147759771210677,0.072,6,0.0015,5.784,0.47531780994336054,6.020522402287893
Ceramic,0.818,,0,0.4678265014299333,0.818,5,0.0011998777506112,3.037,1.4405808780324014,5.350173498570066
Paper,0.5815,,1,0.24952335557673974,0.5815,9,0.0009002579535683,8.953,1.6636942588299468,10.33197664442326
Ceramic,0.672,,1,0.3844137273593899,0.6719999999999999,5,0.0012001488095238,4.3870000000000005,1.3872439240381775,6.28758627264061
Ceramic,0.119,,1,0.06816015252621545,0.119,5,0.0012016806722689,5.714,0.70765873015873,6.050839847473784
Plastic,0.7735,,1,0.7743088655862728,0.7735000000000001,2,0.0021001939237233,-0.2490000000000001,0.8846987951807229,2.9991911344137274
Paper,0.192,,1,0.08245948522402288,0.192,9,0.0009010416666666,9.654,1.0522884012539184,10.109540514775977
Metal,0.434,,1,0.3722592945662536,0.434,5,0.0017995391705069,4.438,0.9189866774323778,6.061740705433746
Paper,0.9375,,1,0.4022878932316492,0.9375,9,0.0009002666666666,8.312,1.8664594799772252,10.53521210676835
Bioplastic,0.9345,,1,0.31172545281220215,0.9345000000000001,7,0.0006998394863563,6.692,2.2697163695299833,8.622774547187797
Glass,0.713,,0,0.5097712106768351,0.713,6,0.0014999999999999,3.861,1.1692910185257563,6.203228789323165
Bioplastic,0.709,,1,0.23665395614871307,0.709,7,0.0007002820874471,7.007,2.1060201047713436,8.472346043851287
Plastic,0.442,,0,0.4423260247855101,0.442,2,0.0020995475113122,0.1439999999999999,0.8150079100017577,1.99967397521449
Paper,0.972,,0,0.4170638703527169,0.9720000000000001,9,0.0009002057613168,7.25,1.8798451327433627,9.554936129647283
Ceramic,0.64,,0,0.3660629170638704,0.64,5,0.0012,3.464,1.3732051544283084,5.273937082936129
Glass,0.3005,,0,0.21472831267874168,0.3005,6,0.0014991680532445,5.099,0.9547917613206117,6.085771687321258
Glass,0.6185,,1,0.4420877025738799,0.6184999999999999,6,0.0014995957962813,5.145,1.1409592895454144,7.17641229742612
Paper,0.717,,1,0.30767397521448997,0.717,9,0.0009002789400278,8.709,1.7587583304103822,10.40932602478551
Bioplastic,0.629,,1,0.2099618684461392,0.629,7,0.0007003179650238,7.119,2.029281869906197,8.41903813155386
Plastic,0.1295,,0,0.12964728312678744,0.1295,2,0.0021003861003861,1.456,0.5639082606890825,1.9998527168732128
Glass,0.401,,1,0.2867016205910391,0.40099999999999997,6,0.0015,5.797,1.036975224947615,7.114298379408961
Plastic,0.9425,,1,0.9432793136320307,0.9425000000000001,2,0.0020997347480106,-0.9580000000000002,0.9034014071637427,2.9992206863679693
Paper,0.3885,,1,0.16658722592945663,0.38849999999999996,9,0.0008996138996138,9.301,1.4573091364205255,10.221912774070544
Bioplastic,0.296,,1,0.09866539561487131,0.296,7,0.0006993243243243,7.586,1.4899424184261034,8.197334604385128
Ceramic,0.087,,1,0.0498093422306959,0.087,5,0.0012011494252873,5.791,0.5807381482659878,6.037190657769304
Plastic,0.269,,1,0.26930409914204,0.269,2,0.0021003717472118,1.87,0.728397005678885,2.9996959008579602
Bioplastic,0.3335,,1,0.11129647283126788,0.3335,7,0.0007001499250374,7.533,1.5783510038348747,8.222203527168732
Glass,0.306,,1,0.21877979027645378,0.306,6,0.0015,6.082,0.9599102870813397,7.087220209723546
Metal,0.536,,1,0.4599618684461392,0.536,5,0.0018003731343283,4.07,0.9572080354102827,6.076038131553861
Bioplastic,0.1165,,0,0.038846520495710204,0.1165,7,0.0006995708154506,6.837,0.8390559560590456,7.07765347950429
Plastic,0.817,,1,0.8176835081029553,0.817,2,0.0020997552019583,-0.431,0.8902851503661765,2.9993164918970447
Bioplastic,0.991,,1,0.33055290753098193,0.991,7,0.0006997981836528,6.613,2.3016915753348828,8.660447092469017
Paper,0.2115,,0,0.09080076263107723,0.21150000000000002,9,0.0009007092198581,8.619,1.1084861353984512,9.120699237368923
Paper,0.235,,1,0.10081029551954243,0.23500000000000001,9,0.0009,9.577,1.1702587230002373,10.134189704480457
Metal,0.968,,0,0.8305529075309819,0.968,5,0.0018001033057851,1.515,1.04024176612201,5.137447092469018
Plastic,0.82,,0,0.8207816968541468,0.82,2,0.0021,-1.444,0.8905476757428304,1.999218303145853
Paper,0.792,,1,0.3398474737845567,0.792,9,0.0009002525252525,8.574,1.800624187256177,10.452152526215443
Metal,0.371,,1,0.3183984747378456,0.371,5,0.0018005390835579,4.664,0.8867145135566187,6.052601525262155
Ceramic,0.996,,1,0.5695900857959962,0.9960000000000001,5,0.0011997991967871,3.61,1.48747722095672,6.4264099142040045
Metal,0.717,,1,0.6151096282173499,0.717,5,0.001799860529986,3.419,1.0026434713057388,6.10189037178265
Paper,0.5025,,1,0.21544327931363205,0.5025000000000001,9,0.0008995024875621,9.096,1.5929963735267454,10.287056720686367
Bioplastic,0.1955,,0,0.06530028598665397,0.1955,7,0.0007007672634271,6.726,1.1826960784313725,7.130199714013346
Metal,0.3555,,1,0.30505243088655865,0.35550000000000004,5,0.0018002812939521,4.72,0.8776641562720641,6.050447569113442
Metal,0.586,,1,0.5028598665395615,0.5860000000000001,5,0.0018003412969283,3.89,0.9720335230866541,6.0831401334604385
Ceramic,0.6475,,1,0.37035271687321264,0.6475,5,0.0012,4.446,1.3766264693960273,6.277147283126787
Glass,0.6535,,1,0.4671115347950429,0.6535,6,0.0014996174445294,5.04,1.1523306438056815,7.186388465204957
Bioplastic,0.254,,1,0.08484270734032412,0.254,7,0.0007007874015748,7.644,1.3741413099535842,8.169157292659676
Paper,0.394,,1,0.16897044804575787,0.394,9,0.0008997461928934,9.291,1.4648449406344144,10.225029551954242
Plastic,0.8015,,0,0.8021925643469973,0.8015000000000001,2,0.0020998128509045,-1.366,0.8883912721893491,1.9993074356530025
Glass,0.761,,0,0.5440896091515729,0.761,6,0.0015,3.717,1.1815126174794643,6.216910390848427
Plastic,0.9385,,1,0.9394661582459486,0.9385,2,0.0021001598295151,-0.9420000000000002,0.902867296404989,2.999033841754051
Plastic,0.558,,1,0.5586272640610105,0.558,2,0.002100358422939,0.6560000000000001,0.8472166739036041,2.9993727359389895
Ceramic,0.786,,1,0.4494756911344137,0.786,5,0.0011997455470737,4.114,1.4304545454545454,6.336524308865586
Paper,0.577,,1,0.24761677788369876,0.577,9,0.0009003466204506,8.961,1.6598738516385574,10.3293832221163
Ceramic,0.2705,,1,0.15467111534795044,0.2705,5,0.0011996303142329,5.351,1.0621542204753884,6.11582888465205
Glass,0.6365,,1,0.4549571020019066,0.6365000000000001,6,0.0014996072270227,5.091,1.1469354977239543,7.181542897998093
Glass,0.225,,0,0.16086749285033367,0.225,6,0.0015,5.325,0.8625068518180157,6.064132507149666
Ceramic,0.2325,,0,0.13298379408960917,0.2325,5,0.0012,4.442,0.9979234860883797,5.0995162059103905
Plastic,0.5335,,1,0.5340800762631078,0.5335,2,0.0021002811621368,0.7589999999999999,0.8413763812673831,2.9994199237368924
Plastic,0.7035,,1,0.7042421353670163,0.7035,2,0.0021002132196162,0.0449999999999999,0.8747365613702364,2.999257864632984
Ceramic,0.8435,,1,0.48236415633937085,0.8435,5,0.0011997628927089,3.976,1.4484064495007365,6.3611358436606285
Glass,0.4675,,0,0.3343660629170639,0.46749999999999997,6,0.0015005347593582,4.597,1.0762811368374847,6.1331339370829365
Bioplastic,0.6385,,1,0.21306005719733082,0.6385,7,0.0007000783085356,7.106,2.0395447624847742,8.42543994280267
Plastic,0.694,,1,0.6947092469018114,0.6940000000000001,2,0.002100144092219,0.0849999999999999,0.8732753553649613,2.9992907530981885
Paper,0.29,,1,0.1244041944709247,0.29,9,0.0009,9.478,1.2923109600679694,10.165595805529074
Bioplastic,0.535,,1,0.17850333651096284,0.5349999999999999,7,0.0007,7.251,1.9209823720691424,8.356496663489038
Bioplastic,0.299,,1,0.09985700667302193,0.29900000000000004,7,0.000700668896321,7.581,1.496069639875984,8.199142993326978
Glass,0.3855,,1,0.2757387988560534,0.3855,6,0.0015006485084306,5.843,1.0259786883166306,7.109761201143947
Paper,0.992,,0,0.42564346997140134,0.992,9,0.0009002016129032,7.214,1.8872107363075807,9.5663565300286
Metal,0.415,,1,0.35605338417540516,0.41500000000000004,5,0.0018,4.506,0.9099811872909699,6.058946615824595
Glass,0.55,,0,0.3932316491897045,0.55,6,0.0014999999999999,4.35,1.1150947042906842,6.156768350810295
Metal,0.282,,1,0.24189704480457577,0.282,5,0.0017996453900709,4.985,0.8248097030531157,6.040102955195424
Paper,0.6145,,1,0.26358436606291713,0.6144999999999999,9,0.0008999186330349,8.894,1.6901166754063972,10.350915633937083
Ceramic,0.168,,1,0.09604385128693996,0.16799999999999998,5,0.0011994047619047,5.597,0.8569511305616336,6.07195614871306
Glass,0.504,,1,0.3603431839847474,0.504,6,0.0015,5.488,1.0948353696417477,7.143656816015252
Bioplastic,0.59,,1,0.19685414680648236,0.5900000000000001,7,0.0007,7.174,1.9875080282594737,8.393145853193518
Metal,0.95,,1,0.8150619637750238,0.95,5,0.0018,2.58,1.0381810605271382,6.134938036224977
Plastic,0.21,,1,0.21020019065776932,0.21000000000000002,2,0.0021,2.118,0.6769821757836509,2.9997998093422304
Ceramic,0.391,,1,0.22354623450905625,0.391,5,0.0011994884910485,5.062,1.2084826163818503,6.167453765490944
Plastic,0.8385,,1,0.8393708293612965,0.8385,2,0.0021001788908765,-0.5219999999999998,0.8926187335092348,2.999129170638703
Glass,0.808,,1,0.5776930409914204,0.808,6,0.0015,4.5760000000000005,1.1922802081868056,7.23030695900858
Bioplastic,0.2085,,1,0.06959008579599618,0.2085,7,0.0007002398081534,7.708,1.2294350758853287,8.138909914204005
Bioplastic,0.2085,,1,0.06959008579599618,0.2085,7,0.0007002398081534,7.708,1.2294350758853287,8.138909914204005
Bioplastic,0.275,,1,0.09175405147759771,0.275,7,0.0007,7.615,1.4341287596321155,8.183245948522403
Plastic,0.5115,,0,0.5119161105815062,0.5115000000000001,2,0.002099706744868,-0.1480000000000001,0.8358988939087086,1.9995838894184936
Plastic,0.9375,,0,0.9385128693994281,0.9375,2,0.0021002666666666,-1.938,0.902733155865614,1.9989871306005718
Bioplastic,0.2795,,1,0.09318398474737846,0.27949999999999997,7,0.0006994633273703,7.609,1.4468073032321735,8.18631601525262
Ceramic,0.221,,1,0.1263107721639657,0.221,5,0.0011990950226244,5.47,0.9765332771693344,6.094689227836034
Ceramic,0.887,,1,0.5073879885605339,0.8869999999999999,5,0.0012001127395715,3.871,1.4603515655654082,6.379612011439466
Paper,0.6005,,1,0.25762631077216397,0.6005,9,0.0009000832639467,8.919,1.6791270158603224,10.342873689227837
Glass,0.176,,1,0.12583412774070546,0.176,6,0.0015,6.472,0.7793330519206415,7.050165872259295
Paper,0.0635,,1,0.02716873212583413,0.0635,9,0.0008976377952755,9.886,0.4993365817091454,10.036331267874166
Ceramic,0.7975,,1,0.4561487130600572,0.7975,5,0.0012,4.086,1.4339689749742885,6.341351286939943
Glass,0.475,,1,0.33960915157292665,0.475,6,0.0015,5.575,1.0805052585926485,7.135390848427073
Plastic,0.5495,,1,0.550047664442326,0.5495,2,0.0021000909918107,0.6920000000000002,0.8453226279513125,2.999452335557674
Paper,0.0825,,1,0.03527168732125834,0.08249999999999999,9,0.0008969696969696,9.852,0.6098837209302325,10.047228312678742
Ceramic,0.431,,1,0.24642516682554816,0.43099999999999994,5,0.001199535962877,4.966,1.2441359383599337,6.184574833174452
Ceramic,0.8705,,0,0.4978551000953289,0.8705,5,0.0011998851234922,2.911,1.4560384278083394,5.372644899904671
Ceramic,0.9115,,1,0.5214489990467113,0.9115,5,0.0012002194185408,3.812,1.4667333946924372,6.390051000953289
Ceramic,0.9825,,1,0.5619637750238323,0.9824999999999999,5,0.0012,3.642,1.4842201900921657,6.420536224976168
Paper,0.217,,1,0.09318398474737846,0.217,9,0.0009009216589861,9.609,1.1232815198618307,10.123816015252622
Bioplastic,0.396,,1,0.13203050524308868,0.396,7,0.0006994949494949,7.446,1.7066721446179127,8.263969494756912
Plastic,0.734,,1,0.7347473784556722,0.734,2,0.002100136239782,-0.0830000000000001,0.8793079426711584,2.999252621544328
Ceramic,0.074,,1,0.04242135367016206,0.074,5,0.0012027027027027,5.822,0.5195850066934404,6.031578646329838
Metal,0.3025,,0,0.25953288846520495,0.3025,5,0.0018,3.911,0.8413694816386054,5.042967111534796
Glass,0.1265,,1,0.0905624404194471,0.1265,6,0.0015019762845849,6.62,0.6638244122061031,7.035937559580553
Bioplastic,0.206,,0,0.06863679694947569,0.20600000000000002,7,0.0006990291262135,6.712,1.221560203504805,7.1373632030505245
Paper,0.5765,,1,0.24737845567206865,0.5765,9,0.0009002601908065,8.962,1.6595732711306257,10.329121544327931
Paper,0.0645,,1,0.02764537654909438,0.0645,9,0.0008992248062015,9.884,0.5053061986557132,10.036854623450907
Bioplastic,0.444,,1,0.14823641563393708,0.44400000000000006,7,0.0007004504504504,7.378,1.7886175115207374,8.295763584366062
Paper,0.8365,,1,0.35891325071496666,0.8365,9,0.0009001793185893,8.494,1.8227845866223513,10.477586749285035
Glass,0.222,,1,0.15872259294566254,0.22200000000000003,6,0.0015,6.334,0.8580619012527634,7.063277407054338
Paper,0.7795,,1,0.3343660629170639,0.7795,9,0.0008999358563181,8.597,1.7945692966092393,10.445133937082936
Glass,0.408,,0,0.2917063870352717,0.40800000000000003,6,0.0015,4.776,1.041596495497688,6.1162936129647285
Ceramic,0.1325,,1,0.07578646329837942,0.1325,5,0.0012,5.682,0.7537554229934923,6.056713536701621
Paper,0.4515,,1,0.19375595805529075,0.45149999999999996,9,0.0009003322259136,9.187,1.5369901022229433,10.257744041944708
Plastic,0.957,,0,0.9578169685414681,0.9570000000000001,2,0.0020997910135841,-2.019,0.9046933717838958,1.9991830314585317
Ceramic,0.5575,,1,0.31887511916110584,0.5575,5,0.0012,4.662,1.330945607646791,6.238624880838894
Ceramic,0.3935,,1,0.224976167778837,0.3935,5,0.0011994917407878,5.056,1.2108580228806103,6.1685238322211635
Paper,0.862,,0,0.36987607244995235,0.8619999999999999,9,0.0009002320185614,7.448,1.8345262730777032,9.492123927550047
Ceramic,0.3735,,0,0.21353670162059105,0.3735,5,0.0011994645247657,4.104,1.1912480997263606,5.159963298379409
Paper,0.4845,,1,0.20781696854146808,0.4845,9,0.0008998968008255,9.128,1.573987302570455,10.276683031458532
Glass,0.4645,,0,0.3319828408007627,0.46449999999999997,6,0.0014994617868675,4.607,1.0752741917687298,6.132517159199238
Bioplastic,0.423,,1,0.14108674928503337,0.42300000000000004,7,0.0006997635933806,7.408,1.7545551601423488,8.281913250714966
Ceramic,0.679,,0,0.388465204957102,0.679,5,0.00120029455081,3.37,1.3900683060109291,5.290534795042898
Metal,0.22,,1,0.18875119161105816,0.22000000000000003,5,0.0018,5.208,0.7619016176956092,6.031248808388941
Ceramic,0.909,,0,0.5200190657769305,0.909,5,0.0012002200220022,2.818,1.4660839483394834,5.38898093422307
Metal,0.2655,,1,0.22783603431839847,0.26549999999999996,5,0.0018003766478342,5.0440000000000005,0.809856062808956,6.037663965681602
Paper,0.494,,1,0.21186844613918018,0.49400000000000005,9,0.0008997975708502,9.111,1.5840012226807276,10.28213155386082
Ceramic,0.0545,,1,0.03122020972354624,0.05450000000000001,5,0.0012018348623853,5.869,0.4153323646930621,6.023279790276454
Bioplastic,0.6845,,0,0.22831267874165873,0.6845,7,0.000699780861943,6.042,2.084902729384437,7.456187321258341
Plastic,0.332,,1,0.33222116301239274,0.33199999999999996,2,0.0020993975903614,1.606,0.7681252756947506,2.9997788369876073
Bioplastic,0.998,,1,0.33293612964728314,0.998,7,0.0006998997995991,6.603,2.3051899152262467,8.665063870352718
Paper,0.616,,1,0.2642993326978075,0.616,9,0.0009001623376623,8.891,1.6909171791181472,10.351700667302191
Paper,0.368,,1,0.15776930409914205,0.368,9,0.0008994565217391,9.338,1.4276331360946743,10.210230695900858
Ceramic,0.232,,1,0.13274547187797905,0.23199999999999998,5,0.0012004310344827,5.443,0.9967970509932417,6.099254528122021
Ceramic,0.2035,,1,0.11630123927550048,0.20350000000000001,5,0.0011990171990171,5.5120000000000005,0.9408175407668576,6.087198760724499
Glass,0.16,,1,0.11439466158245949,0.16,6,0.0015,6.52,0.7462872387727878,7.04560533841754
Glass,0.6895,,1,0.4928503336510963,0.6895,6,0.0014996374184191,4.932,1.1630254060138285,7.196649666348904
Metal,0.2065,,1,0.1770734032411821,0.2065,5,0.0017990314769975,5.257,0.7452898675382761,6.029426596758818
Plastic,0.9645,,1,0.9654432793136322,0.9644999999999999,2,0.0021000518403317,-1.0510000000000002,0.9052570124815459,2.999056720686368
Glass,0.2885,,0,0.20638703527168734,0.2885,6,0.0015008665511265,5.134,0.9416194772868699,6.082112964728313
Ceramic,0.0955,,1,0.05457578646329839,0.0955,5,0.0011989528795811,5.771,0.6178199198273203,6.040924213536702
Bioplastic,0.0945,,0,0.031458531935176365,0.0945,7,0.0006984126984126,6.868,0.7188578680203045,7.0630414680648235
Ceramic,0.7565,,1,0.4327931363203051,0.7565000000000001,5,0.001200264375413,4.184,1.4198756485954553,6.3237068636796945
Ceramic,0.341,,0,0.19494756911344138,0.341,5,0.001199413489736,4.182,1.1561376858435681,5.1460524308865585
Glass,0.093,,1,0.06649189704480458,0.093,6,0.0015,6.721,0.5585857429144001,7.026508102955195
Glass,0.8195,,1,0.5857959961868447,0.8195,6,0.0014996949359365,4.542,1.1949617737003055,7.233704003813155
Glass,0.5545,,1,0.3963298379408961,0.5545,6,0.0014995491433724,5.337,1.117200614616345,7.158170162059104
Metal,0.4835,,1,0.4149189704480458,0.4835,5,0.0018004136504653,4.259,0.9389826899935202,6.068581029551955
Metal,0.9835,,1,0.8438989513822689,0.9835,5,0.0018002033553634,2.459,1.041954754330152,6.139601048617731
Glass,0.4565,,1,0.3262631077216397,0.4565,6,0.001499452354874,5.631,1.0709348093480935,7.1302368922783605
Paper,0.459,,1,0.19685414680648236,0.45899999999999996,9,0.0008997821350762,9.174,1.5462138728323698,10.262145853193518
Bioplastic,0.8,,1,0.26692087702573886,0.8,7,0.0007,6.88,2.1803065731358795,8.533079122974263
Ceramic,0.6045,,0,0.34580552907530987,0.6045,5,0.0012001654259718,3.549,1.3559724152678283,5.25869447092469
Plastic,0.849,,1,0.8498570066730219,0.849,2,0.0021001177856301,-0.5659999999999998,0.8938187474909676,2.9991429933269784
Metal,0.9205,,1,0.7897998093422307,0.9205,5,0.0018001086366105,2.686,1.0345023569745018,6.130700190657769
Plastic,0.1995,,0,0.19971401334604386,0.1995,2,0.0021002506265664,1.162,0.6656345419847328,1.9997859866539562
Paper,0.6485,,1,0.27812202097235467,0.6485000000000001,9,0.000899768696993,8.833,1.7150548342367324,10.370377979027646
Plastic,0.705,,1,0.705672068636797,0.705,2,0.0021,0.0390000000000001,0.8750458498491391,2.999327931363203
Metal,0.6845,,1,0.5872259294566254,0.6845,5,0.001799853907962,3.536,0.9960334304341794,6.097274070543374
Plastic,0.4315,,1,0.4318398474737846,0.43150000000000005,2,0.0020996523754345,1.188,0.8113344685427495,2.9996601525262157
Bioplastic,0.1025,,0,0.034080076263107724,0.1025,7,0.0006975609756097,6.857,0.764468538926413,7.068419923736892
Glass,0.171,,1,0.12225929456625359,0.17099999999999999,6,0.0015,6.487,0.7693716491529057,7.0487407054337465
Paper,0.882,,1,0.37845567206863684,0.882,9,0.0009002267573696,8.411999999999999,1.8434309623430962,10.503544327931364
Paper,0.7435,,1,0.31887511916110584,0.7434999999999999,9,0.0008997982515131,8.661999999999999,1.774992034592626,10.424624880838893
Paper,0.483,,0,0.2071020019065777,0.483,9,0.000899585921325,8.131,1.5727673444047803,9.275897998093424
Ceramic,0.7835,,1,0.44804575786463297,0.7835,5,0.0011997447351627,4.12,1.4296251522003827,6.335454242135367
Paper,0.934,,1,0.40061963775023834,0.9339999999999999,9,0.0008998929336188,8.318999999999999,1.8656878986956107,10.53338036224976
Plastic,0.411,,0,0.4113441372735939,0.41100000000000003,2,0.0020997566909975,0.274,0.8037639821029082,1.999655862726406
Paper,0.9845,,0,0.4223069590085796,0.9845,9,0.0008999492127983,7.228,1.884906917320679,9.56219304099142
Metal,0.6645,,1,0.5700667302192565,0.6645,5,0.0017998495109104,3.608,0.9916922748612889,6.094433269780744
Bioplastic,0.0825,,1,0.027407054337464255,0.08249999999999999,7,0.0006969696969696,7.885,0.6475308641975307,8.055092945662535
Glass,0.6135,,0,0.4387511916110582,0.6134999999999999,6,0.0015004074979625,4.159,1.1387445810846675,6.174748808388942
Paper,0.3305,,1,0.14180171591992374,0.3305,9,0.0009001512859304,9.405,1.366822393061305,10.188698284080077
Metal,0.117,,1,0.10033365109628217,0.11699999999999999,5,0.0017991452991452,5.579,0.5840256959314775,6.016666348903718
Paper,0.2945,,1,0.1263107721639657,0.2945,9,0.000899830220713,9.47,1.3013079191238415,10.168189227836034
Ceramic,0.786,,1,0.4494756911344137,0.786,5,0.0011997455470737,4.114,1.4304545454545454,6.336524308865586
Plastic,0.7515,,1,0.7521448999046711,0.7515,2,0.0020998003992015,-0.1560000000000001,0.8818922698288398,2.999355100095329
Paper,0.165,,1,0.07078169685414681,0.16499999999999998,9,0.0009,9.703,0.9661456879709739,10.094218303145853
Metal,0.211,,1,0.1811248808388942,0.211,5,0.0018009478672985,5.24,0.7505561207188877,6.029875119161106
Glass,0.2185,,1,0.1561010486177312,0.2185,6,0.0014988558352402,6.345,0.8531788572492089,7.062398951382269
Paper,0.349,,1,0.14966634890371783,0.34900000000000003,9,0.0008997134670487,9.372,1.3978655975563192,10.199333651096282
Bioplastic,0.2235,,0,0.0745948522402288,0.22349999999999998,7,0.0007002237136465,6.687,1.28010647010647,7.148905147759771
Glass,0.1345,,1,0.09628217349857007,0.1345,6,0.0015018587360594,6.596,0.6852379796017484,7.03821782650143
Plastic,0.217,,1,0.21711153479504292,0.217,2,0.0020990783410138,2.089,0.6843018187283931,2.999888465204957
Plastic,0.9355,,1,0.936367969494757,0.9355,2,0.0020999465526456,-0.9289999999999998,0.9026716644437289,2.999132030505243
Paper,0.51,,1,0.21877979027645378,0.51,9,0.0009,9.082,1.5998504784688996,10.291220209723546
Metal,0.9115,,1,0.7819351763584367,0.9115,5,0.0017997805814591,2.719,1.0335226719991353,6.129564823641563
Plastic,0.895,,0,0.8958531935176359,0.8949999999999999,2,0.0021,-1.759,0.8987268463121618,1.999146806482364
Metal,0.4175,,1,0.35819828408007626,0.4175,5,0.0018,4.497,0.9111775720378654,6.059301715919924
Ceramic,0.816,,1,0.4666348903717827,0.8160000000000001,5,0.0011997549019607,4.042,1.4400807537012112,6.349365109628217
Glass,0.6225,,0,0.4449475691134414,0.6224999999999999,6,0.0014995983935742,4.133,1.1423117292049327,6.177552430886558
Paper,0.8945,,1,0.3836987607244996,0.8945000000000001,9,0.0008999441028507,8.39,1.849291486007095,10.510801239275501
Paper,0.2115,,0,0.09080076263107723,0.21150000000000002,9,0.0009007092198581,8.619,1.1084861353984512,9.120699237368923
Paper,0.5015,,1,0.21520495710200194,0.5015,9,0.0009002991026919,9.097,1.5910282776349611,10.286295042897999
Plastic,0.8775,,1,0.8784556720686368,0.8775000000000001,2,0.0021002849002849,-0.6859999999999999,0.8968214146531567,2.999044327931363
Glass,0.5355,,0,0.3829837940896092,0.5355000000000001,6,0.001500466853408,4.393,1.1087328530543767,6.15251620591039
Bioplastic,0.569,,1,0.1899428026692088,0.5690000000000001,7,0.0007003514938488,7.203,1.9624560249876706,8.37905719733079
Glass,0.885,,0,0.632745471877979,0.885,6,0.0014999999999999,3.345,1.2077863787159306,6.2522545281220205
Glass,0.4965,,1,0.35510009532888465,0.4965,6,0.0015005035246727,5.51,1.0909687892752409,7.141399904671116
Bioplastic,0.9715,,1,0.3241182078169686,0.9715,7,0.000699948533196,6.64,2.2906349741514944,8.64738179218303
Glass,0.863,,0,0.6170162059103909,0.8630000000000001,6,0.0015,3.411,1.203599016153693,6.24598379408961
Paper,0.264,,1,0.11320305052430887,0.264,9,0.0008996212121212,9.525,1.2382562038900067,10.15079694947569
Glass,0.3305,,1,0.23641563393708295,0.3305,6,0.001500756429652,6.008,0.9824156984981581,7.0940843660629165
Ceramic,0.4105,,1,0.2347473784556721,0.41050000000000003,5,0.0011997563946406,5.015,1.2262978783995444,6.175752621544328
Plastic,0.737,,1,0.7376072449952337,0.737,2,0.0020997286295793,-0.0950000000000002,0.8798873271496044,2.9993927550047665
Ceramic,0.2435,,0,0.13918017159199236,0.2435,5,0.0011991786447638,4.416,1.018060980470307,5.104319828408007
Plastic,0.2315,,0,0.23164918970448048,0.23149999999999998,2,0.0020993520518358,1.028,0.6980267318194883,1.9998508102955195
Ceramic,0.3025,,1,0.17302192564346996,0.3025,5,0.0012,5.274,1.107969622905028,6.1294780743565305
Metal,0.842,,1,0.7223546234509057,0.842,5,0.0017998812351543,2.969,1.0238891786935604,6.119645376549094
Plastic,0.433,,0,0.43350810295519543,0.433,2,0.0021004618937644,0.181,0.8116090413651389,1.9994918970448043
Plastic,0.867,,1,0.8677311725452813,0.867,2,0.0020997693194925,-0.641,0.8959099640447223,2.999268827454719
Glass,0.2845,,1,0.20352716873212584,0.28450000000000003,6,0.0015008787346221,6.146,0.9373131281407037,7.080972831267875
Ceramic,0.7725,,0,0.4418493803622498,0.7725,5,0.0012,3.146,1.425672941590429,5.33065061963775
Bioplastic,0.893,,1,0.2979027645376549,0.893,7,0.0006998880179171,6.75,2.2442668902731193,8.595097235462346
Plastic,0.7565,,1,0.7571496663489038,0.7565000000000001,2,0.0020998017184401,-0.177,0.8825763220819663,2.9993503336510963
Ceramic,0.249,,1,0.14251668255481412,0.24900000000000003,5,0.0012008032128514,5.402,1.0267334905660377,6.106483317445186
Bioplastic,0.7155,,1,0.2387988560533842,0.7155,7,0.0007002096436058,6.998,2.1118725379853682,8.476701143946617
Paper,0.085,,1,0.03646329837940896,0.08499999999999999,9,0.0009,9.847,0.6228780998952148,10.048536701620591
Paper,0.2385,,1,0.10224022878932316,0.2385,9,0.0008993710691823,9.571,1.1792905962762195,10.136259771210677
Metal,0.2725,,0,0.23379408960915157,0.2725,5,0.0018,4.019,0.8163715550478367,5.038705910390848
Paper,0.2315,,1,0.09938036224976168,0.23149999999999998,9,0.0009006479481641,9.583,1.161097298589529,10.13211963775024
Ceramic,0.909,,1,0.5200190657769305,0.909,5,0.0012002200220022,3.818,1.4660839483394834,6.38898093422307
Paper,0.652,,1,0.2797902764537655,0.6519999999999999,9,0.0009003067484662,8.826,1.7167369477911643,10.372209723546234
Paper,0.9175,,1,0.39346997140133466,0.9175000000000001,9,0.0008997275204359,8.349,1.8592823336231046,10.524030028598666
Plastic,0.3715,,0,0.3717826501429934,0.3715,2,0.0020995962314939,0.4399999999999999,0.7874388765407152,1.9997173498570069
Paper,0.082,,0,0.03527168732125834,0.08199999999999999,9,0.0009024390243902,8.852,0.6061874559548976,9.046728312678743
Glass,0.504,,1,0.3603431839847474,0.504,6,0.0015,5.488,1.0948353696417477,7.143656816015252
Metal,0.089,,1,0.07626310772163966,0.089,5,0.0017977528089887,5.68,0.5049269875608436,6.012736892278361
Bioplastic,0.2525,,1,0.08412774070543375,0.2525,7,0.00069900990099,7.647,1.3713305720942273,8.168372259294568
Plastic,0.4915,,1,0.49189704480457586,0.4915,2,0.0020996948118006,0.936,0.8303808986954421,2.999602955195424
Glass,0.6915,,1,0.49451858913250724,0.6915,6,0.0015003615328994,4.925,1.1631259520564419,7.196981410867492
Paper,0.4055,,1,0.17397521448999048,0.40549999999999997,9,0.0009001233045622,9.27,1.4800608907446064,10.23152478551001
Paper,0.674,,1,0.28908484270734036,0.674,9,0.0008998516320474,8.786999999999999,1.7322699987749601,10.384915157292658
Ceramic,0.9415,,1,0.53860819828408,0.9414999999999999,5,0.0012002124269782,3.74,1.474299895506792,6.40289180171592
Paper,0.6405,,0,0.2747855100095329,0.6405000000000001,9,0.0009000780640124,7.846999999999999,1.7089774895078218,9.365714489990467
Paper,0.7615,,1,0.3267397521448999,0.7615000000000001,9,0.0009001969796454,8.629,1.7844599575561266,10.4347602478551
Metal,0.647,,1,0.5550524308865588,0.647,5,0.0017998454404945,3.671,0.9877071963908898,6.091947569113442
Glass,0.6265,,1,0.4478074356530029,0.6265,6,0.0014996009577015,5.121,1.1436500478552158,7.178692564346997
Paper,0.4635,,1,0.19876072449952337,0.46349999999999997,9,0.0008996763754045,9.166,1.5514087428206762,10.264739275500476
Ceramic,0.79,,1,0.451858913250715,0.79,5,0.0012,4.104,1.4315253066159959,6.338141086749285
Glass,0.7315,,1,0.523117254528122,0.7315,6,0.0015003417634996,4.805,1.1739363573778019,7.208382745471878
Plastic,0.8905,,1,0.8913250714966636,0.8905,2,0.0020999438517686,-0.7400000000000002,0.898292624290797,2.9991749285033364
Plastic,0.546,,1,0.5464728312678743,0.546,2,0.0020998168498168,0.7069999999999999,0.8445830568458306,2.999527168732126
Bioplastic,0.3035,,1,0.10128693994280268,0.3035,7,0.0007001647446457,7.575,1.5077977740942459,8.202213060057197
Metal,0.2925,,1,0.2509532888465205,0.2925,5,0.0018,4.947,0.8334442482683687,6.0415467111534795
Plastic,0.4535,,0,0.4540038131553861,0.4535,2,0.0021003307607497,0.0949999999999999,0.8185864234707045,1.999496186844614
Paper,0.138,,1,0.05910390848427074,0.13799999999999998,9,0.0008985507246376,9.752,0.8673576992210903,10.078896091515729
Plastic,0.8995,,1,0.9003813155386082,0.8995,2,0.0021000555864369,-0.778,0.8991571374118542,2.9991186844613917
Glass,0.4325,,1,0.3093422306959009,0.4325,6,0.001500578034682,5.702,1.0565731252911037,7.1231577693040995
Plastic,0.3225,,1,0.32292659675881796,0.3225,2,0.0021007751937984,1.645,0.7625436718133664,2.9995734032411816
Plastic,0.7045,,1,0.7051954242135368,0.7045,2,0.0021000709723207,0.0409999999999999,0.874942875747351,2.9993045757864634
Glass,0.513,,0,0.36677788369876074,0.513,6,0.0015,4.461,1.0990237925048505,6.146222116301239
Plastic,0.0585,,1,0.05862726406101049,0.058499999999999996,2,0.0021025641025641,2.754,0.3687890625,2.9998727359389896
Bioplastic,0.2795,,1,0.09318398474737846,0.27949999999999997,7,0.0006994633273703,7.609,1.4468073032321735,8.18631601525262
Plastic,0.3325,,0,0.33293612964728314,0.3325,2,0.0021007518796992,0.603,0.7680116701530332,1.9995638703527168
Glass,0.124,,1,0.0886558627264061,0.124,6,0.0015,6.628,0.6572814552804447,7.035344137273594
Glass,0.8625,,1,0.6165395614871307,0.8625,6,0.0014997101449275,4.413,1.2037018559169825,7.245960438512869
Paper,0.9765,,1,0.4189704480457579,0.9765,9,0.000900153609831,8.242,1.8816100293901543,10.557529551954241
Paper,0.8385,,1,0.359628217349857,0.8385,9,0.0008998211091234,8.491,1.8243005288810537,10.478871782650144
Plastic,0.8105,,1,0.8112488083889419,0.8105,2,0.0020999383096853,-0.4039999999999999,0.8894387488230987,2.9992511916110582
Glass,0.8175,,1,0.584604385128694,0.8175000000000001,6,0.0015003058103975,4.547000000000001,1.1941203091276198,7.232895614871306
Paper,0.627,,1,0.26906577693040995,0.627,9,0.0009003189792663,8.871,1.6988841534289032,10.357934223069591
Glass,0.338,,1,0.24165872259294569,0.33799999999999997,6,0.0015,5.986,0.9892912946428569,7.0963412774070544
Glass,0.406,,1,0.29027645376549094,0.40599999999999997,6,0.0015,5.782,1.0402882266731803,7.115723546234509
Bioplastic,0.9945,,1,0.3317445185891325,0.9945,7,0.0006998491704374,6.6080000000000005,2.3034455729741663,8.662755481410867
Paper,0.6625,,1,0.2840800762631077,0.6625,9,0.0008996226415094,8.808,1.7249007197815835,10.378419923736892
Plastic,0.375,,0,0.3753574833174452,0.375,2,0.0021,0.425,0.7888799759350246,1.9996425166825549
Ceramic,0.551,,1,0.3150619637750239,0.5509999999999999,5,0.0011996370235934,4.678,1.3275126320624708,6.235938036224976
Ceramic,0.1415,,0,0.08102955195424215,0.14150000000000001,5,0.0012014134275618,4.66,0.781640337019484,5.060470448045757
Ceramic,0.914,,1,0.522878932316492,0.914,5,0.0012002188183807,3.806,1.467379859198041,6.391121067683508
Glass,0.5655,,1,0.4041944709246902,0.5655,6,0.001499557913351,5.304,1.1215910380034033,7.16130552907531
Glass,0.9625,,1,0.6882745471877979,0.9625,6,0.0015002597402597,4.112,1.221021284314911,7.274225452812202
Glass,0.6595,,1,0.47140133460438516,0.6595,6,0.0014996209249431,5.022,1.15418001334668,7.188098665395614
Bioplastic,0.573,,1,0.19113441372735943,0.5730000000000001,7,0.0006998254799301,7.198,1.9681630648330057,8.38186558627264
Paper,0.9695,,1,0.4158722592945663,0.9695,9,0.0008999484270242,8.254999999999999,1.8793412177769566,10.553627740705434
Metal,0.298,,1,0.255719733079123,0.298,5,0.0018003355704697,4.927,0.8377381749966502,6.042280266920877
Ceramic,0.3195,,0,0.18279313632030506,0.3195,5,0.0012003129890453,4.233,1.1298011124220462,5.136706863679694
Ceramic,0.457,,0,0.261439466158246,0.457,5,0.0012002188183807,3.903,1.2643887643412897,5.195560533841753
Paper,0.5055,,1,0.2168732125834128,0.5055,9,0.0009000989119683,9.09,1.5952752707581224,10.288626787416586
Metal,0.691,,1,0.5929456625357483,0.6910000000000001,5,0.0018002894356005,3.512,0.9971921859953228,6.0980543374642515
Metal,0.125,,1,0.10724499523355578,0.125,5,0.0018,5.55,0.6031508739650414,6.017755004766444
Plastic,0.9975,,1,0.9983317445185892,0.9974999999999999,2,0.0020997493734335,-1.189,0.9081955474547584,2.9991682554814107
Plastic,0.6825,,1,0.6830314585319353,0.6825,2,0.0020996336996336,0.1339999999999999,0.8716124908692475,2.999468541468065
Paper,0.598,,1,0.2564346997140134,0.5980000000000001,9,0.0008996655518394,8.924,1.6777266648836586,10.341565300285987
Plastic,0.1025,,1,0.1024785510009533,0.1025,2,0.0020975609756097,2.57,0.5062264595103577,3.0000214489990467
Metal,0.933,,1,0.8005243088655863,0.933,5,0.0018001071811361,2.641,1.036063092150532,6.132475691134413
Bioplastic,0.76,,0,0.2535748331744519,0.76,7,0.0007,5.936,2.149474251819897,7.506425166825548
Paper,0.12,,1,0.05147759771210677,0.12,9,0.0009,9.784,0.792196349905601,10.068522402287892
Bioplastic,0.222,,1,0.07411820781696854,0.22200000000000003,7,0.0007004504504504,7.689,1.2749958937859296,8.147881792183032
Glass,0.323,,1,0.2309342230695901,0.323,6,0.0015,6.031,0.9760247731528158,7.0920657769304105
Plastic,0.8115,,1,0.8122020972354623,0.8115,2,0.0020998151571164,-0.4079999999999999,0.8896054969171283,2.9992979027645377
Paper,0.92,,0,0.39466158245948524,0.9199999999999999,9,0.0009,7.344,1.8598573906340334,9.525338417540514
Metal,0.2745,,0,0.23546234509056246,0.2745,5,0.001799635701275,4.0120000000000005,0.8182736572890025,5.039037654909437
Ceramic,0.999,,1,0.5714966634890373,0.999,5,0.0012002002002002,3.602,1.4877214650766608,6.427503336510963
Plastic,0.283,,0,0.28336510962821737,0.28300000000000003,2,0.0021007067137809,0.8109999999999999,0.7381996767375358,1.9996348903717824
Ceramic,0.586,,1,0.33508102955195423,0.5860000000000001,5,0.0011996587030716,4.594,1.3468755477651184,6.250918970448046
Metal,0.205,,1,0.17588179218303146,0.205,5,0.0018,5.2620000000000005,0.7430718728403594,6.0291182078169685
Plastic,0.3955,,1,0.39585319351763587,0.3955,2,0.0020998735777496,1.339,0.7976151110256656,2.9996468064823643
Glass,0.3625,,0,0.2590562440419447,0.3625,6,0.0014993103448275,4.913,1.009591132350989,6.103443755958055
Metal,0.142,,1,0.12178265014299333,0.142,5,0.0017992957746478,5.489,0.6402664947345797,6.020217349857007
Metal,0.746,,0,0.6401334604385129,0.746,5,0.0018002680965147,2.314,1.0079263266357548,5.105866539561488
Plastic,0.961,,1,0.9618684461391801,0.961,2,0.0020998959417273,-1.0359999999999996,0.905008528593231,2.9991315538608196
Ceramic,0.864,,1,0.494280266920877,0.8640000000000001,5,0.0012002314814814,3.926,1.4538594802694902,6.369719733079123
Plastic,0.8875,,1,0.8884652049571021,0.8875,2,0.0021002816901408,-0.7280000000000002,0.8978565917639115,2.999034795042898
Ceramic,0.371,,1,0.2121067683508103,0.371,5,0.001199460916442,5.11,1.1886957849725106,6.1588932316491904
Plastic,0.2325,,1,0.23284080076263108,0.2325,2,0.0021010752688172,2.023,0.698532149505943,2.9996591992373687
Glass,0.834,,1,0.59628217349857,0.834,6,0.0014999999999999,4.498,1.197790251916758,7.23771782650143
Metal,0.4375,,0,0.3753574833174452,0.4375,5,0.0018,3.425,0.9203599719241953,5.062142516682555
Glass,0.3165,,1,0.22640610104861775,0.3165,6,0.0015007898894154,6.05,0.969650992990654,7.090093898951382
Paper,0.266,,0,0.11415633937082936,0.266,9,0.0009003759398496,8.521,1.2420832405964835,9.15184366062917
Bioplastic,0.913,,1,0.3045757864632984,0.913,7,0.0006998904709748,6.722,2.2566847313854854,8.608424213536702
Metal,0.8105,,0,0.6954242135367017,0.8105,5,0.0018001233806292,2.082,1.0189531399808245,5.115075786463299
Plastic,0.929,,1,0.9299332697807436,0.9289999999999999,2,0.0021001076426264,-0.902,0.9020001851166233,2.999066730219256
Ceramic,0.9205,,1,0.5264537654909438,0.9205,5,0.0011998913633894,3.791,1.4693821806284713,6.394046234509056
Ceramic,0.1055,,0,0.06029551954242136,0.1055,5,0.0011990521327014,4.747,0.658159381504609,5.045204480457579
Paper,0.6105,,1,0.2619161105815062,0.6105,9,0.0009000819000819,8.901,1.6868549980244965,10.348583889418494
Bioplastic,0.632,,0,0.2109151572926597,0.632,7,0.0007001582278481,6.115,2.0327088762839183,7.42108484270734
Paper,0.7025,,1,0.3012392755004767,0.7025,9,0.0008996441281138,8.736,1.7508256117842718,10.401260724499524
Ceramic,0.274,,1,0.15681601525262157,0.274,5,0.0012007299270072,5.342,1.0669116555308094,6.117183984747379
Glass,0.7005,,0,0.5009532888465205,0.7005,6,0.0015003568879371,3.898,1.1656480012690356,6.199546711153479
Plastic,0.1255,,1,0.12559580552907532,0.1255,2,0.0020996015936254,2.473,0.5563046693429115,2.999904194470925
Glass,0.213,,1,0.1522878932316492,0.213,6,0.0015,6.361,0.8442735688645379,7.060712106768351
Plastic,0.92,,1,0.9208770257387989,0.9199999999999999,2,0.0021,-0.8639999999999999,0.9011859183864038,2.999122974261201
Bioplastic,0.798,,1,0.26620591039084845,0.798,7,0.0006998746867167,6.883,2.179101913315111,8.531794089609152
Paper,0.8375,,1,0.3593898951382269,0.8375,9,0.0009002985074626,8.492,1.8230701390329942,10.478110104861774
Plastic,0.974,,1,0.9749761677788371,0.974,2,0.0021001026694045,-1.0910000000000002,0.9060665986786678,2.9990238322211633
Bioplastic,0.9585,,0,0.31982840800762635,0.9585000000000001,7,0.0007000521648408,5.658,2.2830756130790193,7.638671591992374
Bioplastic,0.439,,0,0.14656816015252622,0.43899999999999995,7,0.0007004555808656,6.385,1.7804407500483277,7.292431839847474
Metal,0.4015,,1,0.3443755958055291,0.40149999999999997,5,0.001799501867995,4.555,0.9035149629947441,6.057124404194472
Plastic,0.1755,,0,0.17564346997140134,0.1755,2,0.002099715099715,1.263,0.6366920283589832,1.9998565300285986
Ceramic,0.4465,,1,0.2554814108674929,0.4465,5,0.0012004479283314,4.928,1.2560431751139716,6.191018589132508
Ceramic,0.2565,,1,0.14680648236415636,0.2565,5,0.0012007797270955,5.384,1.0392757821552723,6.109693517635844
Ceramic,0.952,,0,0.5445662535748332,0.952,5,0.0012001050420168,2.715,1.476962212526806,5.407433746425166
Plastic,0.245,,0,0.24523355576739753,0.24500000000000002,2,0.0021,0.971,0.7096645036587049,1.9997664442326026
Paper,0.797,,1,0.34199237368922786,0.7969999999999999,9,0.0009002509410288,8.565,1.803198533376469,10.455007626310772
Bioplastic,0.175,,1,0.058388941849380364,0.175,7,0.0007,7.755,1.1048751128498344,8.116611058150621
Ceramic,0.5085,,1,0.2907530981887512,0.5085,5,0.0011996066863323,4.78,1.3013332520126857,6.217746901811249
Ceramic,0.1635,,1,0.09342230695900859,0.1635,5,0.0011987767584097,5.608,0.8453006407097092,6.070077693040991
Glass,0.283,,0,0.2023355576739752,0.28300000000000003,6,0.0015,5.151,0.9360460349992118,6.080664442326025
Paper,0.222,,1,0.09532888465204958,0.22200000000000003,9,0.0009009009009009,9.6,1.1365446559297219,10.12667111534795
Ceramic,0.872,,1,0.4988083889418494,0.8720000000000001,5,0.001200114678899,3.907,1.4562254238637269,6.37319161105815
Metal,0.224,,0,0.19208770257387991,0.22400000000000003,5,0.0017991071428571,4.194,0.7668929503916448,5.03191229742612
Metal,0.6365,,1,0.5459961868446139,0.6365000000000001,5,0.0017996857816182,3.709,0.9852999335940383,6.090503813155386
Metal,0.7085,,0,0.6079599618684463,0.7085,5,0.0018002822865208,2.449,1.0007628088601628,5.1005400381315535
Paper,0.686,,1,0.29432793136320307,0.686,9,0.0009001457725947,8.765,1.7396688021274023,10.391672068636797
Paper,0.854,,1,0.36630123927550046,0.8539999999999999,9,0.0008998829039812,8.463000000000001,1.831434120412961,10.487698760724498
Bioplastic,0.985,,1,0.3286463298379409,0.985,7,0.0007,6.621,2.2979317246747466,8.656353670162058
Glass,0.9725,,1,0.6951858913250715,0.9724999999999999,6,0.0014997429305912,4.083,1.22298447521429,7.277314108674929
Ceramic,0.632,,1,0.361534795042898,0.632,5,0.0012001582278481,4.4830000000000005,1.369344211504699,6.270465204957102
Plastic,0.2155,,1,0.21568160152526217,0.21549999999999997,2,0.0020997679814385,2.095,0.6826498565604711,2.999818398474738
Plastic,0.545,,1,0.5455195424213537,0.545,2,0.0021,0.7109999999999999,0.8442811784685816,2.9994804575786462
Bioplastic,0.191,,1,0.06363203050524309,0.191,7,0.0006989528795811,7.733,1.1672531313719778,8.127367969494756
Bioplastic,0.1435,,1,0.047902764537654914,0.14350000000000002,7,0.0007003484320557,7.799,0.9702320335159524,8.095597235462344
Paper,0.6935,,1,0.2974261201143947,0.6935,9,0.0008997837058399,8.752,1.7449784120892298,10.396073879885606
Glass,0.198,,0,0.14156339370829363,0.198,6,0.0015,5.406,0.8196606156274664,6.056436606291706
Paper,0.428,,1,0.18350810295519543,0.42800000000000005,9,0.0008995327102803,9.23,1.5096570275722931,10.244491897044805
Glass,0.3285,,0,0.2349857006673022,0.3285,6,0.0015007610350076,5.014,0.9806388730791121,6.093514299332698
Paper,0.862,,0,0.36987607244995235,0.8619999999999999,9,0.0009002320185614,7.448,1.8345262730777032,9.492123927550047
Metal,0.735,,1,0.6306005719733079,0.735,5,0.0018,3.354,1.0060216597077245,6.104399428026692
Paper,0.5925,,1,0.25428979980934224,0.5925,9,0.0009004219409282,8.933,1.6723597470738596,10.338210200190657
Bioplastic,0.3785,,1,0.1263107721639657,0.3785,7,0.0007001321003963,7.47,1.672478938500421,8.252189227836034
Ceramic,0.4185,,1,0.23927550047664445,0.4185,5,0.0011995221027479,4.996,1.233510817645406,6.179224499523356
Metal,0.523,,1,0.44876072449952337,0.523,5,0.0018001912045889,4.117,0.9530565447754712,6.074239275500476
Metal,0.1315,,0,0.11272640610104862,0.1315,5,0.0017984790874524,4.527,0.6181649114945105,5.018773593898952
Plastic,0.0835,,1,0.0836510962821735,0.08349999999999999,2,0.0021017964071856,2.649,0.45466649364131834,2.9998489037178264
Paper,0.5325,,1,0.22855100095328884,0.5325,9,0.000900469483568,9.041,1.620752937762948,10.303948999046712
Paper,0.0995,,1,0.04265967588179218,0.0995,9,0.0008994974874371,9.821,0.6974640828600067,10.056840324118209
Metal,0.848,,1,0.7275977121067684,0.8480000000000001,5,0.0018001179245283,2.947,1.0246524218165065,6.120402287893231
Plastic,0.654,,1,0.6546711153479504,0.654,2,0.0021001529051987,0.2530000000000001,0.86660266531927,2.9993288846520496
Plastic,0.226,,1,0.2261677788369876,0.22599999999999998,2,0.0020995575221238,2.051,0.6928949291246529,2.9998322211630124
Bioplastic,0.552,,1,0.1842230695900858,0.5519999999999999,7,0.0007001811594202,7.227,1.942136508468891,8.367776930409914
Glass,0.147,,0,0.10510009532888466,0.147,6,0.0015,5.559,0.7167232163606785,6.041899904671116
Paper,0.3265,,1,0.14013346043851288,0.3265,9,0.0009004594180704,9.412,1.3596605795950774,10.186366539561487
Metal,0.417,,1,0.357721639656816,0.417,5,0.0017997601918465,4.4990000000000006,0.9110340518587942,6.059278360343184
Plastic,0.7125,,1,0.7132983794089609,0.7125,2,0.0021003508771929,0.0070000000000001,0.8760622399343609,2.9992016205910392
Plastic,0.3145,,0,0.3148236415633937,0.3145,2,0.0021001589825119,0.679,0.7581535102838102,1.9996763584366062
Ceramic,0.3425,,0,0.19590085795996187,0.34249999999999997,5,0.0012,4.178,1.157482280927835,5.1465991420400385
Ceramic,0.7765,,1,0.44423260247855106,0.7765,5,0.0012002575660012,4.136,1.4267796461727094,6.332267397521449
Plastic,0.494,,1,0.49451858913250724,0.49400000000000005,2,0.0021002024291497,0.9249999999999998,0.8309243966968652,2.999481410867493
Plastic,0.281,,0,0.2812202097235462,0.281,2,0.0020996441281138,0.8200000000000001,0.7371067766941737,1.9997797902764538
Plastic,0.3165,,1,0.3167302192564347,0.3165,2,0.0020995260663507,1.671,0.7594841587555758,2.9997697807435655
Metal,0.56,,1,0.4804575786463299,0.5599999999999999,5,0.0018,3.984,0.964756117589095,6.07954242135367
Metal,0.41,,1,0.3517635843660629,0.41,5,0.0018,4.524,0.9075543363578814,6.058236415633937
Metal,0.9085,,1,0.7795519542421354,0.9085000000000001,5,0.001800220143093,2.729,1.0329122635885764,6.1289480457578644
Ceramic,0.301,,1,0.17206863679694948,0.301,5,0.0011993355481727,5.2780000000000005,1.1063384723195515,6.12893136320305
Metal,0.885,,1,0.7592945662535748,0.885,5,0.0018,2.814,1.0299145773241625,6.125705433746425
Plastic,0.5325,,1,0.5328884652049571,0.5325,2,0.0020995305164319,0.7639999999999998,0.8413804789877993,2.9996115347950427
Glass,0.562,,1,0.401811248808389,0.562,6,0.0015,5.314,1.119943009118541,7.160188751191611
Bioplastic,0.953,,1,0.3179218303145854,0.953,7,0.0006998950682056,6.666,2.280330748175182,8.635078169685414
Metal,0.6255,,0,0.5367016205910391,0.6255,5,0.0018001598721023,2.748,0.9824067974247641,5.088798379408961
Paper,0.9975,,1,0.4280266920877026,0.9974999999999999,9,0.0009002506265664,8.204,1.8891090449539627,10.569473307912299
Glass,0.6465,,1,0.46234509056244044,0.6465,6,0.0015003866976024,5.0600000000000005,1.1496499406679097,7.184154909437559
Paper,0.3125,,1,0.13393708293612966,0.3125,9,0.0008992,9.438,1.3358292583537081,10.17856291706387
Glass,0.259,,1,0.18517635843660632,0.259,6,0.0015,6.223,0.9082099281297007,7.073823641563394
Paper,0.351,,1,0.15061963775023834,0.351,9,0.0009002849002849,9.368,1.4005287181437809,10.20038036224976
Ceramic,0.1395,,0,0.07983794089609153,0.1395,5,0.0012007168458781,4.665,0.7756983832494037,5.059662059103909
Glass,0.5455,,1,0.3901334604385129,0.5455,6,0.001500458295142,5.363,1.11296217057279,7.155366539561487
Paper,0.814,,1,0.3491420400381316,0.8140000000000001,9,0.0008998771498771,8.535,1.8123442640348082,10.464857959961869
Bioplastic,0.9415,,0,0.31410867492850336,0.9414999999999999,7,0.0006999468932554,5.682,2.273557780847145,7.627391325071496
Paper,0.3285,,0,0.14084842707340325,0.3285,9,0.0008995433789954,8.409,1.363928359390461,9.187651572926598
Paper,0.4755,,1,0.2040038131553861,0.4755,9,0.000900105152471,9.144,1.5641251175917215,10.271496186844614
Glass,0.9285,,0,0.6637273593898952,0.9285,6,0.0014997307485191,3.215,1.2157479872683017,6.264772640610104
Glass,0.169,,1,0.12082936129647284,0.16899999999999998,6,0.0015,6.493,0.7652967839412906,7.048170638703526
Paper,0.654,,1,0.2805052430886559,0.654,9,0.0008998470948012,8.823,1.7187673806839534,10.373494756911343
Metal,0.9895,,1,0.8489037178265014,0.9894999999999999,5,0.001799898938858,2.438,1.0427822985734378,6.140596282173498
Paper,0.157,,1,0.06744518589132507,0.157,9,0.0009012738853503,9.717,0.9376202675775691,10.089554814108675
Metal,0.5805,,1,0.498093422306959,0.5805,5,0.0018001722652885,3.91,0.970584156837743,6.082406577693041
Paper,0.5905,,1,0.2533365109628217,0.5905,9,0.000900084674005,8.937,1.6712113854040203,10.337163489037179
Glass,0.553,,1,0.39537654909437564,0.553,6,0.0015,5.341,1.1163225247762916,7.157623450905624
Plastic,0.4035,,1,0.40395614871306007,0.4035,2,0.0021003717472118,1.305,0.8006649011633407,2.99954385128694
Metal,0.2995,,1,0.2569113441372736,0.2995,5,0.0017996661101836,4.922,0.8391439636752135,6.042588655862726
Ceramic,0.335,,1,0.19161105815061966,0.335,5,0.0012,5.196,1.1487904543968617,6.143388941849381
Glass,0.817,,1,0.5841277407054338,0.817,6,0.0015,4.549,1.1942214171253396,7.232872259294567
Ceramic,0.888,,1,0.507864632983794,0.8880000000000001,5,0.0011998873873873,3.869,1.4608515643378033,6.380135367016206
Ceramic,0.793,,1,0.4535271687321259,0.7929999999999999,5,0.0011998738965952,4.097,1.4326306725221731,6.339472831267874
Plastic,0.181,,1,0.1811248808388942,0.181,2,0.0020994475138121,2.24,0.643841980332316,2.9998751191611057
Plastic,0.113,,0,0.11320305052430887,0.11299999999999999,2,0.0021017699115044,1.525,0.5300111781801922,1.999796949475691
Glass,0.309,,1,0.2209246901811249,0.309,6,0.0015,6.073,0.9628427149858904,7.088075309818875
Plastic,0.5085,,0,0.5090562440419447,0.5085,2,0.0021002949852507,-0.1360000000000001,0.8348982626389105,1.9994437559580551
Glass,0.1485,,0,0.10629170638703528,0.14850000000000002,6,0.0015016835016835,5.554,0.7198544362292052,6.042208293612965
Plastic,0.8145,,1,0.8153002859866539,0.8145,2,0.0021000613873542,-0.4209999999999998,0.8898718950164037,2.9991997140133457
Paper,0.1875,,1,0.0805529075309819,0.1875,9,0.0009013333333333,9.662,1.0384767687434,10.106947092469017
Bioplastic,0.72,,0,0.24022878932316494,0.72,7,0.0007,5.992,2.1162230316615296,7.479771210676835
Metal,0.1705,,1,0.1463298379408961,0.1705,5,0.0018005865102639,5.386,0.6921613777089783,6.024170162059104
Paper,0.3855,,1,0.165395614871306,0.3855,9,0.0009001297016861,9.306,1.4525484913793103,10.220104385128694
Glass,0.3035,,1,0.2168732125834128,0.3035,6,0.001499176276771,6.09,0.9577963297232248,7.086626787416587
Glass,0.425,,1,0.303860819828408,0.425,6,0.0014999999999999,5.725,1.052342735748849,7.121139180171592
Ceramic,0.4955,,0,0.28336510962821737,0.4955,5,0.0011997981836528,3.811,1.2925015541464628,5.212134890371782
Glass,0.659,,1,0.47116301239275504,0.659,6,0.0015,5.023,1.1537861971125762,7.187836987607245
Glass,0.106,,0,0.07578646329837942,0.10600000000000001,6,0.0015,5.682,0.603004338394794,6.030213536701621
Metal,0.065,,1,0.055767397521449005,0.065,5,0.0018,5.766,0.41728886168910645,6.009232602478551
Metal,0.972,,1,0.8338894184938037,0.9720000000000001,5,0.0017998971193415,2.501,1.0408084519981626,6.138110581506197
Ceramic,0.8235,,1,0.4709246901811249,0.8234999999999999,5,0.0011997571341833,4.024,1.4423968943062278,6.352575309818875
Paper,0.3555,,1,0.15252621544327932,0.35550000000000004,9,0.000900140646976,9.36,1.4077746319365798,10.20297378455672
Ceramic,0.362,,1,0.2071020019065777,0.362,5,0.0012002762430939,5.131,1.178761446531119,6.154897998093422
Bioplastic,0.7065,,1,0.23570066730219258,0.7065,7,0.0006999292285916,7.011,2.1045534573335223,8.470799332697808
Ceramic,0.5265,,1,0.3012392755004767,0.5265,5,0.0012003798670465,4.736,1.3121846044191017,6.225260724499524
Glass,0.737,,0,0.526930409914204,0.737,6,0.0014999999999999,3.789,1.1755690716946703,6.210069590085796
Glass,0.768,,0,0.5490943755958055,0.768,6,0.0014999999999999,3.696,1.1831869584373624,6.2189056244041945
Ceramic,0.544,,1,0.31124880838894187,0.544,5,0.0012003676470588,4.694,1.3228001854427447,6.232751191611059
Bioplastic,0.498,,1,0.16611058150619637,0.49800000000000005,7,0.0006997991967871,7.303,1.8714024717893607,8.331889418493805
Paper,0.8875,,1,0.38060057197330793,0.8875,9,0.0008997183098591,8.403,1.8466478230685308,10.506899428026692
Ceramic,0.931,,1,0.5324118207816969,0.931,5,0.0011997851772287,3.766,1.4721419957793187,6.3985881792183035
Paper,0.376,,1,0.16134413727359392,0.376,9,0.0009002659574468,9.323,1.4387160313696878,10.214655862726406
Ceramic,0.363,,1,0.20757864632983794,0.363,5,0.0011997245179063,5.129,1.180185960018596,6.155421353670161
Paper,0.8955,,1,0.38417540514775983,0.8955,9,0.0009000558347292,8.388,1.8495363260484345,10.51132459485224
Glass,0.0725,,1,0.0517159199237369,0.0725,6,0.0014965517241379,6.783,0.4778667923342758,7.020784080076263
Glass,0.9405,,1,0.6723069590085797,0.9404999999999999,6,0.0014997341839447,4.179,1.2177800407331973,7.26819304099142
Bioplastic,0.8325,,1,0.2776453765490944,0.8324999999999999,7,0.0006996996996996,6.835,2.2044490723210903,8.554854623450906
Metal,0.076,,1,0.06530028598665397,0.076,5,0.0018026315789473,5.726,0.4597693194925028,6.010699714013346
Glass,0.8385,,0,0.5993803622497618,0.8385,6,0.001499701848539,3.485,1.1989184215906767,6.239119637750238
Glass,0.3845,,1,0.2747855100095329,0.3845,6,0.0014993498049414,5.847,1.0259201322650389,7.109714489990467
Paper,0.7895,,1,0.33865586272640613,0.7895,9,0.0008999366687777,8.579,1.7998163642290557,10.450844137273593
Paper,0.947,,1,0.40633937082936133,0.9470000000000001,9,0.0009002111932418,8.295,1.8702871128683047,10.540660629170638
Metal,0.4695,,1,0.40276453765490944,0.46950000000000003,5,0.0017997870074547,4.3100000000000005,0.9338367463026166,6.066735462345091
Ceramic,0.944,,1,0.5400381315538608,0.944,5,0.0012002118644067,3.734,1.4749121239201668,6.403961868446139
Metal,0.6355,,1,0.5452812202097236,0.6355000000000001,5,0.0018001573564122,3.712,0.9848419264293101,6.090218779790277
Bioplastic,0.1965,,1,0.0655386081982841,0.1965,7,0.0006997455470737,7.725,1.1870342643247913,8.130961391801716
Paper,0.876,,1,0.37583412774070546,0.876,9,0.0009001141552511,8.423,1.8409776620254432,10.500165872259293
Paper,0.8215,,1,0.3524785510009533,0.8215,9,0.000900182592818,8.521,1.8155556726008635,10.469021448999047
Metal,0.778,,1,0.6675405147759772,0.778,5,0.0018001285347043,3.199,1.0136272744209154,6.110459485224023
Paper,0.2595,,0,0.11129647283126788,0.2595,9,0.0008998073217726,8.533,1.228132190390255,9.14820352716873
Bioplastic,0.2315,,1,0.07721639656816016,0.23149999999999998,7,0.0006997840172786,7.676,1.3063125336202257,8.15428360343184
Ceramic,0.3665,,1,0.20972354623450906,0.3665,5,0.001200545702592,5.12,1.183313327177593,6.156776453765492
Glass,0.816,,1,0.5834127740705434,0.8160000000000001,6,0.0015,4.552,1.1940075324313015,7.232587225929456
Plastic,0.834,,0,0.8348427073403242,0.834,2,0.0021001199040767,-1.503,0.8921286901544893,1.999157292659676
Ceramic,0.116,,0,0.06625357483317446,0.11599999999999999,5,0.0011982758620689,4.722,0.697729357798165,5.049746425166825
Metal,0.661,,1,0.567206863679695,0.661,5,0.0018003025718608,3.62,0.9906972424632091,6.093793136320304
Metal,0.928,,1,0.7962345090562442,0.9279999999999999,5,0.0018001077586206,2.659,1.035443280327607,6.131765490943756
Ceramic,0.21,,1,0.12011439466158247,0.21000000000000002,5,0.0012,5.496,0.9540493720225206,6.089885605338417
Glass,0.528,,1,0.3775023832221163,0.528,6,0.0015,5.416,1.1057536434418047,7.150497616777884
Glass,0.375,,0,0.26811248808388943,0.375,6,0.0015,4.875,1.0187103457205748,6.106887511916111
Glass,0.1085,,1,0.07769304099142041,0.1085,6,0.0015023041474654,6.674,0.6106035407725321,7.03080695900858
Ceramic,0.992,,1,0.5674451858913251,0.992,5,0.0012001008064516,3.619,1.4862643719203028,6.424554814108675
Ceramic,0.539,,1,0.30838894184938037,0.5389999999999999,5,0.0012003710575139,4.706,1.3198202614379084,6.230611058150619
Ceramic,0.856,,1,0.48951382268827454,0.8560000000000001,5,0.0011997663551401,3.946,1.4520439844760673,6.366486177311725
Paper,0.52,,1,0.22306959008579602,0.52,9,0.0009,9.064,1.6095603422838594,10.296930409914204
Glass,0.334,,1,0.2387988560533842,0.33399999999999996,6,0.0015,5.998,0.9858356781091725,7.095201143946616
Ceramic,0.1435,,1,0.08198284080076262,0.14350000000000002,5,0.001198606271777,5.656,0.7885358826610792,6.061517159199238
Paper,0.323,,1,0.138465204957102,0.323,9,0.0008993808049535,9.419,1.354495302818309,10.184534795042898
Bioplastic,0.99,,0,0.33031458531935176,0.99,7,0.0007,5.614,2.3006424457244132,7.659685414680649
Paper,0.868,,0,0.3722592945662536,0.868,9,0.0008997695852534,7.438,1.8379733548647557,9.495740705433747
Plastic,0.5825,,1,0.5829361296472833,0.5825,2,0.0020995708154506,0.5539999999999998,0.852934812953657,2.9995638703527168
Paper,0.3425,,1,0.14704480457578648,0.34249999999999997,9,0.0009007299270072,9.383,1.3863881921666985,10.195455195424213
Glass,0.3595,,1,0.25714966634890374,0.35950000000000004,6,0.001500695410292,5.921,1.0065808087548378,7.102350333651096
Ceramic,0.227,,0,0.12988560533841756,0.227,5,0.0012004405286343,4.455,0.9874476466929296,5.097114394661583
Plastic,0.251,,0,0.25119161105815063,0.251,2,0.0020996015936254,0.946,0.7147095548317046,1.9998083889418492
Plastic,0.2745,,1,0.2747855100095329,0.2745,2,0.0021001821493624,1.847,0.7324189240747807,2.9997144899904673
Glass,0.2675,,1,0.19113441372735943,0.26749999999999996,6,0.0014990654205607,6.198,0.9188195808775373,7.07636558627264
Ceramic,0.129,,1,0.07387988560533842,0.129,5,0.0012015503875968,5.69,0.741891447368421,6.055120114394661
Paper,0.2635,,1,0.11296472831267874,0.26349999999999996,9,0.0008994307400379,9.526,1.2372940913160246,10.150535271687321
Plastic,0.459,,0,0.45948522402287895,0.45899999999999996,2,0.0021002178649237,0.072,0.8203970011927074,1.9995147759771212
Plastic,0.197,,1,0.1970924690181125,0.197,2,0.0020989847715736,2.173,0.6630932135408311,2.9999075309818877
Plastic,0.956,,0,0.9568636796949476,0.9560000000000001,2,0.0020998953974895,-2.015,0.9045632075046228,1.9991363203050523
Paper,0.689,,1,0.2955195424213537,0.689,9,0.000899854862119,8.76,1.7420125331405156,10.393480457578647
Bioplastic,0.446,,1,0.14871306005719734,0.446,7,0.0006995515695067,7.376,1.7932311230356457,8.297286939942802
Paper,0.9365,,1,0.401811248808389,0.9365,9,0.0009001601708489,8.314,1.8662395516717323,10.534688751191611
Bioplastic,0.8725,,1,0.29122974261201146,0.8724999999999999,7,0.0007002865329512,6.7780000000000005,2.230147417153996,8.581270257387986
Plastic,0.377,,1,0.3772640610104862,0.377,2,0.0020994694960212,1.417,0.7899191051632877,2.9997359389895135
Glass,0.2635,,0,0.18827454718779793,0.26349999999999996,6,0.0014990512333965,5.21,0.9140591931216928,6.075225452812202
Glass,0.216,,1,0.15443279313632033,0.21600000000000003,6,0.0015,6.352,0.8489471712251779,7.06156720686368
Ceramic,0.8925,,1,0.5104861773117254,0.8925000000000001,5,0.0012,3.858,1.461949562773267,6.3820138226882746
Plastic,0.8125,,0,0.813393708293613,0.8125,2,0.0021003076923076,-1.4129999999999998,0.8895397380368418,1.9991062917063869
Metal,0.31,,1,0.26596758817921834,0.31,5,0.0018,4.884,0.8470695493618128,6.0440324118207815
Glass,0.547,,1,0.3910867492850334,0.5469999999999999,6,0.0015,5.359,1.1138561584004658,7.155913250714966
Plastic,0.63,,0,0.6306005719733079,0.63,2,0.0021,-0.6459999999999999,0.8623042797494781,1.999399428026692
Metal,0.885,,1,0.7592945662535748,0.885,5,0.0018,2.814,1.0299145773241625,6.125705433746425
Plastic,0.2335,,0,0.23379408960915157,0.23349999999999999,2,0.0021006423982869,1.019,0.6995330572611738,1.9997059103908483
Bioplastic,0.077,,0,0.025738798856053385,0.077,7,0.0007012987012987,6.892,0.6123805913570887,7.051261201143946
Paper,0.5615,,1,0.24094375595805528,0.5615,9,0.000900267141585,8.989,1.6468992031315532,10.320556244041946
Ceramic,0.956,,1,0.5467111534795044,0.9560000000000001,5,0.001199790794979,3.706,1.4782488207547169,6.4092888465204965
Paper,0.929,,1,0.3984747378455672,0.9289999999999999,9,0.0008998923573735,8.328,1.863685217058711,10.530525262154432
Metal,0.9015,,1,0.7733555767397522,0.9015000000000001,5,0.0017997781475318,2.755,1.0322256180756426,6.128144423260248
Paper,0.5765,,0,0.24737845567206865,0.5765,9,0.0009002601908065,7.962,1.6595732711306257,9.329121544327931
Plastic,0.642,,1,0.6425166825548142,0.642,2,0.0020996884735202,0.3039999999999998,0.8646270381306971,2.999483317445186
Ceramic,0.5455,,1,0.3119637750238322,0.5455,5,0.0011998166819431,4.691,1.3241455513132014,6.233536224976167
Paper,0.359,,1,0.15395614871306007,0.359,9,0.0008997214484679,9.354,1.4136298798798799,10.20504385128694
Ceramic,0.8645,,1,0.49451858913250724,0.8644999999999999,5,0.0012001156737998,3.925,1.454117694219514,6.369981410867492
Ceramic,0.6605,,0,0.37774070543374644,0.6605000000000001,5,0.0011998485995457,3.415,1.3825491369849348,5.282759294566254
Metal,0.674,,1,0.5781696854146807,0.674,5,0.0017997032640949,3.574,0.9938515603036266,6.09583031458532
Glass,0.294,,0,0.21020019065776932,0.294,6,0.0015,5.118,0.9477750460971112,6.0837998093422305
Glass,0.443,,1,0.3167302192564347,0.44299999999999995,6,0.0015,5.671,1.0630378588585152,7.126269780743565
Paper,0.3075,,1,0.13179218303145857,0.3075,9,0.0008991869918699,9.447,1.3266193707587906,10.17570781696854
Plastic,0.74,,1,0.7407054337464253,0.74,2,0.0021,-0.1080000000000001,0.8802131760970631,2.999294566253575
Bioplastic,0.265,,1,0.08841754051477599,0.265,7,0.0007,7.629,1.406450796863142,8.176582459485225
Metal,0.5225,,1,0.44828408007626314,0.5225,5,0.0018,4.119,0.9529731374424062,6.074215919923737
Plastic,0.8645,,1,0.8653479504289799,0.8644999999999999,2,0.0021000578368999,-0.6309999999999998,0.8955320199476621,2.99915204957102
Ceramic,0.8175,,1,0.46758817921830315,0.8175000000000001,5,0.0012,4.038,1.4403048370843132,6.3499118207816965
Bioplastic,0.2095,,1,0.06982840800762631,0.20950000000000002,7,0.0006992840095465,7.707,1.2335980914959304,8.139671591992373
Glass,0.401,,1,0.2867016205910391,0.40099999999999997,6,0.0015,5.797,1.036975224947615,7.114298379408961
Paper,0.5475,,1,0.2349857006673022,0.5475,9,0.0009004566210045,9.014,1.6343981217985202,10.312514299332697
Paper,0.5965,,1,0.2559580552907531,0.5965,9,0.0009002514668901,8.926,1.675759239421532,10.340541944709248
Paper,0.925,,1,0.3968064823641564,0.925,9,0.0009,8.335,1.861891969682433,10.528193517635845
Ceramic,0.4465,,0,0.2554814108674929,0.4465,5,0.0012004479283314,3.928,1.2560431751139716,5.191018589132508
Bioplastic,0.251,,1,0.0836510962821735,0.251,7,0.0006992031872509,7.649,1.3667220347780948,8.167348903717828
Bioplastic,0.495,,1,0.16515729265967588,0.495,7,0.0007,7.307,1.866816465935646,8.329842707340324
Paper,0.2605,,1,0.11177311725452813,0.2605,9,0.0009001919385796,9.531,1.2300900292595094,10.148726882745473
Ceramic,0.4355,,0,0.2490467111534795,0.43550000000000005,5,0.0011997703788748,3.955,1.247684009285812,5.186453288846521
Ceramic,0.6265,,0,0.3584366062917064,0.6265,5,0.0012003192338387,3.496,1.3666011644832603,5.268063393708293
Glass,0.8775,,1,0.6272640610104863,0.8775000000000001,6,0.001499715099715,4.368,1.2065768777034998,7.250235938989514
Glass,0.54,,1,0.3860819828408008,0.54,6,0.0015,5.38,1.1109237105314766,7.153918017159199
Ceramic,0.1995,,1,0.11415633937082936,0.1995,5,0.0012005012531328,5.521,0.9315624304473625,6.085343660629171
Bioplastic,0.1965,,1,0.0655386081982841,0.1965,7,0.0006997455470737,7.725,1.1870342643247913,8.130961391801716
Plastic,0.2305,,1,0.23069590085795996,0.2305,2,0.0020997830802603,2.032,0.697014989910637,2.99980409914204
Glass,0.7915,,1,0.5657769304099143,0.7915,6,0.0014996841440303,4.626,1.1888366265750285,7.225723069590086
Paper,0.9985,,1,0.4282650142993327,0.9984999999999999,9,0.0008998497746619,8.203,1.89014977894072,10.570234985700667
Metal,0.9665,,1,0.8291229742612012,0.9664999999999999,5,0.0017997930677703,2.521,1.0402282870774122,6.1373770257387985
Plastic,0.342,,0,0.342230695900858,0.34199999999999997,2,0.0020994152046783,0.5640000000000001,0.7733520155205863,1.999769304099142
Paper,0.694,,1,0.29766444232602485,0.6940000000000001,9,0.0008998559077809,8.751,1.7451899796236365,10.396335557673975
Paper,0.81,,1,0.3474737845567207,0.8099999999999999,9,0.0009,8.542,1.8101619088197698,10.46252621544328
Bioplastic,0.444,,0,0.14823641563393708,0.44400000000000006,7,0.0007004504504504,6.378,1.7886175115207374,7.295763584366063
Plastic,0.7375,,1,0.7383222116301239,0.7375,2,0.0021003389830508,-0.0979999999999998,0.8797333409142598,2.999177788369876
Ceramic,0.165,,1,0.09437559580552908,0.16499999999999998,5,0.0012,5.604,0.8488719960765079,6.070624404194471
Ceramic,0.4645,,1,0.26572926596758817,0.46449999999999997,5,0.0012002152852529,4.885,1.270065163560537,6.198770734032412
Metal,0.9965,,1,0.8548617731172546,0.9964999999999999,5,0.0017997992975413,2.413,1.04360654919383,6.141638226882746
Metal,0.444,,1,0.3808388941849381,0.44400000000000006,5,0.0017995495495495,4.402,0.9233862014274385,6.063161105815062
Bioplastic,0.7835,,1,0.261439466158246,0.7835,7,0.0007000638162093,6.9030000000000005,2.1677212185150996,8.522060533841755
Bioplastic,0.5955,,1,0.19876072449952337,0.5955,7,0.0007002518891687,7.166,1.9932338864071473,8.396739275500478
Paper,0.1145,,0,0.04909437559580553,0.1145,9,0.0008995633187772,8.794,0.7679699488491049,9.065405624404194
Bioplastic,0.4835,,0,0.16134413727359392,0.4835,7,0.0007001034126163,6.323,1.8500510669341597,7.322155862726406
Ceramic,0.2485,,1,0.14204003813155386,0.2485,5,0.0011991951710261,5.404,1.0266896415911777,6.106459961868446
Metal,0.068,,0,0.058388941849380364,0.068,5,0.0018014705882352,4.755,0.4293229009930785,5.009611058150619
Plastic,0.6035,,1,0.6041468064823642,0.6035,2,0.0021002485501242,0.4649999999999998,0.857065592635213,2.999353193517636
Glass,0.714,,1,0.5104861773117254,0.714,6,0.0015,4.8580000000000005,1.1695596502186134,7.203513822688275
Plastic,0.8435,,1,0.8443755958055291,0.8435,2,0.0021001778304682,-0.5430000000000001,0.8931827587947307,2.999124404194471
Glass,0.4325,,1,0.3093422306959009,0.4325,6,0.001500578034682,5.702,1.0565731252911037,7.1231577693040995
Bioplastic,0.9065,,0,0.30243088655862727,0.9065,7,0.0006999448428019,5.731,2.2525607011725692,7.604069113441373
Ceramic,0.818,,0,0.4678265014299333,0.818,5,0.0011998777506112,3.037,1.4405808780324014,5.350173498570066
Plastic,0.213,,0,0.21329837940896093,0.213,2,0.0021009389671361,1.105,0.6798630762209036,1.9997016205910392
Bioplastic,0.556,,1,0.18541468064823644,0.5559999999999999,7,0.0006996402877697,7.221999999999999,1.9480427521710082,8.370585319351765
Bioplastic,0.1855,,1,0.06196377502383223,0.1855,7,0.0007008086253369,7.74,1.1453178340200116,8.123536224976169
Plastic,0.2835,,1,0.28384175405147766,0.2835,2,0.0021005291005291,1.809,0.7385856202657393,2.9996582459485226
Paper,0.4895,,1,0.2099618684461392,0.48949999999999994,9,0.000899897854954,9.119,1.5792265108411498,10.27953813155386
Plastic,0.31,,0,0.3102955195424214,0.31,2,0.0021,0.698,0.755552973977695,1.9997044804575785
Metal,0.936,,0,0.8031458531935177,0.9359999999999999,5,0.0018002136752136,1.63,1.0363774540848636,5.1328541468064826
Metal,0.3165,,1,0.27144899904671116,0.3165,5,0.0017993680884676,4.861,0.8520685230334917,6.045051000953288
Metal,0.7065,,1,0.6060533841754052,0.7065,5,0.0017997169143665,3.457,1.0006325524876798,6.100446615824595
Ceramic,0.317,,1,0.18136320305052434,0.317,5,0.0012003154574132,5.239,1.1266576317126884,6.135636796949476
Paper,0.272,,0,0.11677788369876073,0.272,9,0.0009007352941176,8.51,1.2547405452946352,9.155222116301239
Paper,0.7455,,0,0.31982840800762635,0.7455,9,0.0009000670690811,7.657999999999999,1.7757254768392372,9.425671591992373
Bioplastic,0.895,,1,0.29861773117254525,0.8949999999999999,7,0.0007,6.747,2.245258878392921,8.596382268827455
Bioplastic,0.8635,,1,0.28813155386081984,0.8634999999999999,7,0.0007000579038795,6.791,2.2247611445413233,8.57536844613918
Ceramic,0.355,,1,0.20305052430886558,0.355,5,0.0012,5.148,1.1714218307643913,6.151949475691135
Metal,0.5245,,1,0.449952335557674,0.5245,5,0.0017998093422306,4.112,0.9537190154272837,6.074547664442326
Paper,0.988,,1,0.42373689227836037,0.9880000000000001,9,0.0008997975708502,8.222,1.886443392792137,10.56426310772164
Bioplastic,0.404,,1,0.13489037178265015,0.404,7,0.0007004950495049,7.434,1.7199512987012988,8.26910962821735
Glass,0.794,,1,0.5676835081029553,0.794,6,0.0015,4.618,1.1891861793260992,7.2263164918970455
Ceramic,0.7595,,1,0.43446139180171595,0.7595,5,0.0012001316655694,4.177,1.4210568090609113,6.325038608198284
Plastic,0.1575,,1,0.15753098188751194,0.1575,2,0.0020984126984126,2.339,0.6115769017212659,2.999969018112488
Metal,0.346,,1,0.29694947569113445,0.346,5,0.001800578034682,4.754,0.871647454370797,6.049050524308866
Ceramic,0.4475,,0,0.2559580552907531,0.44749999999999995,5,0.0012,3.926,1.2571705945366898,5.191541944709247
Plastic,0.6195,,1,0.6201143946615825,0.6195,2,0.0021000807102502,0.3980000000000001,0.8602799841143766,2.9993856053384174
Metal,0.3905,,1,0.33508102955195423,0.39049999999999996,5,0.0018002560819462,4.594,0.8975339614373355,6.055418970448046
Paper,0.38,,1,0.1630123927550048,0.38,9,0.0009,9.316,1.444798840159478,10.216987607244995
Ceramic,0.5195,,0,0.29718779790276456,0.5195000000000001,5,0.0012001924927815,3.753,1.3079455178207129,5.2223122020972355
Metal,0.77,,0,0.6606291706387035,0.77,5,0.0018,2.228,1.0123198395788946,5.109370829361296
Plastic,0.5315,,1,0.5319351763584367,0.5315000000000001,2,0.0020997177798682,0.7679999999999998,0.8410672801327501,2.9995648236415637
Ceramic,0.6385,,1,0.3651096282173499,0.6385,5,0.0011996867658574,4.468,1.3727946300471405,6.27339037178265
Paper,0.4835,,0,0.20734032411820782,0.4835,9,0.0008996897621509,8.13,1.5731746277915633,9.276159675881791
Bioplastic,0.683,,1,0.22783603431839847,0.683,7,0.0006998535871156,7.0440000000000005,2.0833585344576915,8.455163965681601
Bioplastic,0.9395,,1,0.31339370829361296,0.9395,7,0.0006998403406067,6.6850000000000005,2.272651908220915,8.626106291706385
Paper,0.4265,,1,0.1830314585319352,0.4265,9,0.0009003516998827,9.232,1.5068996295048835,10.243468541468065
Plastic,0.512,,1,0.5123927550047664,0.512,2,0.002099609375,0.8500000000000001,0.8360647571606477,2.9996072449952336
Glass,0.4435,,1,0.317206863679695,0.44349999999999995,6,0.0015005636978579,5.6690000000000005,1.0630218210899118,7.126293136320305
Glass,0.837,,1,0.5984270734032412,0.837,6,0.0015,4.489,1.19840715211902,7.238572926596759
Paper,0.0695,,1,0.02979027645376549,0.06949999999999999,9,0.0008992805755395,9.875,0.5354792508262944,10.039709723546235
Metal,0.554,,1,0.4752144899904671,0.554,5,0.0017996389891696,4.006,0.9631189923765331,6.078785510009533
Glass,0.5285,,1,0.37774070543374644,0.5285,6,0.0014995269631031,5.415,1.1062486281552428,7.150759294566254
Plastic,0.496,,1,0.4964251668255482,0.496,2,0.0020997983870967,0.9169999999999998,0.831621513625829,2.9995748331744516
Ceramic,0.1595,,1,0.09127740705433747,0.1595,5,0.0012006269592476,5.617,0.8338674308497382,6.068222592945663
Paper,0.426,,1,0.18279313632030506,0.426,9,0.000900234741784,9.233,1.5064014832293948,10.243206863679696
Metal,0.5085,,1,0.4363679694947569,0.5085,5,0.0018003933136676,4.1690000000000005,0.948043188483071,6.072132030505243
Metal,0.6755,,1,0.5795996186844614,0.6755,5,0.00180014803849,3.568,0.9939675971384486,6.095900381315538
Metal,0.579,,1,0.49666348903717833,0.579,5,0.0017996545768566,3.916,0.9703962294296211,6.082336510962821
Plastic,0.162,,0,0.1620591039084843,0.162,2,0.0020987654320987,1.3199999999999998,0.6181811567842851,1.9999408960915157
Bioplastic,0.1295,,0,0.043136320305052434,0.1295,7,0.0006988416988416,6.819,0.9047319347319347,7.086363679694948
Ceramic,0.6745,,1,0.38584366062917064,0.6745,5,0.0012001482579688,4.381,1.3883066810556264,6.28865633937083
Glass,0.449,,1,0.32102001906577693,0.449,6,0.0015,5.6530000000000005,1.066457602173667,7.127979980934223
Glass,0.6385,,1,0.45638703527168734,0.6385,6,0.0014996084573218,5.085,1.1475824552385847,7.182112964728312
Bioplastic,0.1135,,1,0.03789323164918971,0.1135,7,0.0007004405286343,7.841,0.8231005876253025,8.075606768350811
Paper,0.495,,1,0.21234509056244044,0.495,9,0.0009,9.109,1.5847855943842515,10.282654909437559
Ceramic,0.8875,,1,0.507626310772164,0.8875,5,0.0012,3.87,1.4606016630059615,6.3798736892278365
Ceramic,0.077,,1,0.04408960915157293,0.077,5,0.0012012987012987,5.815,0.5343896791266953,6.032910390848427
Metal,0.98,,1,0.8408007626310773,0.9800000000000001,5,0.0018,2.472,1.04166582227176,6.139199237368923
Paper,0.5435,,1,0.2330791229742612,0.5435,9,0.0008997240110395,9.022,1.6317444190040067,10.310420877025738
Plastic,0.277,,0,0.27716873212583415,0.277,2,0.0020992779783393,0.837,0.7344193099962089,1.9998312678741659
Metal,0.7775,,1,0.6670638703527169,0.7775000000000001,5,0.0018,3.201,1.013605294227304,6.110436129647283
Ceramic,0.4665,,1,0.26692087702573886,0.4665,5,0.0012004287245444,4.88,1.2713912704598596,6.199579122974261
Ceramic,0.5115,,1,0.2926596758817922,0.5115000000000001,5,0.0012003910068426,4.772,1.3026547705753826,6.218840324118208
Ceramic,0.4095,,1,0.23427073403241183,0.4095,5,0.0012002442002442,5.017,1.225054898046485,6.175229265967587
Metal,0.5285,,1,0.4535271687321259,0.5285,5,0.0018003784295175,4.097,0.9547860156720914,6.074972831267874
Paper,0.5045,,1,0.21639656816015254,0.5045,9,0.0008999008919722,9.092,1.5945179270864716,10.288103431839847
Metal,0.2485,,1,0.21329837940896093,0.2485,5,0.0018008048289738,5.105,0.7931735889243876,6.035201620591039
Glass,0.795,,1,0.5683984747378455,0.795,6,0.0014999999999999,4.615,1.1894102545817586,7.226601525262154
Metal,0.7025,,1,0.6027168732125834,0.7025,5,0.0018,3.471,0.9996913789595063,6.0997831267874165
Ceramic,0.3705,,1,0.21186844613918018,0.3705,5,0.0011997300944669,5.111,1.1880009170105454,6.15863155386082
Glass,0.0625,,1,0.0448045757864633,0.0625,6,0.001504,6.812,0.43161619486504277,7.017695424213537
Bioplastic,0.345,,1,0.11510962821734987,0.34500000000000003,7,0.0007,7.517,1.603833370263683,8.229890371782648
Bioplastic,0.6975,,0,0.23260247855100097,0.6975,7,0.0006996415770609,6.024,2.0970980223559756,7.464897521448999
Glass,0.9745,,1,0.6968541468064824,0.9744999999999999,6,0.0015002565418163,4.0760000000000005,1.2229339633927503,7.277645853193517
Glass,0.788,,1,0.563393708293613,0.788,6,0.0015,4.636,1.1878315849978445,7.224606291706388
Metal,0.0855,,1,0.07340324118207818,0.08549999999999999,5,0.0018011695906432,5.692,0.49307036833424955,6.012096758817922
Bioplastic,0.886,,1,0.2955195424213537,0.8859999999999999,7,0.0006997742663656,6.76,2.240091588334538,8.590480457578646
Paper,0.726,,1,0.311487130600572,0.726,9,0.0009001377410468,8.693,1.7643322135989807,10.414512869399427
Plastic,0.9805,,1,0.9814108674928504,0.9804999999999999,2,0.0020999490056093,-1.1180000000000003,0.9066859132581099,2.99908913250715
Glass,0.844,,1,0.6034318398474738,0.844,6,0.0015,4.468,1.1998319555495323,7.2405681601525265
Plastic,0.629,,1,0.6296472831267874,0.629,2,0.0021001589825119,0.3580000000000001,0.862060360595767,2.9993527168732124
Bioplastic,0.267,,1,0.08913250714966635,0.267,7,0.0007003745318352,7.626,1.4117086693548389,8.177867492850334
Metal,0.226,,0,0.19399428026692087,0.22599999999999998,5,0.0018008849557522,4.186,0.7687224383916991,5.032005719733079
Ceramic,0.1635,,1,0.09342230695900859,0.1635,5,0.0011987767584097,5.608,0.8453006407097092,6.070077693040991
Metal,0.8015,,1,0.6875595805529076,0.8015000000000001,5,0.0017997504678727,3.115,1.017700780729892,6.1139404194470925
Paper,0.2135,,1,0.0915157292659676,0.21349999999999997,9,0.0008992974238875,9.616,1.1147909407665502,10.121984270734032
Glass,0.768,,1,0.5490943755958055,0.768,6,0.0014999999999999,4.696,1.1831869584373624,7.2189056244041945
Plastic,0.0855,,1,0.0855576739752145,0.08549999999999999,2,0.0020994152046783,2.641,0.46077318263549955,2.9999423260247857
Bioplastic,0.758,,1,0.2528598665395615,0.758,7,0.0006998680738786,6.939,2.148161556125895,8.505140133460438
Plastic,0.298,,1,0.2983794089609152,0.298,2,0.0021006711409395,1.748,0.7480306293371619,2.999620591039085
Glass,0.1695,,1,0.12106768350810296,0.1695,6,0.0014985250737463,6.492,0.7667335058214748,7.048432316491898
Bioplastic,0.8805,,1,0.29385128693994284,0.8805,7,0.0007001703577512,6.767,2.235615393924724,8.586648713060058
Ceramic,0.1205,,1,0.06887511916110581,0.12050000000000001,5,0.0011991701244813,5.711,0.7135450183460345,6.051624880838894
Metal,0.17,,1,0.14585319351763584,0.16999999999999998,5,0.0018,5.388,0.6914695618456765,6.0241468064823644
Paper,0.625,,1,0.26811248808388943,0.625,9,0.0009,8.875,1.6978505762009581,10.35688751191611
Plastic,0.36,,1,0.3603431839847474,0.36,2,0.0021,1.488,0.7820252640298198,2.9996568160152526
Plastic,0.5895,,1,0.5900857959961868,0.5894999999999999,2,0.002100084817642,0.524,0.8542416079569001,2.999414204003813
Metal,0.8265,,0,0.7090085795996187,0.8265,5,0.0017997580157289,2.025,1.021620809521004,5.117491420400381
Plastic,0.2835,,1,0.28384175405147766,0.2835,2,0.0021005291005291,1.809,0.7385856202657393,2.9996582459485226
Bioplastic,0.312,,1,0.10414680648236416,0.312,7,0.0007003205128205,7.563,1.5283119308895634,8.207853193517638
Bioplastic,0.4205,,1,0.140371782650143,0.4205,7,0.0007003567181926,7.411,1.7493733888558396,8.280128217349857
Metal,0.9355,,0,0.8026692087702574,0.9355,5,0.0018001068947087,1.632,1.0363707888900624,5.132830791229743
Paper,0.684,,1,0.2933746425166826,0.6839999999999999,9,0.0008998538011695,8.769,1.7388004362050158,10.390625357483316
Paper,0.798,,1,0.342230695900858,0.798,9,0.0008997493734335,8.564,1.8044880362147016,10.455769304099142
Paper,0.9465,,1,0.40610104861773116,0.9465,9,0.0009001584786053,8.296,1.8701798832171783,10.540398951382269
Plastic,0.7435,,1,0.7442802669208771,0.7434999999999999,2,0.0021002017484868,-0.1230000000000002,0.8806317394004403,2.999219733079123
Glass,0.772,,1,0.551954242135367,0.772,6,0.0014999999999999,4.684,1.1841321830677,7.220045757864633
Metal,0.598,,1,0.5131077216396569,0.5980000000000001,5,0.0018001672240802,3.847,0.9753587809997668,6.084892278360343
Paper,0.457,,0,0.196139180171592,0.457,9,0.0009004376367614,8.177,1.543193304361822,9.260860819828409
Plastic,0.7715,,1,0.7721639656816016,0.7715,2,0.002099805573558,-0.2400000000000002,0.8845813750136626,2.9993360343183983
Bioplastic,0.512,,1,0.17087702573879887,0.512,7,0.0007001953125,7.283,1.890156607425655,8.341122974261202
Metal,0.75,,1,0.6434699714013347,0.75,5,0.0018,3.3,1.008783177330427,6.106530028598665
Ceramic,0.374,,1,0.2140133460438513,0.374,5,0.0012005347593582,5.102,1.1910321797207042,6.159986653956149
Plastic,0.3495,,1,0.34985700667302194,0.34950000000000003,2,0.0021001430615164,1.532,0.7769135410044501,2.999642993326978
Paper,0.3905,,1,0.16754051477597712,0.39049999999999996,9,0.0009001280409731,9.297,1.459592018528416,10.222959485224022
Glass,0.721,,1,0.515490943755958,0.721,6,0.0014999999999999,4.837,1.1714225973824828,7.205509056244042
Metal,0.124,,1,0.10629170638703528,0.124,5,0.0017983870967741,5.554,0.601090573012939,6.017708293612964
Paper,0.25,,1,0.10724499523355578,0.25,9,0.0009,9.55,1.2063017479300828,10.142755004766444
Glass,0.6525,,1,0.4666348903717827,0.6525000000000001,6,0.0015003831417624,5.042,1.1515351615074023,7.185865109628217
Plastic,0.478,,0,0.4785510009532889,0.47800000000000004,2,0.0021004184100418,-0.008,0.8262020102158509,1.9994489990467113
Ceramic,0.5475,,1,0.3131553860819829,0.5475,5,0.0012,4.686,1.3251672819566218,6.234344613918017
Plastic,0.2615,,1,0.2616777883698761,0.2615,2,0.0020994263862332,1.902,0.7230192409066948,2.9998222116301236
Plastic,0.4625,,0,0.4628217349857007,0.4625,2,0.0020994594594594,0.058,0.821752201897019,1.9996782650142992
Bioplastic,0.5685,,1,0.18970448045757868,0.5685,7,0.0007000879507475,7.204,1.9623445212240866,8.378795519542422
Ceramic,0.4515,,1,0.25834127740705437,0.45149999999999996,5,0.0012004429678848,4.916,1.259972067039106,6.193158722592946
Ceramic,0.935,,0,0.5347950428979982,0.9349999999999999,5,0.0012,2.756,1.4729163538068777,5.400204957102002
Metal,0.8435,,0,0.7237845567206864,0.8435,5,0.001800237107291,1.963,1.0239327663021467,5.119715443279313
Glass,0.421,,0,0.3010009532888465,0.421,6,0.0014999999999999,4.737,1.0498728158801853,6.119999046711154
Glass,0.6075,,1,0.43446139180171595,0.6075,6,0.0015004115226337,5.177,1.1366583429947383,7.173038608198284
Metal,0.392,,1,0.33627264061010487,0.392,5,0.0017997448979591,4.589,0.89852070359445,6.055727359389896
Bioplastic,0.162,,1,0.054099142040038135,0.162,7,0.0007006172839506,7.773,1.051271265078874,8.107900857959962
Paper,0.445,,0,0.19089609151572928,0.445,9,0.0009,8.199,1.529755857774865,9.254103908484272
Paper,0.4525,,1,0.194232602478551,0.4525,9,0.0009005524861878,9.185,1.5378989146282198,10.25826739752145
Plastic,0.306,,1,0.3062440419447092,0.306,2,0.0020996732026143,1.715,0.7532418162618797,2.9997559580552906
Paper,0.362,,1,0.15538608198284082,0.362,9,0.0009005524861878,9.348,1.4174617394550202,10.20661391801716
Plastic,0.313,,1,0.31339370829361296,0.313,2,0.0021006389776357,1.685,0.7571474691571544,2.999606291706387
Paper,0.086,,1,0.03693994280266921,0.086,9,0.0009011627906976,9.845,0.6280125304559693,10.04906005719733
Plastic,0.2395,,1,0.23975214489990468,0.2395,2,0.0021002087682672,1.994,0.704925645342312,2.9997478551000953
Metal,0.316,,1,0.27121067683508104,0.316,5,0.0018006329113924,4.862,0.8512686183872625,6.044789323164919
Metal,0.1805,,1,0.15490943755958056,0.1805,5,0.0018005540166204,5.35,0.7080946148092745,6.02559056244042
Bioplastic,0.497,,1,0.16587225929456625,0.497,7,0.0007002012072434,7.304,1.8693187522409465,8.331127740705433
Glass,0.3035,,1,0.2168732125834128,0.3035,6,0.001499176276771,6.09,0.9577963297232248,7.086626787416587
Ceramic,0.6845,,1,0.39156339370829363,0.6845,5,0.0012001460920379,4.357,1.3924958789876856,6.292936606291706
Paper,0.6165,,0,0.2645376549094376,0.6165,9,0.0009002433090024,7.89,1.6911833158995817,9.351962345090563
Plastic,0.685,,1,0.6856530028598665,0.6849999999999999,2,0.0021,0.1230000000000002,0.871886185767154,2.9993469971401336
Glass,0.8175,,0,0.584604385128694,0.8175000000000001,6,0.0015003058103975,3.547,1.1941203091276198,6.232895614871306
Glass,0.672,,1,0.4804575786463299,0.6719999999999999,6,0.0015,4.984,1.1577073411069139,7.19154242135367
Paper,0.86,,0,0.3689227836034319,0.86,9,0.0009,7.452,1.8339906485057937,9.491077216396567
Paper,0.321,,1,0.13775023832221162,0.321,9,0.0009003115264797,9.422,1.3501563753007217,10.183249761677788
Glass,0.88,,1,0.6291706387035272,0.8800000000000001,6,0.0015,4.359999999999999,1.2068505687017912,7.250829361296473
Paper,0.1855,,1,0.0795996186844614,0.1855,9,0.0009002695417789,9.666,1.0328529723991506,10.105900381315537
Paper,0.2975,,1,0.12750238322211632,0.2975,9,0.0008991596638655,9.465,1.3076786088413994,10.169997616777882
Metal,0.321,,1,0.27550047664442323,0.321,5,0.0018006230529595,4.844,0.854859101294745,6.045499523355576
Ceramic,0.372,,1,0.21282173498570067,0.372,5,0.0012002688172043,5.107,1.1891756818528112,6.159178265014299
Metal,0.2675,,0,0.22950428979980936,0.26749999999999996,5,0.0018,4.037,0.8118255460726166,5.037995710200191
Paper,0.11,,1,0.04718779790276454,0.11000000000000001,9,0.0009,9.802,0.7473445595854923,10.062812202097234
Metal,0.9925,,1,0.8515252621544328,0.9925,5,0.0018,2.427,1.0430621650052598,6.140974737845567
Ceramic,0.251,,0,0.1434699714013346,0.251,5,0.0011992031872509,4.398,1.03092795614722,5.107530028598665
Ceramic,0.981,,1,0.5610104861773118,0.9810000000000001,5,0.0011997961264016,3.646,1.4840914335160083,6.419989513822689
Glass,0.3775,,1,0.2700190657769304,0.3775,6,0.0015006622516556,5.867,1.0202176993430374,7.10748093422307
Paper,0.1645,,1,0.07054337464251668,0.1645,9,0.0008996960486322,9.704,0.964564002235886,10.093956625357484
Glass,0.375,,1,0.26811248808388943,0.375,6,0.0015,5.875,1.0187103457205748,7.106887511916111
Glass,0.648,,1,0.46329837940896096,0.648,6,0.0015,5.056,1.1503672364190216,7.184701620591039
Metal,0.4285,,1,0.3677311725452812,0.4285,5,0.0018004667444574,4.457,0.9161245286864365,6.0607688274547185
Glass,0.928,,0,0.663489037178265,0.9279999999999999,6,0.0014999999999999,3.216,1.2154725933325008,6.264510962821735
Glass,0.3955,,1,0.28288846520495714,0.3955,6,0.0015006321112515,5.813,1.0329378812398855,7.112611534795043
Paper,0.568,,1,0.24356530028598666,0.568,9,0.0008996478873239,8.978,1.6532519422863483,10.324434699714013
Plastic,0.117,,1,0.11701620591039086,0.11699999999999999,2,0.0020982905982905,2.509,0.5391302437952997,2.999983794089609
Metal,0.5145,,0,0.44137273593898957,0.5145,5,0.0017998056365403,3.148,0.950361859482303,5.073127264061011
Glass,0.2045,,1,0.1463298379408961,0.2045,6,0.0015012224938875,6.386,0.8301876934984519,7.058170162059104
Paper,0.412,,1,0.17683508102955198,0.41200000000000003,9,0.0009004854368932,9.258,1.488250688705234,10.23516491897045
Metal,0.852,,1,0.7309342230695902,0.852,5,0.0017998826291079,2.933,1.0253519187747373,6.12106577693041
Glass,0.238,,1,0.1701620591039085,0.238,6,0.0015,6.286,0.8809527170077628,7.067837940896091
Plastic,0.267,,1,0.2671591992373689,0.267,2,0.0020992509363295,1.879,0.7272049850707516,2.999840800762631
Ceramic,0.2135,,1,0.12202097235462346,0.21349999999999997,5,0.0011990632318501,5.488,0.9616208673250319,6.091479027645376
Plastic,0.1715,,0,0.17159199237368924,0.1715,2,0.0020991253644314,1.28,0.6314619164619164,1.9999080076263107
Glass,0.208,,1,0.14871306005719734,0.20800000000000002,6,0.0015,6.376,0.8363050977385972,7.059286939942803
Glass,0.2025,,0,0.14489990467111535,0.20249999999999999,6,0.0015012345679012,5.392,0.8268684312962241,6.057600095328884
Ceramic,0.89,,1,0.5090562440419447,0.89,5,0.0012,3.864,1.4612771951792143,6.380943755958055
Metal,0.3115,,1,0.2671591992373689,0.3115,5,0.0017993579454253,4.879,0.8484058159158768,6.0443408007626305
Glass,0.773,,1,0.5526692087702574,0.773,6,0.0015,4.681,1.184367194917111,7.220330791229742
Plastic,0.64,,1,0.6406101048617732,0.64,2,0.0021,0.3119999999999998,0.8641524005663535,2.999389895138227
Paper,0.7255,,1,0.31124880838894187,0.7255,9,0.0009000689179875,8.693999999999999,1.764138850254984,10.414251191611058
Glass,0.722,,1,0.5162059103908484,0.722,6,0.0015,4.834,1.1716862623762376,7.205794089609151
Glass,0.749,,0,0.5355100095328885,0.749,6,0.0015,3.753,1.178580964524113,6.213489990467111
Metal,0.5675,,1,0.48689227836034327,0.5675,5,0.0018,3.957,0.9669576869974822,6.080607721639657
Metal,0.208,,0,0.17850333651096284,0.20800000000000002,5,0.0018004807692307,4.251,0.7468492212904331,5.029496663489037
Metal,0.424,,1,0.36367969494756913,0.42400000000000004,5,0.0017995283018867,4.474,0.9144243421052632,6.060320305052431
Plastic,0.501,,1,0.5014299332697808,0.501,2,0.0020998003992015,0.8959999999999999,0.8330147408464098,2.999570066730219
Bioplastic,0.938,,1,0.31291706387035273,0.9380000000000001,7,0.0006998933901918,6.687,2.271642618030705,8.625082936129646
Paper,0.949,,0,0.4070543374642517,0.9490000000000001,9,0.000899894625922,7.292,1.87159428463997,9.541945662535749
Bioplastic,0.655,,1,0.21854146806482366,0.655,7,0.0007,7.083,2.056247194373784,8.436458531935177
Plastic,0.2875,,1,0.28789323164918973,0.2875,2,0.0021008695652173,1.792,0.7411833374293436,2.9996067683508105
Metal,0.9515,,1,0.8162535748331745,0.9515,5,0.0017997898055701,2.575,1.03846798106435,6.135246425166826
Metal,0.672,,1,0.5765014299332698,0.6719999999999999,5,0.0017998511904761,3.581,0.9933460156415134,6.09549857006673
Glass,0.157,,0,0.11224976167778837,0.157,6,0.0014999999999999,5.529,0.7396945879182574,6.044750238322211
Plastic,0.8665,,1,0.867254528122021,0.8664999999999999,2,0.0020998268897864,-0.6389999999999998,0.8958345242201744,2.9992454718779786
Glass,0.41,,0,0.29313632030505243,0.41,6,0.0015,4.77,1.0428952473326867,6.116863679694948
Glass,0.2965,,1,0.21186844613918018,0.2965,6,0.0014991568296795,6.111,0.9507213816292219,7.08463155386082
Ceramic,0.8895,,1,0.5088179218303146,0.8895,5,0.0012001124227093,3.865,1.4610279495811478,6.380682078169685
Metal,0.8925,,1,0.7657292659675883,0.8925000000000001,5,0.0018,2.787,1.0309227550514783,6.126770734032412
Glass,0.748,,1,0.5347950428979982,0.748,6,0.0015,4.756,1.178333083045502,7.213204957102002
Ceramic,0.5375,,0,0.3074356530028599,0.5375,5,0.0012,3.71,1.3192267197005145,5.23006434699714
Paper,0.6325,,1,0.27144899904671116,0.6325000000000001,9,0.0009003952569169,8.861,1.7027909662517646,10.361051000953289
Plastic,0.3485,,1,0.3489037178265014,0.3485,2,0.0021004304160688,1.536,0.7763357400722022,2.9995962821734987
Metal,0.717,,1,0.6151096282173499,0.717,5,0.001799860529986,3.419,1.0026434713057388,6.10189037178265
Bioplastic,0.5435,,1,0.18136320305052434,0.5435,7,0.0007000919963201,7.239,1.9316669490089784,8.362136796949475
Plastic,0.6655,,1,0.6661105815061964,0.6655,2,0.0020999248685199,0.205,0.8686735519193679,2.9993894184938035
Metal,0.747,,1,0.6408484270734033,0.747,5,0.0017998661311914,3.311,1.008303416328894,6.1061515729265965
Ceramic,0.089,,1,0.051000953288846525,0.089,5,0.0012022471910112,5.786,0.5894002525252525,6.037999046711154
Ceramic,0.7695,,1,0.44018112488083894,0.7695000000000001,5,0.0012001299545159,4.1530000000000005,1.4245221918291715,6.329318875119161
Plastic,0.7505,,1,0.7511916110581507,0.7505,2,0.0020999333777481,-0.1520000000000001,0.8817051181543285,2.999308388941849
Bioplastic,0.3845,,1,0.1282173498570067,0.3845,7,0.0006996098829648,7.462,1.6847974101921468,8.256282650142992
Bioplastic,0.628,,1,0.20948522402287895,0.628,7,0.0006998407643312,7.121,2.029176035730787,8.41851477597712
Glass,0.5885,,1,0.42087702573879887,0.5885,6,0.001500424808836,5.234,1.1298252196193264,7.167622974261201
Metal,0.266,,1,0.22831267874165873,0.266,5,0.0018007518796992,5.042,0.8102032520325204,6.037687321258341
Metal,0.901,,1,0.7731172545281221,0.901,5,0.0018002219755826,2.756,1.03193470902937,6.127882745471878
Glass,0.8035,,1,0.5743565300285988,0.8035,6,0.0014996888612321,4.59,1.1915062199604183,7.229143469971401
Paper,0.963,,0,0.41301239275500484,0.9630000000000001,9,0.0008997923156801,7.266999999999999,1.8771476354176342,9.549987607244995
Plastic,0.9585,,1,0.959485224022879,0.9585000000000001,2,0.0021001564945226,-1.0259999999999998,0.9046846319956813,2.999014775977121
Metal,0.905,,1,0.7764537654909438,0.905,5,0.0018,2.742,1.0325701544485535,6.128546234509057
Glass,0.8005,,1,0.5722116301239275,0.8005000000000001,6,0.0014996876951905,4.599,1.1908452102389566,7.228288369876073
Paper,0.633,,1,0.27144899904671116,0.633,9,0.0008996840442338,8.861,1.7041370460669834,10.361551000953288
Metal,0.8995,,0,0.7716873212583413,0.8995,5,0.0017998888271261,1.762,1.0319067147856518,5.127812678741659
Paper,0.9835,,1,0.4218303145853194,0.9835,9,0.0008998474834773,8.23,1.8847122762148338,10.56166968541468
Glass,0.265,,1,0.18946615824594853,0.265,6,0.0015,6.205,0.9154783467808331,7.075533841754051
Ceramic,0.2995,,1,0.1713536701620591,0.2995,5,0.0012003338898163,5.281,1.1037256279641663,6.128146329837941
Ceramic,0.228,,1,0.13036224976167782,0.22799999999999998,5,0.0011995614035087,5.453,0.9897454996896335,6.097637750238322
Paper,0.0545,,1,0.023355576739752148,0.05450000000000001,9,0.0008990825688073,9.902,0.44181221020092737,10.03114442326025
Plastic,0.501,,1,0.5014299332697808,0.501,2,0.0020998003992015,0.8959999999999999,0.8330147408464098,2.999570066730219
Plastic,0.968,,1,0.9690181124880839,0.968,2,0.0021002066115702,-1.0659999999999998,0.9055038344925984,2.998981887511916
Metal,0.6795,,0,0.5829361296472833,0.6795,5,0.0017998528329654,2.554,0.994968592964824,5.096563870352717
Bioplastic,0.9915,,1,0.330791229742612,0.9914999999999999,7,0.0006999495713565,6.612,2.3015788891347646,8.660708770257388
Ceramic,0.9545,,1,0.5459961868446139,0.9545,5,0.0012001047668936,3.709,1.4775629012026859,6.408503813155386
Metal,0.9875,,0,0.8472354623450906,0.9875,5,0.0018,1.4449999999999998,1.0425074221305288,5.140264537654909
Ceramic,0.6865,,1,0.39275500476644426,0.6865,5,0.0012002913328477,4.352,1.3931872702650414,6.293744995233555
Metal,0.344,,0,0.2950428979980934,0.344,5,0.0017994186046511,3.762,0.8707915057915057,5.048957102001907
Ceramic,0.6965,,1,0.3984747378455672,0.6965,5,0.0012002871500358,4.328,1.3972623828647925,6.298025262154433
Paper,0.4675,,1,0.20066730219256435,0.46749999999999997,9,0.0009005347593582,9.158,1.5548747622067216,10.266832697807436
Bioplastic,0.4865,,1,0.1622974261201144,0.48650000000000004,7,0.000699897225077,7.319,1.8547646738142831,8.324202573879885
Ceramic,0.7185,,1,0.4108674928503337,0.7184999999999999,5,0.0011997216423103,4.276,1.4064312371711136,6.307632507149666
Paper,0.5835,,0,0.25023832221163017,0.5835,9,0.0008997429305912,7.95,1.666008437670114,9.333261677788371
Ceramic,0.2805,,1,0.16039084842707343,0.2805,5,0.0011996434937611,5.327,1.0772267984623833,6.120109151572927
Metal,0.9205,,0,0.7897998093422307,0.9205,5,0.0018001086366105,1.686,1.0345023569745018,5.130700190657769
Glass,0.2685,,1,0.1918493803622498,0.2685,6,0.0014990689013035,6.195,0.9199951004409601,7.076650619637751
Ceramic,0.665,,1,0.3803622497616778,0.665,5,0.0012,4.404,1.3843718991863463,6.284637750238322
Plastic,0.405,,0,0.4053860819828408,0.40499999999999997,2,0.0021,0.2989999999999999,0.8013675374893896,1.999613918017159
Bioplastic,0.063,,1,0.020972354623450904,0.063,7,0.0006984126984126,7.912,0.5207801418439716,8.042027645376548
Bioplastic,0.444,,1,0.14823641563393708,0.44400000000000006,7,0.0007004504504504,7.378,1.7886175115207374,8.295763584366062
Paper,0.977,,1,0.419208770257388,0.977,9,0.0009002047082906,8.241,1.8817093546314145,10.557791229742612
Plastic,0.2805,,1,0.280743565300286,0.2805,2,0.0020998217468805,1.822,0.7367163244867302,2.999756434699714
Bioplastic,0.6555,,1,0.21877979027645378,0.6555,7,0.0007002288329519,7.082,2.056278409090909,8.436720209723546
Plastic,0.676,,1,0.6765967588179219,0.6759999999999999,2,0.0020998520710059,0.161,0.870464616706561,2.9994032411820784
Bioplastic,0.4685,,1,0.1563393708293613,0.46849999999999997,7,0.0007001067235859,7.344,1.8276552621792486,8.312160629170638
Metal,0.3975,,1,0.3410390848427074,0.3975,5,0.0018,4.569,0.9012806657300335,6.056460915157293
Plastic,0.435,,1,0.4354146806482364,0.43499999999999994,2,0.0021,1.173,0.8124543755007566,2.9995853193517634
Ceramic,0.9985,,0,0.5710200190657769,0.9984999999999999,5,0.0011997996995493,2.604,1.4880331012927972,5.427479980934223
Metal,0.958,,1,0.8219733079122974,0.958,5,0.0018001043841336,2.551,1.0390756345964949,6.136026692087703
Ceramic,0.5275,,1,0.3017159199237369,0.5275000000000001,5,0.0012,4.734,1.3131169909824396,6.225784080076263
Glass,0.3545,,1,0.2533365109628217,0.3545,6,0.0014992947813822,5.937,1.0032928638877647,7.101163489037178
Ceramic,0.402,,1,0.2299809342230696,0.40199999999999997,5,0.0012002487562189,5.035,1.218252202802253,6.17201906577693
Paper,0.3735,,1,0.1601525262154433,0.3735,9,0.0008995983935742,9.328,1.4356962257237085,10.213347473784557
Bioplastic,0.064,,1,0.021448999046711156,0.064,7,0.000703125,7.91,0.5269701726844583,8.042551000953289
Paper,0.3675,,1,0.15753098188751194,0.3675,9,0.0008993197278911,9.339,1.4270127706829536,10.209969018112488
Bioplastic,0.655,,1,0.21854146806482366,0.655,7,0.0007,7.083,2.056247194373784,8.436458531935177
Metal,0.9855,,1,0.8455672068636798,0.9855,5,0.0018001014713343,2.452,1.0422315757636857,6.13993279313632
Ceramic,0.088,,0,0.05028598665395615,0.088,5,0.0011988636363636,4.789,0.5855502695845226,5.037714013346044
Metal,0.836,,1,0.717349857006673,0.836,5,0.0018002392344497,2.99,1.0228178213202705,6.118650142993327
Paper,0.664,,0,0.2847950428979981,0.6639999999999999,9,0.0008998493975903,7.805,1.7255939551591721,9.379204957102
Plastic,0.066,,0,0.06601525262154434,0.066,2,0.0020984848484848,1.723,0.3975538329026701,1.9999847473784556
Metal,0.955,,1,0.8193517635843661,0.9550000000000001,5,0.0018,2.562,1.038775404396516,6.1356482364156335
Plastic,0.0775,,1,0.07769304099142041,0.0775,2,0.0021032258064516,2.674,0.4361453862660944,2.9998069590085796
Metal,0.9485,,1,0.8138703527168732,0.9484999999999999,5,0.0018002108592514,2.585,1.0378933917488133,6.134629647283127
Glass,0.6235,,1,0.44590085795996187,0.6235,6,0.0015004009623095,5.129,1.142148781978521,7.177599142040038
Metal,0.3925,,0,0.33674928503336515,0.39249999999999996,5,0.0018,3.587,0.898684928516861,5.055750714966635
Paper,0.8125,,1,0.3484270734032412,0.8125,9,0.0008996923076923,8.538,1.811888818027211,10.464072926596758
Bioplastic,0.4165,,1,0.13894184938036225,0.4165,7,0.0006998799519807,7.417,1.7431019349690804,8.277558150619637
Bioplastic,0.989,,1,0.33007626310772165,0.9890000000000001,7,0.0007002022244691,6.615,2.299592153385792,8.658923736892278
Bioplastic,0.648,,1,0.21615824594852243,0.648,7,0.0006998456790123,7.093,2.0496065128900947,8.431841754051478
Bioplastic,0.312,,1,0.10414680648236416,0.312,7,0.0007003205128205,7.563,1.5283119308895634,8.207853193517638
Ceramic,0.2925,,1,0.167302192564347,0.2925,5,0.0012,5.298,1.0942671184022823,6.1251978074356535
Bioplastic,0.632,,1,0.2109151572926597,0.632,7,0.0007001582278481,7.115,2.0327088762839183,8.42108484270734
Ceramic,0.7505,,1,0.4292183031458532,0.7505,5,0.0011998667554963,4.199,1.4181293344141224,6.321281696854147
Ceramic,0.4005,,0,0.2290276453765491,0.40049999999999997,5,0.0011997503121098,4.039,1.2172229465449802,5.171472354623451
Metal,0.817,,0,0.7009056244041945,0.817,5,0.0017998776009791,2.059,1.0200952210914718,5.1160943755958055
Ceramic,0.8095,,1,0.46306005719733084,0.8095000000000001,5,0.001200123533045,4.057,1.4376796749343943,6.346439942802669
Ceramic,0.615,,1,0.3517635843660629,0.615,5,0.0012,4.524,1.3613315045368222,6.263236415633937
Plastic,0.4075,,1,0.4080076263107722,0.40750000000000003,2,0.0021006134969325,1.288,0.8021533120660537,2.999492373689228
Plastic,0.846,,1,0.8467588179218304,0.8460000000000001,2,0.0020998817966903,-0.5529999999999999,0.893574988672406,2.99924118207817
Bioplastic,0.4155,,1,0.13870352716873213,0.41550000000000004,7,0.0007003610108303,7.418,1.7406529552715655,8.276796472831268
Bioplastic,0.265,,1,0.08841754051477599,0.265,7,0.0007,7.629,1.406450796863142,8.176582459485225
Paper,0.7285,,1,0.3124404194470925,0.7285,9,0.0008997940974605,8.689,1.7663157286490232,10.416059580552908
Metal,0.3355,,1,0.28789323164918973,0.3355,5,0.0018002980625931,4.792,0.8649287294175473,6.04760676835081
Ceramic,0.86,,0,0.49189704480457586,0.86,5,0.0012,2.936,1.4529553873409566,5.3681029551954245
Metal,0.4815,,1,0.41301239275500484,0.48150000000000004,5,0.0017995846313603,4.267,0.9385738177088171,6.068487607244996
Ceramic,0.574,,1,0.3284080076263108,0.5740000000000001,5,0.0012003484320557,4.622,1.3398442367601247,6.245591992373689
Plastic,0.501,,1,0.5014299332697808,0.501,2,0.0020998003992015,0.8959999999999999,0.8330147408464098,2.999570066730219
Plastic,0.867,,0,0.8677311725452813,0.867,2,0.0020997693194925,-1.641,0.8959099640447223,1.9992688274547188
Ceramic,0.1305,,1,0.0745948522402288,0.1305,5,0.001199233716475,5.687,0.7474447174447174,6.055905147759771
Bioplastic,0.9425,,1,0.3143469971401335,0.9425000000000001,7,0.0006997347480106,6.681,2.2746635223743246,8.628153002859866
Ceramic,0.7715,,1,0.44137273593898957,0.7715,5,0.0012002592352559,4.148,1.425081000176087,6.3301272640610105
Ceramic,0.9125,,1,0.5219256434699714,0.9125,5,0.0012,3.81,1.4672171980380135,6.390574356530029
Bioplastic,0.4275,,1,0.14275500476644423,0.42750000000000005,7,0.0007005847953216,7.401,1.76103475358335,8.284744995233556
Plastic,0.8015,,1,0.8021925643469973,0.8015000000000001,2,0.0020998128509045,-0.3660000000000001,0.8883912721893491,2.9993074356530025
Metal,0.8225,,1,0.705672068636797,0.8225,5,0.0018,3.039,1.0208868248239957,6.116827931363202
Bioplastic,0.098,,0,0.03265014299332698,0.098,7,0.0006989795918367,6.863,0.738785483291412,7.065349857006673
Paper,0.925,,0,0.3968064823641564,0.925,9,0.0009,7.335,1.861891969682433,9.528193517635845
Glass,0.3445,,1,0.24642516682554816,0.3445,6,0.0015007256894049,5.966,0.9944427627958172,7.098074833174452
Glass,0.9755,,1,0.6973307912297427,0.9755,6,0.0014997437211686,4.074,1.2234570779531324,7.278169208770257
Bioplastic,0.3525,,1,0.1174928503336511,0.3525,7,0.0006992907801418,7.507,1.6207429322813935,8.235007149666348
Metal,0.8695,,1,0.7459485224022879,0.8695,5,0.0017998849913743,2.87,1.0278403200360604,6.1235514775977125
Bioplastic,0.9575,,1,0.3195900857959962,0.9574999999999999,7,0.0007002610966057,6.659,2.2819890946268315,8.637909914204004
Glass,0.298,,1,0.21306005719733082,0.298,6,0.0015,6.106,0.9518940316686966,7.084939942802669
Plastic,0.503,,1,0.5035748331744518,0.503,2,0.0021003976143141,0.887,0.833368080233752,2.9994251668255485
Metal,0.9175,,0,0.7871782650142993,0.9175000000000001,5,0.0018,1.697,1.034177725245796,5.130321734985701
Ceramic,0.1745,,0,0.09985700667302193,0.17450000000000002,5,0.0012005730659025,4.581,0.8731242547102315,5.074642993326978
Plastic,0.5345,,1,0.5350333651096283,0.5345,2,0.0021000935453695,0.7549999999999999,0.8416880582451399,2.999466634890372
Ceramic,0.555,,1,0.3174451858913251,0.5549999999999999,5,0.0012,4.668,1.329515871203471,6.237554814108675
Metal,0.4515,,1,0.3872735938989514,0.45149999999999996,5,0.0017995570321151,4.375,0.9265841729433628,6.0642264061010485
Paper,0.961,,0,0.41229742612011444,0.961,9,0.0009001040582726,7.27,1.8758634164495718,9.548702573879886
Ceramic,0.9985,,0,0.5710200190657769,0.9984999999999999,5,0.0011997996995493,2.604,1.4880331012927972,5.427479980934223
Plastic,0.9235,,1,0.9244518589132508,0.9235,2,0.0021001624255549,-0.879,0.9014576838970827,2.999048141086749
Bioplastic,0.167,,1,0.055767397521449005,0.16699999999999998,7,0.0007005988023952,7.766,1.0721113831089348,8.11123260247855
Bioplastic,0.876,,1,0.29218303145853197,0.876,7,0.0006997716894977,6.774,2.2336509479824986,8.58381696854147
Plastic,0.315,,1,0.31530028598665394,0.315,2,0.0021,1.677,0.7584873178009871,2.999699714013346
Paper,0.0715,,1,0.03074356530028599,0.0715,9,0.0009020979020979,9.871,0.5468720379146919,10.040756434699714
Plastic,0.775,,1,0.7757387988560535,0.775,2,0.0021,-0.2549999999999999,0.8849670712458498,2.9992612011439466
Plastic,0.7235,,1,0.7242612011439467,0.7235,2,0.002100207325501,-0.0390000000000001,0.8777557393164864,2.9992387988560534
Metal,0.2745,,1,0.23546234509056246,0.2745,5,0.001799635701275,5.0120000000000005,0.8182736572890025,6.039037654909437
Metal,0.287,,0,0.24618684461391802,0.28700000000000003,5,0.0017996515679442,3.967,0.8290320804075452,5.040813155386082
Paper,0.0865,,1,0.037178265014299335,0.0865,9,0.0009017341040462,9.844,0.6305663655316192,10.0493217349857
Ceramic,0.4515,,1,0.25834127740705437,0.45149999999999996,5,0.0012004429678848,4.916,1.259972067039106,6.193158722592946
Plastic,0.9355,,1,0.936367969494757,0.9355,2,0.0020999465526456,-0.9289999999999998,0.9026716644437289,2.999132030505243
Bioplastic,0.629,,1,0.2099618684461392,0.629,7,0.0007003179650238,7.119,2.029281869906197,8.41903813155386
Paper,0.2535,,1,0.10867492850333652,0.2535,9,0.0008994082840236,9.544,1.2148081315669255,10.144825071496664
Plastic,0.529,,0,0.5295519542421354,0.529,2,0.0021001890359168,-0.2219999999999999,0.8402801332525742,1.9994480457578645
Metal,0.414,,1,0.35510009532888465,0.414,5,0.0017995169082125,4.51,0.909689987431923,6.058899904671115
Metal,0.073,,1,0.0626787416587226,0.073,5,0.0018013698630136,5.737,0.44873718136536767,6.0103212583412775
Paper,0.44,,1,0.18875119161105816,0.44000000000000006,9,0.0009,9.208,1.5238032353912183,10.251248808388942
Paper,0.6475,,1,0.2776453765490944,0.6475,9,0.0008996138996138,8.835,1.7145715006941815,10.369854623450907
Plastic,0.4095,,1,0.4099142040038132,0.4095,2,0.0021001221001221,1.28,0.8030762759394279,2.999585795996187
Plastic,0.225,,1,0.22521448999046711,0.225,2,0.0021,2.055,0.6918510918950609,2.999785510009533
Bioplastic,0.3165,,1,0.1055767397521449,0.3165,7,0.0006998420221169,7.557,1.5395710642244378,8.210923260247855
Bioplastic,0.4145,,1,0.13822688274547187,0.4145,7,0.0006996381182147,7.42,1.7399379751900759,8.276273117254528
Plastic,0.331,,1,0.3312678741658723,0.331,2,0.0020996978851963,1.61,0.7675044208664897,2.999732125834128
Glass,0.261,,1,0.18660629170638707,0.261,6,0.0015,6.217,0.910656910028272,7.074393708293613
Plastic,0.993,,0,0.994041944709247,0.993,2,0.002100201409869,-2.1710000000000003,0.9076434453012676,1.9989580552907529
Plastic,0.8975,,1,0.8982364156339372,0.8975,2,0.0020997214484679,-0.7690000000000001,0.8990856133314232,2.9992635843660627
Paper,0.6015,,1,0.2581029551954242,0.6014999999999999,9,0.0009002493765586,8.917,1.6796845467855714,10.343397044804576
Paper,0.9515,,1,0.4082459485224023,0.9515,9,0.0009001576458223,8.286999999999999,1.8721251055050172,10.543254051477597
Bioplastic,0.762,,1,0.25428979980934224,0.762,7,0.0007001312335958,6.933,2.1507816494013183,8.507710200190658
Bioplastic,0.0665,,0,0.022163965681601526,0.0665,7,0.0006992481203007,6.907,0.5443503706593835,7.044336034318398
Plastic,0.256,,1,0.2561963775023832,0.256,2,0.002099609375,1.925,0.7187046701458585,2.999803622497617
Glass,0.3705,,1,0.2647759771210677,0.3705,6,0.0014993252361673,5.889,1.0156918855350843,7.105724022878932
Glass,0.171,,1,0.12225929456625359,0.17099999999999999,6,0.0015,6.487,0.7693716491529057,7.0487407054337465
Paper,0.6485,,1,0.27812202097235467,0.6485000000000001,9,0.000899768696993,8.833,1.7150548342367324,10.370377979027646
Paper,0.8035,,1,0.34461391801715924,0.8035,9,0.0008998133167392,8.554,1.8071858919382504,10.45888608198284
Paper,0.676,,1,0.2900381315538609,0.6759999999999999,9,0.000900147928994,8.783,1.733163876328974,10.38596186844614
Ceramic,0.2965,,1,0.16968541468064824,0.2965,5,0.0012006745362563,5.288,1.0994291268999647,6.126814585319352
Metal,0.643,,1,0.5517159199237369,0.643,5,0.0018001555209953,3.685,0.9866261976157391,6.091284080076263
Ceramic,0.8255,,1,0.47211630123927556,0.8255000000000001,5,0.0011998788612961,4.019,1.4428884445555277,6.353383698760724
Ceramic,0.624,,1,0.3570066730219257,0.624,5,0.0012003205128205,4.502,1.36540675844806,6.266993326978074
Metal,0.2775,,0,0.23808388941849382,0.27749999999999997,5,0.0018,4.001,0.8208021993514731,5.039416110581506
Paper,0.6385,,1,0.2738322211630124,0.6385,9,0.0008997650743931,8.850999999999999,1.707985464745633,10.364667778836989
Ceramic,0.504,,1,0.28836987607244996,0.504,5,0.0012003968253968,4.79,1.2977319587628864,6.21563012392755
Glass,0.494,,0,0.35319351763584367,0.49400000000000005,6,0.0015,4.518,1.0900420698359277,6.140806482364156
Plastic,0.995,,1,0.995948522402288,0.9949999999999999,2,0.0021,-1.1790000000000005,0.907889357630583,2.999051477597712
Ceramic,0.151,,1,0.08627264061010487,0.151,5,0.0011986754966887,5.638,0.8106397134083929,6.064727359389895
Paper,0.2335,,1,0.10009532888465206,0.23349999999999999,9,0.000899357601713,9.58,1.1669437827536921,10.133404671115347
Ceramic,0.936,,1,0.5352716873212584,0.9359999999999999,5,0.0011997863247863,3.754,1.4733853541416564,6.4007283126787415
Paper,0.2675,,1,0.11463298379408961,0.26749999999999996,9,0.0008990654205607,9.519,1.2463135687319562,10.15286701620591
Paper,0.914,,1,0.3920400381315539,0.914,9,0.0008998905908096,8.355,1.8575724111207979,10.521959961868445
Metal,0.954,,1,0.8183984747378457,0.954,5,0.0017997903563941,2.566,1.0387647913639193,6.135601525262154
Paper,0.376,,0,0.16134413727359392,0.376,9,0.0009002659574468,8.323,1.4387160313696878,9.214655862726406
Metal,0.9085,,1,0.7795519542421354,0.9085000000000001,5,0.001800220143093,2.729,1.0329122635885764,6.1289480457578644
Bioplastic,0.4605,,1,0.15371782650142995,0.4605,7,0.000700325732899,7.355,1.8150084538793914,8.30678217349857
Bioplastic,0.844,,0,0.2816968541468065,0.844,7,0.0007002369668246,5.818,2.211178821178821,7.5623031458531935
Ceramic,0.606,,0,0.3465204957102002,0.606,5,0.0011996699669966,3.5460000000000003,1.3571605465414174,5.2594795042898
Metal,0.62,,1,0.5319351763584367,0.62,5,0.0018,3.768,0.9811132900890028,6.088064823641563
Plastic,0.948,,1,0.9489990467111535,0.9480000000000001,2,0.0021002109704641,-0.9820000000000002,0.9037186477644492,2.9990009532888466
Ceramic,0.918,,1,0.525023832221163,0.9179999999999999,5,0.0011998910675381,3.797,1.4687439945092655,6.392976167778837
Glass,0.9825,,1,0.7023355576739753,0.9824999999999999,6,0.0014997455470737,4.053,1.2245499910889324,7.280164442326025
Bioplastic,0.278,,1,0.09270734032411822,0.27799999999999997,7,0.0006996402877697,7.611,1.4426020281968832,8.18529265967588
Metal,0.665,,1,0.5705433746425167,0.665,5,0.0018,3.606,0.9917330110889964,6.094456625357483
Glass,0.519,,1,0.371067683508103,0.519,6,0.0015,5.443,1.1017525043003136,7.1479323164918975
Glass,0.3425,,1,0.2449952335557674,0.34249999999999997,6,0.0015007299270072,5.972,0.9927673390439345,7.097504766444233
Ceramic,0.427,,1,0.244280266920877,0.42699999999999994,5,0.0012002341920374,4.975,1.2402685864599197,6.182719733079122
Metal,0.7695,,1,0.6601525262154433,0.7695000000000001,5,0.001799870045484,3.23,1.0122968397291197,6.109347473784556
Paper,0.222,,1,0.09532888465204958,0.22200000000000003,9,0.0009009009009009,9.6,1.1365446559297219,10.12667111534795
Paper,0.0605,,1,0.02597712106768351,0.0605,9,0.0009008264462809,9.891,0.480245932652289,10.034522878932316
Bioplastic,0.5215,,1,0.17397521448999048,0.5215,7,0.0006999041227229,7.27,1.9034568545581068,8.347524785510009
Bioplastic,0.205,,1,0.06839847473784556,0.205,7,0.0007,7.713,1.2173506934616471,8.136601525262154
Ceramic,0.577,,1,0.33007626310772165,0.577,5,0.0012001733102253,4.615,1.3416225202260887,6.2469237368922785
Metal,0.212,,0,0.18183984747378457,0.21200000000000002,5,0.0017995283018867,4.237,0.7522002367664469,5.030160152526215
Ceramic,0.753,,1,0.43064823641563393,0.753,5,0.0011998671978751,4.193,1.4190191323093504,6.322351763584366
Plastic,0.715,,1,0.7156816015252623,0.7150000000000001,2,0.0021,-0.0030000000000001,0.8765675217670776,2.9993183984747374
Bioplastic,0.6005,,1,0.20042897998093423,0.6005,7,0.0007002497918401,7.159,1.9988085038870382,8.400071020019066
Glass,0.3755,,0,0.26858913250714966,0.3755,6,0.0015006657789613,4.873,1.0187495150653045,6.10691086749285
Glass,0.073,,1,0.05219256434699714,0.073,6,0.0015,6.781,0.47965549639837135,7.020807435653003
Glass,0.607,,1,0.4339847473784557,0.607,6,0.0015,5.179,1.1367365884138176,7.1730152526215445
Plastic,0.557,,1,0.5574356530028599,0.557,2,0.0020996409335727,0.661,0.8472312042340318,2.99956434699714
Plastic,0.969,,0,0.9699714013346045,0.969,2,0.0021001031991744,-2.0700000000000003,0.9056316821097647,1.9990285986653955
Glass,0.132,,1,0.09437559580552908,0.132,6,0.0015,6.604,0.6790975968612064,7.037624404194471
Paper,0.624,,1,0.2676358436606292,0.624,9,0.0008998397435897,8.877,1.6973317775184753,10.356364156339371
Bioplastic,0.673,,1,0.22449952335557674,0.673,7,0.0006998514115898,7.058,2.0739629847238543,8.448500476644423
Metal,0.165,,0,0.14156339370829363,0.16499999999999998,5,0.0018,4.406,0.6830505130228886,5.023436606291707
Glass,0.51,,1,0.36463298379408965,0.51,6,0.0015,5.47,1.097640541649569,7.14536701620591
Bioplastic,0.503,,0,0.16777883698760723,0.503,7,0.0006998011928429,6.296,1.8784158063367746,7.335221163012393
Paper,0.93,,1,0.3989513822688275,0.93,9,0.0009,8.326,1.8639090561711882,10.531048617731173
Glass,0.087,,1,0.06220209723546235,0.087,6,0.0015,6.739,0.5363679106670584,7.024797902764537
Paper,0.213,,1,0.09127740705433747,0.213,9,0.0008990610328638,9.617,1.1135659107899325,10.121722592945662
Plastic,0.505,,1,0.5054814108674929,0.505,2,0.0021,0.879,0.8340470754939778,2.999518589132507
Metal,0.567,,1,0.4864156339370829,0.567,5,0.0017998236331569,3.959,0.9668910021945866,6.080584366062917
Ceramic,0.799,,1,0.4571020019065777,0.799,5,0.0012002503128911,4.082,1.4342077344284738,6.3418979980934225
Bioplastic,0.1475,,1,0.04909437559580553,0.14750000000000002,7,0.0006983050847457,7.794,0.9893062659846548,8.098405624404196
Plastic,0.077,,0,0.07697807435653004,0.077,2,0.0020974025974025,1.677,0.4350821438190142,2.0000219256434697
Glass,0.267,,1,0.19089609151572928,0.267,6,0.0015,6.199,0.9178535146649189,7.076103908484271
Plastic,0.9435,,1,0.9444709246901812,0.9435,2,0.0021001589825119,-0.963,0.9033281613653994,2.999029075309819
Metal,0.0685,,1,0.058865586272640616,0.0685,5,0.0018029197080291,5.753,0.4311821182118212,6.009634413727359
Glass,0.279,,1,0.19947569113441374,0.279,6,0.0015,6.163,0.931628203087697,7.079524308865587
Paper,0.7205,,1,0.3091039084842707,0.7205,9,0.0009000693962526,8.703,1.7611662588838404,10.411396091515728
Bioplastic,0.0575,,1,0.01930409914204004,0.057499999999999996,7,0.0007043478260869,7.919,0.4819616460247702,8.03819590085796
Glass,0.76,,1,0.5433746425166825,0.76,6,0.0014999999999999,4.720000000000001,1.1812712994517707,7.216625357483317
Metal,0.8025,,1,0.688512869399428,0.8025,5,0.0018,3.111,1.0177386205645893,6.113987130600572
Glass,0.1745,,1,0.12464251668255483,0.17450000000000002,6,0.0014985673352435,6.477,0.7767897305325695,7.049857483317445
Glass,0.095,,1,0.06792183031458532,0.095,6,0.0014999999999999,6.715,0.5657394266250355,7.0270781696854145
Paper,0.6105,,1,0.2619161105815062,0.6105,9,0.0009000819000819,8.901,1.6868549980244965,10.348583889418494
Bioplastic,0.763,,0,0.25452812202097236,0.763,7,0.000699868938401,5.932,2.152156493681097,7.508471877979027
Ceramic,0.263,,1,0.1503813155386082,0.263,5,0.0011996197718631,5.369,1.050397867885018,6.112618684461392
Paper,0.9365,,1,0.401811248808389,0.9365,9,0.0009001601708489,8.314,1.8662395516717323,10.534688751191611
Metal,0.6935,,1,0.5950905624404195,0.6935,5,0.0018002883922134,3.503,0.9977117191250086,6.098409437559581
Plastic,0.2595,,1,0.2597712106768351,0.2595,2,0.0021001926782273,1.91,0.7212917329093799,2.999728789323165
Metal,0.723,,1,0.6203527168732127,0.7230000000000001,5,0.0018001383125864,3.397,1.0036749818037451,6.102647283126787
Ceramic,0.5385,,0,0.30791229742612014,0.5385,5,0.0011996285979572,3.708,1.3201367141855573,5.23058770257388
Metal,0.2205,,0,0.18922783603431842,0.2205,5,0.0018004535147392,4.206,0.762374752801582,5.031272163965682
Paper,0.59,,1,0.25309818875119167,0.5900000000000001,9,0.0009,8.938,1.6709233261339091,10.336901811248808
Glass,0.574,,0,0.4103908484270734,0.5740000000000001,6,0.0015,4.2780000000000005,1.1246283152782968,6.163609151572927
Plastic,0.389,,0,0.3894184938036225,0.389,2,0.0021002570694087,0.3660000000000001,0.7948208024931828,1.9995815061963778
Glass,0.6035,,1,0.43136320305052434,0.6035,6,0.0014995857497928,5.19,1.1357579834947973,7.172136796949476
Ceramic,0.511,,1,0.29218303145853197,0.511,5,0.0011996086105675,4.774,1.3029630529897909,6.218816968541468
Bioplastic,0.5835,,1,0.19470924690181124,0.5835,7,0.0007000856898029,7.183,1.9799175157690445,8.38879075309819
Metal,0.6705,,1,0.5753098188751192,0.6705,5,0.001800149142431,3.586,0.9928776115189157,6.09519018112488
Bioplastic,0.104,,1,0.03479504289799809,0.10400000000000001,7,0.000701923076923,7.854,0.7715417256011315,8.069204957102
Paper,0.61,,1,0.2616777883698761,0.61,9,0.0009,8.902,1.6865840801265155,10.348322211630123
Plastic,0.1175,,0,0.1174928503336511,0.11750000000000001,2,0.0020978723404255,1.507,0.5402476440937979,2.000007149666349
Metal,0.3185,,1,0.2733555767397522,0.3185,5,0.001800627943485,4.853,0.8530741733690795,6.045144423260248
Paper,0.8215,,1,0.3524785510009533,0.8215,9,0.000900182592818,8.521,1.8155556726008635,10.469021448999047
Plastic,0.804,,0,0.8048141086749285,0.8039999999999999,2,0.0021001243781094,-1.3769999999999998,0.8885803086972553,1.9991858913250713
Bioplastic,0.464,,1,0.15490943755958056,0.46399999999999997,7,0.0007004310344827,7.35,1.8202543006731486,8.309090562440419
Ceramic,0.6925,,1,0.396091515729266,0.6925,5,0.0012,4.338,1.3959117986164487,6.296408484270734
Paper,0.9855,,1,0.4227836034318399,0.9855,9,0.0009000507356671,8.225999999999999,1.885101203501094,10.56271639656816
Ceramic,0.4345,,0,0.24857006673021925,0.4345,5,0.0012002301495972,3.957,1.24652126350335,5.18592993326978
Bioplastic,0.1515,,0,0.05052430886558627,0.1515,7,0.0006996699669966,6.788,1.0064819506016467,7.100975691134414
Glass,0.7905,,1,0.5653002859866539,0.7905,6,0.0015003162555344,4.628,1.1881852700960023,7.225199714013346
Bioplastic,0.8815,,1,0.29408960915157295,0.8815,7,0.0006999432785025,6.766,2.236800919206579,8.587410390848426
Metal,0.913,,1,0.7833651096282174,0.913,5,0.0018001095290251,2.713,1.0335477256785195,6.129634890371783
Paper,0.0725,,0,0.03122020972354624,0.0725,9,0.000903448275862,8.869,0.5525063567017797,9.041279790276453
Glass,0.5125,,1,0.3665395614871306,0.5125,6,0.001500487804878,5.462,1.0985134859011032,7.145960438512869
Glass,0.9865,,1,0.7051954242135368,0.9865,6,0.0014997465788139,4.041,1.2251684129521103,7.281304575786463
Paper,0.3725,,1,0.15967588179218306,0.3725,9,0.0008993288590604,9.33,1.434480543318649,10.212824118207818
Plastic,0.4595,,1,0.4599618684461392,0.45949999999999996,2,0.0021001088139281,1.07,0.8205915900578822,2.9995381315538605
Paper,0.5115,,1,0.21949475691134415,0.5115000000000001,9,0.0009002932551319,9.079,1.6009652394450247,10.292005243088656
Glass,0.807,,1,0.57697807435653,0.807,6,0.0014999999999999,4.579000000000001,1.1920622403717525,7.23002192564347
Ceramic,0.8335,,1,0.47664442326024786,0.8335000000000001,5,0.0011997600479904,4.0,1.4454314762770708,6.356855576739752
Bioplastic,0.641,,1,0.2137750238322212,0.641,7,0.0006996879875195,7.103,2.042864955187604,8.427224976167778
Ceramic,0.492,,1,0.2814585319351764,0.492,5,0.0012002032520325,4.819,1.2897863301262025,6.210541468064823
Ceramic,0.776,,1,0.4437559580552908,0.776,5,0.0011997422680412,4.138,1.4271107994389902,6.332244041944709
Bioplastic,0.2325,,1,0.07769304099142041,0.2325,7,0.0007010752688172,7.674,1.3084361587982831,8.15480695900858
Bioplastic,0.3735,,1,0.12464251668255483,0.3735,7,0.0007001338688085,7.477,1.6626416295353277,8.248857483317446
Bioplastic,0.279,,1,0.09318398474737846,0.279,7,0.0007007168458781,7.609,1.444219096965211,8.185816015252621
Paper,0.832,,1,0.3570066730219257,0.8320000000000001,9,0.0009002403846153,8.502,1.8205423445974136,10.474993326978074
Metal,0.9035,,0,0.7752621544327932,0.9035,5,0.0018002213613724,1.747,1.0322621575995206,5.128237845567207
Ceramic,0.538,,0,0.30767397521448997,0.538,5,0.001199814126394,3.709,1.3196819829299662,5.23032602478551
Metal,0.5905,,0,0.5066730219256435,0.5905,5,0.0018001693480101,2.874,0.9733414519170335,5.083826978074357
Glass,0.1635,,0,0.11677788369876073,0.1635,6,0.0014984709480122,5.51,0.7542282321899737,6.04672211630124
Plastic,0.46,,1,0.46043851286939946,0.45999999999999996,2,0.0021,1.068,0.8207858479333219,2.9995614871306007
Metal,0.18,,0,0.15443279313632033,0.18,5,0.0018,4.352,0.7074559760209815,5.02556720686368
Ceramic,0.824,,1,0.47140133460438516,0.8240000000000001,5,0.0012002427184466,4.022,1.442068735402069,6.352598665395615
Glass,0.071,,1,0.050762631077216396,0.071,6,0.0015,6.787,0.47093898197913364,7.020237368922784
Glass,0.5315,,1,0.3801239275500477,0.5315000000000001,6,0.0015004703668861,5.405,1.1070058572421324,7.151376072449953
Glass,0.401,,1,0.2867016205910391,0.40099999999999997,6,0.0015,5.797,1.036975224947615,7.114298379408961
Bioplastic,0.7085,,0,0.23641563393708295,0.7085,7,0.0007000705716302,6.008,2.10602578634174,7.472084366062917
Bioplastic,0.505,,1,0.1684938036224976,0.505,7,0.0007,7.293,1.8808627729451446,8.336506196377501
Paper,0.286,,1,0.12273593898951383,0.286,9,0.0009003496503496,9.485,1.2840316713032311,10.163264061010485
Paper,0.7175,,1,0.30791229742612014,0.7175,9,0.0009003484320557,8.708,1.7589565318999767,10.40958770257388
Bioplastic,0.9855,,1,0.328884652049571,0.9855,7,0.0007001522070015,6.62,2.2978206268059567,8.65661534795043
Metal,0.2345,,1,0.2011439466158246,0.23450000000000001,5,0.0017995735607675,5.156,0.7786973725862615,6.033356053384175
Plastic,0.9245,,1,0.9254051477597712,0.9244999999999999,2,0.0021000540832882,-0.883,0.9015948496258075,2.999094852240229
Metal,0.2945,,1,0.2526215443279314,0.2945,5,0.0017996604414261,4.94,0.8351730197350635,6.041878455672069
Bioplastic,0.3005,,1,0.10033365109628217,0.3005,7,0.0007004991680532,7.579,1.4999976207470853,8.200166348903718
Paper,0.1675,,1,0.0717349857006673,0.1675,9,0.0008985074626865,9.699,0.9753399944490703,10.095765014299333
Ceramic,0.0805,,1,0.04599618684461392,0.0805,5,0.0011987577639751,5.807,0.5513842637936663,6.034503813155386
Glass,0.438,,1,0.3131553860819829,0.438,6,0.0015,5.686,1.0601338255652974,7.124844613918016
Glass,0.1015,,1,0.07244995233555768,0.10149999999999999,6,0.0014975369458128,6.696,0.588576561636263,7.029050047664442
Paper,0.58,,1,0.2488083889418494,0.58,9,0.0009,8.956,1.662804044820989,10.33119161105815
Glass,0.5045,,0,0.36081982840800764,0.5045,6,0.0015004955401387,4.486,1.0947879602813404,6.143680171591993
Plastic,0.7025,,0,0.7030505243088657,0.7025,2,0.0020996441281138,-0.9500000000000002,0.8747892924976257,1.9994494756911343
Glass,0.9815,,1,0.7018589132507149,0.9814999999999999,6,0.0015002547121752,4.055,1.2240307911787434,7.279641086749285
Glass,0.9655,,1,0.690419447092469,0.9654999999999999,6,0.0015002589331952,4.103,1.2215033468009406,7.27508055290753
Glass,0.1245,,1,0.08889418493803623,0.12450000000000001,6,0.0014979919678714,6.627,0.659099167297502,7.035605815061964
Bioplastic,0.118,,1,0.03932316491897045,0.118,7,0.0006991525423728,7.835,0.8469517618884707,8.07867683508103
Paper,0.5495,,1,0.23570066730219258,0.5495,9,0.0008999090081892,9.011,1.6368749112594063,10.313799332697808
Bioplastic,0.894,,1,0.2983794089609152,0.8939999999999999,7,0.0007002237136465,6.748,2.2440918880114857,8.595620591039085
Glass,0.3445,,1,0.24642516682554816,0.3445,6,0.0015007256894049,5.966,0.9944427627958172,7.098074833174452
Bioplastic,0.616,,1,0.20543374642516685,0.616,7,0.0006996753246753,7.138,2.016803995006242,8.410566253574833
Glass,0.2245,,1,0.16039084842707343,0.2245,6,0.0014988864142538,6.327,0.8621654768442247,7.064109151572927
Plastic,0.435,,1,0.4354146806482364,0.43499999999999994,2,0.0021,1.173,0.8124543755007566,2.9995853193517634
Metal,0.2085,,1,0.17897998093422307,0.2085,5,0.0018009592326139,5.249,0.7473654536135316,6.029520019065777
Plastic,0.8395,,1,0.8403241182078169,0.8394999999999999,2,0.0021000595592614,-0.5259999999999998,0.8927772708840227,2.9991758817921834
Glass,0.4755,,1,0.3400857959961869,0.4755,6,0.0015005257623554,5.573,1.0804711361420989,7.135414204003814
Ceramic,0.216,,1,0.12345090562440421,0.21600000000000003,5,0.001199074074074,5.482,0.966655290102389,6.092549094375596
Ceramic,0.5455,,1,0.3119637750238322,0.5455,5,0.0011998166819431,4.691,1.3241455513132014,6.233536224976167
Paper,0.1485,,0,0.06363203050524309,0.14850000000000002,9,0.0008989898989898,8.733,0.907524031459365,9.084867969494757
Bioplastic,0.5555,,1,0.18541468064823644,0.5555,7,0.0007002700270027,7.221999999999999,1.9462909151636605,8.370085319351764
Glass,0.783,,1,0.5598188751191612,0.783,6,0.0015,4.651,1.1866893014519975,7.223181124880839
Paper,0.8835,,1,0.37893231649189707,0.8835000000000001,9,0.000899830220713,8.41,1.8447283041401275,10.504567683508103
Bioplastic,0.9735,,1,0.32483317445185894,0.9734999999999999,7,0.0007000513610683,6.6370000000000005,2.2914877145742167,8.64866682554814
Paper,0.938,,1,0.4022878932316492,0.9380000000000001,9,0.0008997867803837,8.312,1.867454925033213,10.53571210676835
Plastic,0.2505,,0,0.2507149666348904,0.2505,2,0.0020998003992015,0.948,0.7142552324001086,1.9997850333651097
Paper,0.9605,,1,0.4120591039084843,0.9605,9,0.0009000520562207,8.271,1.8757600297868378,10.548440896091515
Bioplastic,0.213,,1,0.07102001906577693,0.213,7,0.0006995305164319,7.702,1.245468227424749,8.141979980934224
Plastic,0.3765,,1,0.3767874165872259,0.3765,2,0.0020996015936254,1.419,0.7896601019694093,2.9997125834127742
Bioplastic,0.1515,,1,0.05052430886558627,0.1515,7,0.0006996699669966,7.788,1.0064819506016467,8.100975691134414
Bioplastic,0.249,,1,0.08317445185891326,0.24900000000000003,7,0.0007008032128514,7.651,1.3593598750975802,8.165825548141086
Ceramic,0.3405,,1,0.19470924690181124,0.34049999999999997,5,0.0011997063142437,5.183,1.1553760310528869,6.145790753098188
Paper,0.9675,,1,0.4151572926596759,0.9675,9,0.0009002583979328,8.258,1.8780671724648408,10.552342707340323
Glass,0.9145,,1,0.6539561487130602,0.9145,6,0.0015002733734281,4.256,1.2129352636237196,7.26054385128694
Glass,0.7495,,1,0.5357483317445186,0.7495,6,0.0014996664442961,4.752,1.1789256260308891,7.213751668255481
Metal,0.3795,,0,0.32554814108674934,0.3795,5,0.0017997364953886,3.634,0.8917909946236559,5.053951858913251
Plastic,0.627,,1,0.6275023832221164,0.627,2,0.0020996810207336,0.367,0.8618528467535871,2.9994976167778833
Plastic,0.8025,,1,0.8031458531935177,0.8025,2,0.0020996884735202,-0.3700000000000001,0.8885607979734008,2.9993541468064824
Ceramic,0.7265,,1,0.41563393708293617,0.7264999999999999,5,0.0012002752924982,4.256,1.4089452763911996,6.310866062917063
Metal,0.3325,,0,0.28527168732125835,0.3325,5,0.0018,3.803,0.8630273413336632,5.047228312678741
Plastic,0.35,,1,0.3503336510962822,0.35,2,0.0021,1.53,0.7772015241320913,2.999666348903718
Bioplastic,0.974,,1,0.32507149666348906,0.974,7,0.000700205338809,6.636,2.291379233011886,8.648928503336512
Glass,0.226,,0,0.16158245948522404,0.22599999999999998,6,0.0015,5.322,0.8639723032069968,6.064417540514776
Bioplastic,0.0825,,1,0.027407054337464255,0.08249999999999999,7,0.0006969696969696,7.885,0.6475308641975307,8.055092945662535
Glass,0.4155,,1,0.29694947569113445,0.41550000000000004,6,0.0014993983152827,5.754,1.0467327089337175,7.118550524308866
Metal,0.783,,1,0.6718303145853194,0.783,5,0.0018001277139208,3.181,1.0144716852961155,6.111169685414681
Bioplastic,0.163,,0,0.05433746425166826,0.16299999999999998,7,0.0006993865030674,6.772,1.056127239036442,7.108662535748332
Plastic,0.9885,,1,0.9895138226882746,0.9884999999999999,2,0.0021001517450682,-1.152,0.9072854142969637,2.9989861773117257
Plastic,0.978,,1,0.9790276453765491,0.978,2,0.0021002044989775,-1.1079999999999997,0.9063715875960774,2.998972354623451
Glass,0.166,,1,0.11868446139180172,0.16599999999999998,6,0.0015,6.502,0.759084568439407,7.047315538608198
Bioplastic,0.9545,,0,0.3183984747378456,0.9545,7,0.0006998428496595,5.664,2.281318067897015,7.636101525262155
Ceramic,0.5285,,1,0.30219256434699715,0.5285,5,0.0011996215704824,4.732,1.3140471675752547,6.226307435653003
Ceramic,0.985,,1,0.563393708293613,0.985,5,0.0012,3.636,1.4847894812473055,6.421606291706388
Bioplastic,0.891,,0,0.29718779790276456,0.891,7,0.0006997755331088,5.753,2.2432713308532337,7.593812202097236
Glass,0.6305,,1,0.4506673021925644,0.6305,6,0.0014996034892942,5.109,1.1449744655067946,7.179832697807435
Metal,0.286,,1,0.24547187797902767,0.286,5,0.0018006993006993,4.97,0.8278532008830021,6.040528122020972
Metal,0.0835,,0,0.0717349857006673,0.08349999999999999,5,0.0018023952095808,4.699,0.4862142658895364,5.011765014299333
Plastic,0.2145,,1,0.21472831267874168,0.2145,2,0.0021002331002331,2.099,0.6815402089959108,2.9997716873212585
Plastic,0.307,,1,0.30719733079122974,0.307,2,0.0020993485342019,1.711,0.7539342151469038,2.99980266920877
Metal,0.6735,,1,0.5779313632030505,0.6735,5,0.0018002969561989,3.575,0.993463404345075,6.0955686367969495
Glass,0.679,,0,0.48546234509056246,0.679,6,0.0015,3.963,1.1597671578604576,6.193537654909438
Glass,0.5495,,0,0.3929933269780744,0.5495,6,0.0015004549590536,4.351,1.1146195494537368,6.156506673021926
Bioplastic,0.3615,,1,0.12059103908484271,0.36150000000000004,7,0.0006998616874135,7.494,1.6387791702679344,8.240908960915156
Plastic,0.789,,1,0.7897998093422307,0.7889999999999999,2,0.0021001267427122,-0.314,0.8867163059781443,2.9992001906577688
Bioplastic,0.31,,1,0.1034318398474738,0.31,7,0.0007,7.566,1.5238519212746013,8.206568160152525
Paper,0.883,,1,0.37869399428026695,0.883,9,0.0008997734994337,8.411,1.844602210494872,10.504306005719732
Glass,0.495,,1,0.35390848427073407,0.495,6,0.0015,5.515,1.0905281948965662,7.141091515729266
Plastic,0.4375,,1,0.43779790276453767,0.4375,2,0.0020994285714285,1.163,0.8135026145528671,2.9997020972354624
Metal,0.3395,,1,0.29122974261201146,0.3395,5,0.0017997054491899,4.7780000000000005,0.867776559454191,6.048270257387989
Plastic,0.3875,,0,0.38775023832221167,0.3875,2,0.0020993548387096,0.373,0.794463989055018,1.9997497616777884
Bioplastic,0.6965,,1,0.23236415633937083,0.6965,7,0.000699928212491,7.025,2.0955930015775133,8.46413584366063
Metal,0.812,,0,0.6966158245948523,0.8119999999999999,5,0.0017998768472906,2.077,1.0193119128821875,5.115384175405148
Bioplastic,0.317,,1,0.10581506196377503,0.317,7,0.0007003154574132,7.556,1.5402176933765632,8.211184938036226
Ceramic,0.5595,,1,0.32006673021925647,0.5595,5,0.0012001787310098,4.657,1.3319312379439463,6.2394332697807435
Glass,0.9825,,1,0.7023355576739753,0.9824999999999999,6,0.0014997455470737,4.053,1.2245499910889324,7.280164442326025
Bioplastic,0.825,,1,0.27526215443279317,0.825,7,0.0007,6.845,2.198463101740124,8.549737845567206
Paper,0.1375,,1,0.058865586272640616,0.1375,9,0.0008981818181818,9.753,0.8655115511551155,10.07863441372736
Paper,0.122,,1,0.052430886558627265,0.122,9,0.0009016393442622,9.78,0.8003627267041901,10.069569113441373
Paper,0.7435,,1,0.31887511916110584,0.7434999999999999,9,0.0008997982515131,8.661999999999999,1.774992034592626,10.424624880838893
Metal,0.904,,1,0.7755004766444233,0.9039999999999999,5,0.0017997787610619,2.746,1.0325522648083623,6.128499523355576
Metal,0.179,,0,0.1534795042897998,0.179,5,0.0017988826815642,4.356,0.7061714930424972,5.0255204957102
Paper,0.8485,,1,0.36391801715919925,0.8484999999999999,9,0.0008998232174425,8.473,1.8289869516079316,10.484581982840801
Plastic,0.6555,,1,0.6561010486177312,0.6555,2,0.0020999237223493,0.2469999999999999,0.8669476139443989,2.9993989513822688
Metal,0.8885,,1,0.7623927550047664,0.8885,5,0.0018002250984805,2.801,1.0302730337699664,6.126107244995233
Bioplastic,0.3885,,1,0.12964728312678744,0.38849999999999996,7,0.0007001287001287,7.455999999999999,1.6917247820672474,8.258852716873212
Plastic,0.964,,0,0.9649666348903719,0.9640000000000001,2,0.0021001037344398,-2.0490000000000004,0.9051926777961777,1.9990333651096281
Plastic,0.5715,,1,0.5719733079122974,0.5715,2,0.0020997375328083,0.6000000000000001,0.8504802099588595,2.9995266920877026
Paper,0.416,,1,0.17850333651096284,0.41600000000000004,9,0.0009002403846153,9.251,1.4936984425808661,10.237496663489038
Bioplastic,0.603,,0,0.2011439466158246,0.603,7,0.0006998341625207,6.156,2.0023646723646724,7.401856053384175
Plastic,0.93,,1,0.9308865586272641,0.93,2,0.0021,-0.906,0.9021361198446458,2.999113441372736
Paper,0.114,,1,0.0488560533841754,0.11399999999999999,9,0.0008991228070175,9.795,0.7658405379442843,10.065143946615825
Metal,0.714,,1,0.6124880838894184,0.714,5,0.0017997198879551,3.43,1.0021220230131123,6.1015119161105815
Paper,0.4965,,0,0.21306005719733082,0.4965,9,0.0009003021148036,8.106,1.5859576735688183,9.28343994280267
Bioplastic,0.106,,1,0.03527168732125834,0.10600000000000001,7,0.0006981132075471,7.852,0.7836081747709654,8.070728312678742
Plastic,0.5425,,1,0.5431363203050524,0.5425,2,0.002100460829493,0.7210000000000001,0.8435225672570963,2.9993636796949477
Plastic,0.1815,,1,0.18160152526215445,0.1815,2,0.002099173553719,2.238,0.6445277589708869,2.9998984747378454
Paper,0.97,,1,0.4161105815061964,0.97,9,0.0009,8.254,1.8794421869227926,10.553889418493805
Metal,0.36,,1,0.30886558627264066,0.36,5,0.0018,4.704,0.8804849615294938,6.051134413727359
Ceramic,0.2725,,1,0.15586272640610108,0.2725,5,0.0012,5.346,1.065024217585693,6.1166372735938985
Plastic,0.4695,,1,0.4699714013346044,0.46950000000000003,2,0.0021001064962726,1.028,0.8237255393878574,2.9995285986653957
Paper,0.1895,,0,0.08126787416587226,0.1895,9,0.0008997361477572,8.659,1.0454141467262688,9.108232125834128
Plastic,0.9865,,1,0.9873689227836034,0.9865,2,0.0020998479472883,-1.1429999999999998,0.9072357866128962,2.9991310772163966
Plastic,0.5225,,1,0.523117254528122,0.5225,2,0.0021004784688995,0.8050000000000002,0.8385259695555726,2.9993827454718778
Ceramic,0.1665,,1,0.09532888465204958,0.1665,5,0.0012012012012012,5.6,0.8524084919472913,6.07117111534795
Plastic,0.5355,,1,0.5359866539561488,0.5355000000000001,2,0.0020999066293183,0.7509999999999999,0.8419988008693698,2.9995133460438512
Plastic,0.4695,,1,0.4699714013346044,0.46950000000000003,2,0.0021001064962726,1.028,0.8237255393878574,2.9995285986653957
Paper,0.3965,,1,0.1701620591039085,0.39649999999999996,9,0.0009003783102143,9.286,1.4676376146788987,10.22633794089609
Metal,0.7705,,1,0.6611058150619639,0.7705,5,0.0018001297858533,3.226,1.0123428106212424,6.109394184938036
Metal,0.112,,0,0.09604385128693996,0.11200000000000002,5,0.0017991071428571,4.597,0.5713007537077559,5.01595614871306
Bioplastic,0.177,,1,0.05910390848427074,0.177,7,0.0007005649717514,7.752,1.1124805272618332,8.117896091515728
Plastic,0.8815,,1,0.8822688274547188,0.8815,2,0.0020998298355076,-0.702,0.8974121700310559,2.999231172545281
Bioplastic,0.6155,,0,0.20543374642516685,0.6155,7,0.0007002437043054,6.138,2.0151669787765294,7.410066253574833
Plastic,0.111,,1,0.11105815061963777,0.11100000000000002,2,0.002099099099099,2.534,0.5259214092140921,2.9999418493803622
Metal,0.889,,1,0.7626310772163967,0.889,5,0.0017997750281214,2.8,1.0305680185655872,6.126368922783604
Ceramic,0.6995,,1,0.4001429933269781,0.6995,5,0.0012001429592566,4.321,1.3986000190603258,6.299357006673023
Glass,0.8045,,0,0.575071496663489,0.8045,6,0.0014996892479801,3.587,1.1917256231024502,6.229428503336511
Metal,0.768,,1,0.6589609151572927,0.768,5,0.0018001302083333,3.235,1.0119098159894493,6.109039084842707
Ceramic,0.2325,,1,0.13298379408960917,0.2325,5,0.0012,5.442,0.9979234860883797,6.0995162059103905
Metal,0.58,,1,0.4976167778836988,0.58,5,0.0018,3.912,0.9705216142925505,6.0823832221163014
Ceramic,0.9555,,1,0.5464728312678743,0.9555,5,0.0011998953427524,3.707,1.4780203494802033,6.409027168732125
Metal,0.1515,,1,0.12988560533841756,0.1515,5,0.0017986798679867,5.455,0.6590234294007878,6.021614394661583
Bioplastic,0.8685,,1,0.2897998093422307,0.8685,7,0.0007000575705238,6.784,2.2280667644900958,8.57870019065777
Ceramic,0.449,,0,0.2569113441372736,0.449,5,0.0012004454342984,3.922,1.2580154914529913,5.192088655862726
Paper,0.1105,,1,0.04742612011439467,0.1105,9,0.0009004524886877,9.801,0.749527966375687,10.063073879885605
Ceramic,0.2095,,1,0.11987607244995234,0.20950000000000002,5,0.0012004773269689,5.497,0.9528094515499675,6.089623927550048
Plastic,0.132,,1,0.13203050524308868,0.132,2,0.0020984848484848,2.446,0.5688907148726375,2.9999694947569115
Plastic,0.4895,,1,0.4899904671115348,0.48949999999999994,2,0.0021001021450459,0.944,0.8296744223622555,2.999509532888465
Plastic,0.1895,,1,0.18970448045757868,0.1895,2,0.0021002638522427,2.204,0.6541148404080289,2.9997955195424213
Plastic,0.482,,1,0.48236415633937085,0.48200000000000004,2,0.0020995850622406,0.976,0.8276608282861352,2.9996358436606294
Paper,0.975,,1,0.4182554814108675,0.975,9,0.0009,8.245000000000001,1.8813115055642415,10.556744518589133
Bioplastic,0.6495,,1,0.21663489037178268,0.6495,7,0.0006997690531177,7.091,2.051258467559837,8.432865109628217
Plastic,0.9655,,1,0.9663965681601525,0.9654999999999999,2,0.0020999482133609,-1.0549999999999995,0.9053855093192686,2.9991034318398473
Paper,0.358,,1,0.1534795042897998,0.358,9,0.0008994413407821,9.356,1.4123429860849943,10.2045204957102
Bioplastic,0.785,,0,0.2619161105815062,0.7849999999999999,7,0.0007,5.901,2.169010931120769,7.523083889418494
Metal,0.4515,,1,0.3872735938989514,0.45149999999999996,5,0.0017995570321151,4.375,0.9265841729433628,6.0642264061010485
Metal,0.606,,1,0.5200190657769305,0.606,5,0.0018003300330033,3.818,0.9773892988929889,6.08598093422307
Metal,0.811,,1,0.6959008579599619,0.8109999999999999,5,0.0018002466091245,3.08,1.018971134267577,6.115099142040038
Metal,0.073,,0,0.0626787416587226,0.073,5,0.0018013698630136,4.737,0.44873718136536767,5.0103212583412775
Bioplastic,0.6685,,0,0.22306959008579602,0.6685,7,0.0007000747943156,6.064,2.069213632339923,7.445430409914204
Bioplastic,0.9145,,1,0.30505243088655865,0.9145,7,0.0006998359759431,6.72,2.2577324076253236,8.609447569113442
Bioplastic,0.314,,1,0.10486177311725453,0.314,7,0.0007006369426751,7.56,1.5327408096789203,8.209138226882745
Glass,0.84,,1,0.6005719733079123,0.8400000000000001,6,0.0015,4.48,1.1990202748673289,7.239428026692088
Metal,0.7465,,1,0.6403717826501429,0.7464999999999999,5,0.0017997320830542,3.313,1.0082772162492757,6.106128217349857
Plastic,0.193,,1,0.19327931363203052,0.193,2,0.00210103626943,2.189,0.6580757354136193,2.9997206863679695
Ceramic,0.979,,0,0.5600571973307913,0.9789999999999999,5,0.0012002042900919,2.65,1.483204794916233,5.418942802669209
Plastic,0.142,,0,0.14204003813155386,0.142,2,0.0020985915492957,1.404,0.5866797951949586,1.999959961868446
Bioplastic,0.0875,,0,0.02907530981887512,0.0875,7,0.0006971428571428,6.878,0.6778988183161003,7.058424690181125
Metal,0.586,,1,0.5028598665395615,0.5860000000000001,5,0.0018003412969283,3.89,0.9720335230866541,6.0831401334604385
Glass,0.988,,1,0.7063870352716873,0.9880000000000001,6,0.0015,4.036,1.225218110887812,7.281612964728313
Metal,0.512,,1,0.4392278360343184,0.512,5,0.0017998046875,4.157,0.949505878193229,6.072772163965682
Metal,0.634,,1,0.5438512869399429,0.634,5,0.0017996845425867,3.718,0.9846994373704471,6.090148713060057
Glass,0.294,,1,0.21020019065776932,0.294,6,0.0015,6.118,0.9477750460971112,7.0837998093422305
Plastic,0.5555,,1,0.5560057197330792,0.5555,2,0.0020999099909991,0.6669999999999998,0.8467913972244422,2.9994942802669207
Glass,0.6695,,1,0.47878932316491896,0.6695,6,0.0015003734129947,4.991,1.1567248620604464,7.1907106768350815
Plastic,0.632,,1,0.6325071496663489,0.632,2,0.0020996835443037,0.3460000000000001,0.862790213430505,2.999492850333651
Metal,0.7055,,0,0.6053384175405149,0.7055,5,0.0018001417434443,2.46,1.0002290850114879,5.100161582459485
Ceramic,0.725,,1,0.41468064823641565,0.725,5,0.0012,4.26,1.4086404889794404,6.310319351763584
Plastic,0.383,,0,0.38346043851286943,0.383,2,0.0021005221932114,0.391,0.7922054618949028,1.9995395614871305
Ceramic,0.7325,,0,0.4189704480457579,0.7325,5,0.0012,3.242,1.4114483835415137,5.313529551954242
Paper,0.9515,,0,0.4082459485224023,0.9515,9,0.0009001576458223,7.287,1.8721251055050172,9.543254051477597
Metal,0.1415,,1,0.12130600571973309,0.14150000000000001,5,0.0017985865724381,5.491,0.6393861727331467,6.020193994280267
Ceramic,0.7795,,1,0.44590085795996187,0.7795,5,0.0012001282873636,4.129,1.4279149567798828,6.333599142040038
Glass,0.5115,,0,0.3655862726406101,0.5115000000000001,6,0.0014995112414467,4.466,1.0986148648648648,6.14591372735939
Paper,0.617,,1,0.2647759771210677,0.617,9,0.0009003241491085,8.889,1.6914491049261726,10.352224022878934
Metal,0.5935,,1,0.5092945662535748,0.5934999999999999,5,0.0018003369839932,3.863,0.9740772901509817,6.084205433746424
Metal,0.512,,1,0.4392278360343184,0.512,5,0.0017998046875,4.157,0.949505878193229,6.072772163965682
Glass,0.0905,,1,0.06482364156339372,0.0905,6,0.0015027624309392,6.728,0.5490717177559281,7.0256763584366055
Bioplastic,0.3485,,1,0.11630123927550048,0.3485,7,0.0007001434720229,7.512,1.6111789334508593,8.232198760724499
Ceramic,0.8925,,1,0.5104861773117254,0.8925000000000001,5,0.0012,3.858,1.461949562773267,6.3820138226882746
Plastic,0.0815,,1,0.0815061963775024,0.08149999999999999,2,0.0020981595092024,2.658,0.4490204831932772,2.999993803622498
Metal,0.121,,1,0.10390848427073404,0.121,5,0.0018016528925619,5.564,0.5934034595605423,6.017091515729266
Ceramic,0.545,,1,0.31172545281220215,0.545,5,0.0012,4.692,1.323697615188701,6.233274547187798
Plastic,0.8185,,1,0.8193517635843661,0.8185,2,0.0021001832620647,-0.4380000000000001,0.8903012235586893,2.999148236415634
Paper,0.772,,1,0.3312678741658723,0.772,9,0.0009002590673575,8.61,1.790070733863837,10.440732125834128
Ceramic,0.4225,,1,0.24165872259294569,0.4225,5,0.0012,4.986,1.2366141183035713,6.180841277407055
Plastic,0.1955,,1,0.19566253574833176,0.1955,2,0.0020997442455242,2.1790000000000003,0.6612268257294857,2.999837464251668
Glass,0.097,,1,0.06935176358436607,0.097,6,0.0014999999999999,6.709,0.5727723050942866,7.027648236415635
Glass,0.946,,1,0.6763584366062918,0.9460000000000001,6,0.0015,4.162,1.2185093320235756,7.269641563393708
Ceramic,0.0515,,1,0.02955195424213537,0.051500000000000004,5,0.0012038834951456,5.876,0.39752391464312,6.021948045757864
Glass,0.597,,1,0.426835081029552,0.597,6,0.0015,5.209,1.133181941554329,7.170164918970448
Paper,0.3495,,0,0.14990467111534797,0.34950000000000003,9,0.0008998569384835,8.371,1.3985332824718673,9.199595328884653
Plastic,0.3745,,0,0.37488083889418494,0.3745,2,0.0021001335113484,0.427,0.7886188898926025,1.999619161105815
Plastic,0.816,,1,0.8167302192564347,0.8160000000000001,2,0.0020998774509803,-0.427,0.8901201060676962,2.999269780743565
Glass,0.6385,,1,0.45638703527168734,0.6385,6,0.0014996084573218,5.085,1.1475824552385847,7.182112964728312
Plastic,0.1565,,1,0.15657769304099145,0.1565,2,0.0020990415335463,2.343,0.609951699795653,2.999922306959008
Metal,0.1035,,1,0.08889418493803623,0.1035,5,0.0018019323671497,5.627,0.5479258137774413,6.014605815061964
Paper,0.575,,1,0.24666348903717827,0.575,9,0.0009,8.965,1.6586690499106282,10.32833651096282
Ceramic,0.1795,,1,0.10271687321258342,0.1795,5,0.001200557103064,5.569,0.885471431930402,6.076783126787417
Bioplastic,0.515,,1,0.17183031458531936,0.515,7,0.0007,7.279,1.8945642644222338,8.343169685414681
Glass,0.333,,1,0.23808388941849382,0.333,6,0.0015,6.001,0.984962639221768,7.094916110581506
Glass,0.6645,,1,0.4752144899904671,0.6645,6,0.0015003762227238,5.006,1.1552212462711302,7.189285510009533
Bioplastic,0.4895,,1,0.1632507149666349,0.48949999999999994,7,0.0006996935648621,7.314999999999999,1.8594441426760817,8.326249285033365
Plastic,0.9405,,1,0.9413727359389896,0.9404999999999999,2,0.0020999468367889,-0.9500000000000002,0.9031348407176856,2.9991272640610105
Bioplastic,0.4555,,1,0.1520495710200191,0.45549999999999996,7,0.0007003293084522,7.362,1.8071841906202717,8.303450428979982
Glass,0.9015,,0,0.6444232602478552,0.9015000000000001,6,0.0014997226844148,3.296,1.2110046100653091,6.257076739752145
Bioplastic,0.7575,,1,0.2526215443279314,0.7575000000000001,7,0.0006996699669966,6.94,2.148195458231955,8.504878455672069
Plastic,0.925,,1,0.9258817921830315,0.925,2,0.0021,-0.8849999999999998,0.9016633368954142,2.9991182078169683
Paper,0.7515,,1,0.3224499523355577,0.7515,9,0.0009001996007984,8.647,1.7789089473090374,10.429050047664443
Paper,0.5565,,1,0.2387988560533842,0.5565,9,0.0009002695417789,8.998,1.6425675295441753,10.317701143946616
Glass,0.7125,,1,0.509532888465205,0.7125,6,0.0015003508771929,4.862,1.168927901157335,7.202967111534796
Metal,0.9405,,0,0.8069590085795997,0.9404999999999999,5,0.0018001063264221,1.614,1.0369818162707587,5.1335409914204
Ceramic,0.5595,,1,0.32006673021925647,0.5595,5,0.0012001787310098,4.657,1.3319312379439463,6.2394332697807435
Glass,0.274,,1,0.19590085795996187,0.274,6,0.0014999999999999,6.178,0.925985824742268,7.078099142040038
Glass,0.6285,,0,0.44923736892278365,0.6285000000000001,6,0.0014996022275258,4.115,1.1443139807341838,6.179262631077216
Metal,0.813,,1,0.6975691134413728,0.8130000000000001,5,0.00180012300123,3.073,1.019347397358513,6.115430886558627
Paper,0.07,,1,0.030028598665395617,0.06999999999999999,9,0.0009,9.874,0.5383431085043987,10.039971401334604
Metal,0.4895,,0,0.4199237368922784,0.48949999999999994,5,0.001799795709908,3.238,0.9414842317565087,5.069576263107721
Bioplastic,0.721,,1,0.24046711153479502,0.721,7,0.0006997226074895,6.991,2.1176788464230714,8.480532888465206
Glass,0.7405,,1,0.5293136320305053,0.7405,6,0.0014996623902768,4.779,1.176678785124593,7.2111863679694945
Paper,0.7635,,1,0.3274547187797903,0.7635,9,0.0008998035363457,8.626,1.7861541034790362,10.43604528122021
Glass,0.0695,,1,0.04957102001906578,0.06949999999999999,6,0.0014964028776978,6.792,0.46466220522625873,7.019928979980934
Glass,0.9925,,1,0.7097235462345092,0.9925,6,0.0015002518891687,4.022,1.2257269837532374,7.28277645376549
Glass,0.095,,1,0.06792183031458532,0.095,6,0.0014999999999999,6.715,0.5657394266250355,7.0270781696854145
Plastic,0.458,,1,0.45853193517635843,0.458,2,0.0021004366812227,1.076,0.8200068271036013,2.999468064823642
Paper,0.223,,1,0.09556720686367971,0.223,9,0.0008991031390134,9.599,1.1402729709968313,10.127432793136322
Glass,0.1465,,1,0.10486177311725453,0.14650000000000002,6,0.0015017064846416,6.56,0.7151163331782225,7.041638226882745
Bioplastic,0.7805,,1,0.26048617731172546,0.7805,7,0.0007001921844971,6.907,2.165131561549649,8.520013822688275
Metal,0.3845,,1,0.32983794089609153,0.3845,5,0.0017997399219765,4.616,0.8945231758704812,6.054662059103909
Bioplastic,0.202,,0,0.06744518589132507,0.202,7,0.0007004950495049,6.717,1.206364930259038,7.134554814108675
Bioplastic,0.9585,,0,0.31982840800762635,0.9585000000000001,7,0.0007000521648408,5.658,2.2830756130790193,7.638671591992374
Plastic,0.869,,0,0.8698760724499524,0.869,2,0.0021001150747986,-1.65,0.8959907607627285,1.9991239275500474
Ceramic,0.603,,0,0.34485224022878935,0.603,5,0.0011998341625207,3.553,1.3555062680810028,5.2581477597712105
Ceramic,0.3675,,1,0.21020019065776932,0.3675,5,0.0012,5.118,1.184718807621389,6.157299809342231
Glass,0.708,,1,0.5061963775023833,0.708,6,0.0015,4.876,1.1679383550872777,7.201803622497617
Bioplastic,0.8705,,1,0.2905147759771211,0.8705,7,0.0007001723147616,6.781,2.2291089954839496,8.579985224022879
Plastic,0.2095,,1,0.20972354623450906,0.20950000000000002,2,0.0021002386634844,2.12,0.6764096645121577,2.999776453765491
Ceramic,0.452,,1,0.2585795996186845,0.45199999999999996,5,0.001200221238938,4.915,1.260529044264256,6.193420400381315
Plastic,0.3595,,1,0.3598665395614872,0.35950000000000004,2,0.0021001390820584,1.49,0.7817485489220565,2.999633460438513
Paper,0.6195,,0,0.26572926596758817,0.6195,9,0.0008999192897497,7.885,1.6938759285807379,9.353770734032413
Paper,0.7015,,1,0.3010009532888465,0.7015,9,0.0009002138275124,8.737,1.7493723998573636,10.400499046711152
Bioplastic,0.536,,1,0.17874165872259296,0.536,7,0.0006996268656716,7.25,1.9229274965800276,8.357258341277406
Ceramic,0.9065,,1,0.5185891325071498,0.9065,5,0.001200220628792,3.824,1.4654314994606255,6.387910867492851
Plastic,0.891,,1,0.8918017159199237,0.891,2,0.0020998877665544,-0.742,0.8983650519031142,2.999198284080076
Glass,0.6695,,1,0.47878932316491896,0.6695,6,0.0015003734129947,4.991,1.1567248620604464,7.1907106768350815
Plastic,0.239,,0,0.23927550047664445,0.23900000000000002,2,0.0021004184100418,0.996,0.7044422590615341,1.9997244995233554
Glass,0.9895,,1,0.7075786463298379,0.9894999999999999,6,0.0015002526528549,4.031000000000001,1.2252676621613645,7.281921353670162
Glass,0.2525,,1,0.18040991420400382,0.2525,6,0.00149900990099,6.243,0.900467448580656,7.072090085795996
Metal,0.8,,1,0.686367969494757,0.8,5,0.0018,3.12,1.0173354345981331,6.113632030505243
Bioplastic,0.1365,,1,0.04551954242135368,0.1365,7,0.0006996336996336,7.809,0.9380183426138226,8.090980457578647
Plastic,0.4615,,1,0.4618684461391802,0.4615,2,0.0020996749729144,1.062,0.8213666440447913,2.99963155386082
Metal,0.9,,1,0.7721639656816016,0.9,5,0.0018,2.76,1.0319160563996064,6.127836034318399
Glass,0.6875,,1,0.4914204003813155,0.6875,6,0.0014996363636363,4.938000000000001,1.1624556737588654,7.196079599618685
Paper,0.214,,1,0.09175405147759771,0.21400000000000002,9,0.0008995327102803,9.615,1.1160129256773552,10.122245948522403
Metal,0.1495,,1,0.1282173498570067,0.14950000000000002,5,0.0017993311036789,5.462,0.655077276524645,6.021282650142993
Glass,0.426,,1,0.3045757864632984,0.426,6,0.0015,5.722,1.0529547596606974,7.121424213536701
Paper,0.183,,1,0.07840800762631078,0.183,9,0.0008989071038251,9.671,1.0257387122628907,10.104591992373688
Bioplastic,0.3295,,0,0.10986653956148715,0.3295,7,0.0006995447647951,6.539,1.5700454235748353,7.219633460438513
Metal,0.328,,1,0.2814585319351764,0.32799999999999996,5,0.0018003048780487,4.819,0.8598575534174682,6.046541468064824
Plastic,0.0555,,0,0.05552907530981888,0.05550000000000001,2,0.002099099099099,1.767,0.3568464603125958,1.999970924690181
Metal,0.953,,1,0.8176835081029553,0.953,5,0.0018001049317943,2.569,1.0384843920427984,6.135316491897045
Plastic,0.7065,,0,0.7071020019065778,0.7065,2,0.0020997876857749,-0.967,0.8753540424024094,1.9993979980934222
Ceramic,0.461,,1,0.26358436606291713,0.461,5,0.0011995661605206,4.894,1.267931305715784,6.197415633937084
Bioplastic,0.6765,,1,0.22569113441372737,0.6765,7,0.0006999260901699,7.053,2.077121322991365,8.450808865586273
Ceramic,0.252,,1,0.14418493803622498,0.252,5,0.0012003968253968,5.395,1.0320046847550264,6.107815061963775
Metal,0.4115,,1,0.3529551954242136,0.41150000000000003,5,0.0017995139732685,4.519,0.908478375249921,6.058544804575787
Ceramic,0.8235,,1,0.4709246901811249,0.8234999999999999,5,0.0011997571341833,4.024,1.4423968943062278,6.352575309818875
Ceramic,0.2565,,1,0.14680648236415636,0.2565,5,0.0012007797270955,5.384,1.0392757821552723,6.109693517635844
Plastic,0.514,,1,0.5145376549094376,0.514,2,0.0021001945525291,0.8410000000000002,0.8364011479097184,2.9994623450905626
Bioplastic,0.3855,,1,0.12869399428026693,0.3855,7,0.0007003891050583,7.46,1.6856586077532305,8.256806005719733
Ceramic,0.9615,,1,0.550047664442326,0.9615,5,0.0012002080083203,3.692,1.4791223053233613,6.411452335557674
Glass,0.4175,,1,0.2983794089609152,0.4175,6,0.0014994011976047,5.748,1.047995932041158,7.119120591039085
Paper,0.9185,,1,0.3939466158245949,0.9185000000000001,9,0.0008998366902558,8.347,1.8595126893756635,10.524553384175405
Metal,0.726,,1,0.622974261201144,0.726,5,0.0018002754820936,3.386,1.0041851265822785,6.103025738798856
Metal,0.9015,,1,0.7733555767397522,0.9015000000000001,5,0.0017997781475318,2.755,1.0322256180756426,6.128144423260248
Glass,0.4715,,1,0.3372259294566254,0.4715,6,0.0015005302226935,5.585,1.0783898397470837,7.134274070543374
Paper,0.253,,0,0.1084366062917064,0.253,9,0.000899209486166,8.545,1.2137983077978503,9.144563393708294
Bioplastic,0.1605,,1,0.05362249761677789,0.1605,7,0.0007009345794392,7.775,1.0447688488985416,8.10687750238322
Ceramic,0.849,,0,0.4857006673021925,0.849,5,0.0012002355712603,2.962,1.4495458984375,5.363299332697808
Metal,0.9725,,1,0.8343660629170639,0.9724999999999999,5,0.0018,2.499,1.0408126307197876,6.138133937082936
Metal,0.227,,1,0.19470924690181124,0.227,5,0.0017995594713656,5.183,0.7702506873685914,6.032290753098189
Metal,0.254,,1,0.2178265014299333,0.254,5,0.0017992125984251,5.086,0.7991781643671265,6.036173498570066
Plastic,0.9495,,1,0.9504289799809342,0.9494999999999999,2,0.0021000526592943,-0.988,0.9039164170977401,2.999071020019066
Bioplastic,0.0905,,1,0.03026692087702574,0.0905,7,0.0007016574585635,7.873,0.6947274057811929,8.060233079122973
Ceramic,0.0805,,1,0.04599618684461392,0.0805,5,0.0011987577639751,5.807,0.5513842637936663,6.034503813155386
Bioplastic,0.307,,1,0.1024785510009533,0.307,7,0.000700325732899,7.57,1.5162099811676082,8.204521448999047
Paper,0.83,,1,0.35605338417540516,0.8300000000000001,9,0.0009,8.506,1.8199623745819398,10.473946615824595
Glass,0.897,,1,0.6413250714966635,0.897,6,0.0014999999999999,4.309,1.2099954992605928,7.255674928503336
Ceramic,0.945,,1,0.540514775977121,0.945,5,0.0012,3.732,1.4753757999702337,6.40448522402288
Bioplastic,0.3405,,1,0.11367969494756912,0.34049999999999997,7,0.0007004405286343,7.523,1.5935065804149007,8.22682030505243
Ceramic,0.3235,,0,0.18493803622497618,0.3235,5,0.0011993817619783,4.224,1.1353345600535296,5.1385619637750235
Bioplastic,0.823,,1,0.27454718779790277,0.8230000000000001,7,0.0006998784933171,6.848,2.1973199287350473,8.548452812202097
Plastic,0.3785,,1,0.37893231649189707,0.3785,2,0.0021003963011889,1.41,0.7902995621019109,2.999567683508103
Plastic,0.76,,0,0.7607244995233556,0.76,2,0.0021,-1.1920000000000002,0.8829770738730757,1.999275500476644
Metal,0.938,,1,0.8048141086749285,0.9380000000000001,5,0.0018001066098081,2.623,1.0366770268134646,6.133185891325072
Plastic,0.202,,1,0.2020972354623451,0.202,2,0.00209900990099,2.152,0.6686588829283685,2.999902764537655
Paper,0.2865,,1,0.12297426120114396,0.28650000000000003,9,0.0009005235602094,9.484,1.284901667379222,10.163525738798857
Ceramic,0.444,,1,0.2540514775977121,0.44400000000000006,5,0.0012004504504504,4.934,1.2540549273021002,6.189948522402288
Plastic,0.3805,,1,0.3808388941849381,0.3805,2,0.0020998685939553,1.402,0.7913253370340999,2.999661105815062
Paper,0.181,,1,0.07769304099142041,0.181,9,0.0009005524861878,9.674,1.018610515021459,10.10330695900858
Metal,0.7785,,1,0.6680171591992374,0.7785,5,0.0018002569043031,3.197,1.013649227331968,6.1104828408007625
Metal,0.074,,1,0.06339370829361297,0.074,5,0.0017972972972972,5.734,0.4528938156359392,6.010606291706387
Glass,0.0945,,1,0.06744518589132507,0.0945,6,0.0014973544973544,6.717,0.5643637916310845,7.027054814108675
Ceramic,0.58,,0,0.3317445185891325,0.58,5,0.0012,3.608,1.343387061161404,5.248255481410868
Paper,0.7265,,1,0.31172545281220215,0.7264999999999999,9,0.0009002064693737,8.692,1.7645253530909928,10.414774547187797
Paper,0.9595,,1,0.4115824594852241,0.9595,9,0.0008999478895257,8.273,1.8755529674834621,10.547917540514776
Ceramic,0.3615,,0,0.2068636796949476,0.36150000000000004,5,0.0012005532503457,4.132,1.1780475302889095,5.154636320305053
Glass,0.2685,,1,0.1918493803622498,0.2685,6,0.0014990689013035,6.195,0.9199951004409601,7.076650619637751
Glass,0.353,,1,0.25238322211630126,0.353,6,0.0014999999999999,5.941,1.0017503043419451,7.100616777883698
Ceramic,0.2365,,1,0.13536701620591038,0.23650000000000002,5,0.0012008456659619,5.432,1.0048136897529365,6.10113298379409
Metal,0.107,,0,0.09175405147759771,0.10700000000000001,5,0.0017990654205607,4.615,0.5580064628386776,5.015245948522402
Glass,0.4955,,1,0.3541468064823642,0.4955,6,0.0014994954591321,5.514,1.0910568849706128,7.141353193517635
Metal,0.403,,1,0.34580552907530987,0.403,5,0.0018002481389578,4.549,0.9039816101785523,6.05719447092469
Metal,0.868,,1,0.7447569113441374,0.868,5,0.0018001152073732,2.875,1.0275145291429215,6.123243088655863
Paper,0.4365,,1,0.1873212583412774,0.4365,9,0.0009003436426116,9.214,1.5192053749170538,10.249178741658723
Paper,0.484,,1,0.20757864632983794,0.484,9,0.0008997933884297,9.129,1.5735812800247946,10.276421353670163
Metal,0.2805,,1,0.2407054337464252,0.2805,5,0.0018003565062388,4.99,0.8232918298824846,6.039794566253574
Glass,0.604,,1,0.4318398474737846,0.604,6,0.0015,5.188,1.1356802294317976,7.1721601525262155
Glass,0.6965,,1,0.498093422306959,0.6965,6,0.0015003589375448,4.91,1.1645337902454573,7.198406577693041
Metal,0.2515,,1,0.21568160152526217,0.2515,5,0.0017992047713717,5.095,0.7966888117167447,6.035818398474738
Bioplastic,0.702,,1,0.23427073403241183,0.702,7,0.0007001424501424,7.017,2.1000941109368316,8.467729265967588
Metal,0.616,,1,0.528598665395615,0.616,5,0.0018003246753246,3.782,0.9799575371549892,6.087401334604385
Glass,0.4015,,1,0.2869399428026692,0.40149999999999997,6,0.0014993773349937,5.796,1.0376287262872628,7.114560057197331
Ceramic,0.911,,1,0.5209723546234509,0.9109999999999999,5,0.0011997804610318,3.814,1.4670540374577832,6.3900276453765485
Bioplastic,0.4755,,1,0.15872259294566254,0.4755,7,0.0007003154574132,7.334,1.8378758290346349,8.316777407054337
Bioplastic,0.6185,,1,0.20638703527168734,0.6184999999999999,7,0.0007000808407437,7.134,2.0186885500933416,8.412112964728314
Plastic,0.656,,1,0.6565776930409915,0.6559999999999999,2,0.0020998475609756,0.2450000000000001,0.8670623070623069,2.9994223069590085
Ceramic,0.3555,,1,0.20328884652049573,0.35550000000000004,5,0.0011997187060478,5.147,1.1721499292786424,6.152211153479504
Ceramic,0.8235,,1,0.4709246901811249,0.8234999999999999,5,0.0011997571341833,4.024,1.4423968943062278,6.352575309818875
Metal,0.782,,0,0.6708770257387989,0.782,5,0.0017998721227621,2.185,1.014428986582576,5.111122974261201
Plastic,0.0615,,1,0.06148713060057198,0.0615,2,0.0020975609756097,2.742,0.38083530106257374,3.000012869399428
Paper,0.6965,,1,0.2988560533841754,0.6965,9,0.0009002153625269,8.746,1.7462440248565967,10.397643946615824
Plastic,0.174,,1,0.1742135367016206,0.174,2,0.0021005747126436,2.269,0.6345419780983833,2.9997864632983795
Paper,0.8655,,0,0.3713060057197331,0.8654999999999999,9,0.0009000577700751,7.442,1.8363865291262131,9.494193994280268
Paper,0.237,,1,0.10176358436606292,0.23700000000000002,9,0.0009008438818565,9.573,1.1746420978029766,10.135236415633937
Ceramic,0.147,,1,0.08412774070543375,0.147,5,0.0012006802721088,5.647,0.7983587885063421,6.062872259294567
Plastic,0.625,,1,0.6255958055290753,0.625,2,0.0021,0.375,0.8613610983380411,2.999404194470925
Glass,0.146,,1,0.10438512869399429,0.146,6,0.0015,6.562,0.7143376865671641,7.041614871306006
Metal,0.1345,,1,0.11534795042897998,0.1345,5,0.0017992565055762,5.516,0.6245706064630369,6.01915204957102
Glass,0.15,,1,0.10724499523355578,0.15,6,0.0015,6.55,0.7237810487580496,7.042755004766445
Bioplastic,0.5595,,1,0.18660629170638707,0.5595,7,0.0006997319034852,7.217,1.9521553301180772,8.372893708293613
Metal,0.0935,,0,0.08031458531935178,0.0935,5,0.0018021390374331,4.663,0.5185381971979909,5.013185414680648
Bioplastic,0.2545,,1,0.08484270734032412,0.2545,7,0.0006994106090373,7.644,1.376846312532233,8.169657292659677
Metal,0.5445,,1,0.4671115347950429,0.5445,5,0.0017998163452708,4.04,0.9601285930408471,6.077388465204957
Plastic,0.394,,0,0.3944232602478551,0.394,2,0.0021002538071065,0.345,0.7968880748096019,1.9995767397521451
Bioplastic,0.9765,,1,0.3257864632983794,0.9765,7,0.0006999487967229,6.633,2.29340311205642,8.65071353670162
Metal,0.892,,1,0.7652526215443279,0.892,5,0.0017998878923766,2.789,1.030912796782901,6.126747378455672
Paper,0.546,,1,0.23427073403241183,0.546,9,0.0009001831501831,9.017,1.633406530728647,10.311729265967587
Glass,0.473,,1,0.3381792183031459,0.47300000000000003,6,0.0015,5.581,1.0794669857500272,7.134820781696854
Plastic,0.2145,,1,0.21472831267874168,0.2145,2,0.0021002331002331,2.099,0.6815402089959108,2.9997716873212585
Metal,0.472,,1,0.4049094375595806,0.472,5,0.0017997881355932,4.301,0.9348211082790521,6.067090562440419
Metal,0.129,,1,0.11058150619637752,0.129,5,0.0017984496124031,5.536,0.6125894069714802,6.0184184938036225
Paper,0.85,,1,0.36463298379408965,0.85,9,0.0009,8.47,1.8294009027492815,10.48536701620591
Bioplastic,0.44,,1,0.14680648236415636,0.44000000000000006,7,0.0007,7.384,1.7827732715334106,8.293193517635846
Bioplastic,0.4575,,1,0.15252621544327932,0.4575,7,0.0006994535519125,7.36,1.8116930917327292,8.30497378455672
Metal,0.1945,,1,0.16682554814108674,0.1945,5,0.0017994858611825,5.3,0.7289406931046803,6.027674451858913
Metal,0.8325,,0,0.7142516682554815,0.8324999999999999,5,0.0018,2.003,1.0224111689984192,5.118248331744518
Bioplastic,0.97,,1,0.32364156339370836,0.97,7,0.0007,6.642,2.289671467146714,8.64635843660629
Glass,0.153,,0,0.10938989513822689,0.153,6,0.0015,5.541,0.730694286364671,6.043610104861773
Metal,0.706,,0,0.605815061963775,0.706,5,0.0018002832861189,2.458,1.0002620205294435,5.100184938036224
Bioplastic,0.1135,,1,0.03789323164918971,0.1135,7,0.0007004405286343,7.841,0.8231005876253025,8.075606768350811
Ceramic,0.2,,0,0.11439466158245949,0.2,5,0.0012,4.52,0.9328590484659848,5.08560533841754
Plastic,0.7645,,1,0.7652526215443279,0.7645,2,0.0021000654022236,-0.2109999999999998,0.8835569878257037,2.999247378455672
Bioplastic,0.1955,,1,0.06530028598665397,0.1955,7,0.0007007672634271,7.726,1.1826960784313725,8.130199714013346
Plastic,0.2915,,1,0.2917063870352717,0.2915,2,0.0020994854202401,1.776,0.7441798491117059,2.9997936129647282
Bioplastic,0.199,,0,0.06649189704480458,0.199,7,0.0007010050251256,6.721,1.1952533638705982,7.132508102955195
Glass,0.7245,,1,0.5181124880838894,0.7245,6,0.0015003450655624,4.8260000000000005,1.1721167489204196,7.206387511916111
Bioplastic,0.142,,1,0.04742612011439467,0.142,7,0.0007007042253521,7.801,0.9631943097316519,8.094573879885605
Bioplastic,0.487,,1,0.16253574833174453,0.487,7,0.000700205338809,7.318,1.85498547567175,8.324464251668255
Bioplastic,0.7975,,1,0.26620591039084845,0.7975,7,0.0007003134796238,6.883,2.177736561239099,8.531294089609151
Ceramic,0.4225,,1,0.24165872259294569,0.4225,5,0.0012,4.986,1.2366141183035713,6.180841277407055
Plastic,0.865,,1,0.8658245948522403,0.865,2,0.0021,-0.633,0.8956077579825297,2.99917540514776
Ceramic,0.444,,1,0.2540514775977121,0.44400000000000006,5,0.0012004504504504,4.934,1.2540549273021002,6.189948522402288
Metal,0.1825,,1,0.15657769304099145,0.1825,5,0.0018,5.343,0.7112855285156975,6.025922306959009
Plastic,0.3215,,1,0.32173498570066733,0.3215,2,0.0020995334370139,1.65,0.7623270795660035,2.9997650142993324
Metal,0.5605,,1,0.48093422306959005,0.5605,5,0.001800178412132,3.982,0.9648252379389564,6.07956577693041
Bioplastic,0.1605,,1,0.05362249761677789,0.1605,7,0.0007009345794392,7.775,1.0447688488985416,8.10687750238322
Glass,0.8095,,1,0.5788846520495711,0.8095000000000001,6,0.0015003088326127,4.571,1.192396966931124,7.230615347950429
Paper,0.305,,1,0.13083889418493805,0.305,9,0.0009,9.451,1.3212678092091676,10.174161105815061
Ceramic,0.5495,,1,0.3143469971401335,0.5495,5,0.0012001819836214,4.681,1.3261831358564362,6.2351530028598665
Ceramic,0.9265,,1,0.5300285986653956,0.9265000000000001,5,0.0012002158661629,3.776,1.4705681646239976,6.396471401334605
Paper,0.372,,0,0.15967588179218306,0.372,9,0.0009005376344086,8.33,1.4325550660792952,9.212324118207817
Paper,0.462,,1,0.1982840800762631,0.462,9,0.0009004329004329,9.168,1.5488590604026846,10.263715919923737
Metal,0.5985,,1,0.513584366062917,0.5985,5,0.0018003341687552,3.845,0.9754159869494292,6.084915633937083
Ceramic,0.989,,1,0.5657769304099143,0.9890000000000001,5,0.0012002022244691,3.626,1.4854825315005729,6.423223069590086
Bioplastic,0.289,,0,0.0965204957102002,0.28900000000000003,7,0.0007006920415224,6.595,1.470584525830706,7.1924795042898
Glass,0.4585,,1,0.32769304099142044,0.4585,6,0.0014994547437295,5.625,1.0720305360526021,7.13080695900858
Bioplastic,0.5095,,1,0.16992373689227835,0.5095,7,0.0006997055937193,7.287,1.8875701924774855,8.339576263107721
Bioplastic,0.546,,0,0.1820781696854147,0.546,7,0.0006996336996336,6.236,1.935633660020277,7.3639218303145855
Paper,0.427,,1,0.1832697807435653,0.42699999999999994,9,0.0009004683840749,9.231,1.5073969375736156,10.243730219256435
Bioplastic,0.9815,,1,0.3274547187797903,0.9814999999999999,7,0.0006999490575649,6.626,2.2961496431757356,8.65404528122021
Glass,0.053,,1,0.03789323164918971,0.053000000000000005,6,0.0015,6.841,0.38435534047701353,7.01510676835081
Plastic,0.2795,,1,0.2797902764537655,0.27949999999999997,2,0.0021001788908765,1.826,0.7359324799196786,2.9997097235462347
Glass,0.1225,,0,0.08746425166825549,0.12250000000000001,6,0.0014979591836734,5.633,0.6534579201627257,6.035035748331744
Glass,0.179,,0,0.12797902764537655,0.179,6,0.0015,5.463,0.7851599414593351,6.051020972354624
Bioplastic,0.8425,,1,0.28098188751191616,0.8425,7,0.0006997032640949,6.821,2.21139121731515,8.561518112488084
Plastic,0.077,,1,0.07697807435653004,0.077,2,0.0020974025974025,2.677,0.4350821438190142,3.0000219256434697
Bioplastic,0.757,,1,0.2526215443279314,0.757,7,0.0007001321003963,6.94,2.1467775074344417,8.504378455672068
Paper,0.843,,1,0.361534795042898,0.843,9,0.0008997627520759,8.483,1.8265145099659197,10.481465204957102
Paper,0.47,,1,0.20162059103908486,0.47000000000000003,9,0.0009,9.154,1.5582490518331225,10.268379408960916
Glass,0.574,,1,0.4103908484270734,0.5740000000000001,6,0.0015,5.2780000000000005,1.1246283152782968,7.163609151572927
Paper,0.513,,1,0.2199714013346044,0.513,9,0.0008996101364522,9.077,1.603268285416356,10.293028598665396
Glass,0.299,,1,0.2137750238322212,0.29900000000000004,6,0.0015,6.103,0.9529120461795534,7.085224976167779
Bioplastic,0.958,,1,0.3195900857959962,0.958,7,0.0006998956158663,6.659,2.283180733840736,8.638409914204004
Paper,0.9135,,1,0.39180171591992374,0.9135,9,0.0008998357963875,8.356,1.8574559023066486,10.521698284080076
Metal,0.669,,1,0.5738798856053384,0.669,5,0.0017997010463378,3.592,0.9927585231291556,6.095120114394662
Paper,0.135,,0,0.05791229742612012,0.135,9,0.0009,8.757,0.8549049200120736,9.07708770257388
Plastic,0.228,,1,0.22831267874165873,0.22799999999999998,2,0.0021008771929824,2.042,0.6944599303135889,2.999687321258341
Metal,0.261,,1,0.22402287893231648,0.261,5,0.0018007662835249,5.0600000000000005,0.8054986760812003,6.036977121067683
Plastic,0.8335,,1,0.8343660629170639,0.8335000000000001,2,0.0021001799640071,-0.5009999999999999,0.8920486660205071,2.999133937082936
Paper,0.2225,,1,0.09556720686367971,0.2225,9,0.0009011235955056,9.599,1.1377163051425785,10.126932793136321
Ceramic,0.5085,,0,0.2907530981887512,0.5085,5,0.0011996066863323,3.78,1.3013332520126857,5.217746901811249
Paper,0.0695,,1,0.02979027645376549,0.06949999999999999,9,0.0008992805755395,9.875,0.5354792508262944,10.039709723546235
Paper,0.226,,1,0.09699714013346043,0.22599999999999998,9,0.0009004424778761,9.593,1.1472247761916283,10.129002859866539
Metal,0.195,,1,0.167302192564347,0.195,5,0.0018,5.298,0.7295114122681883,6.027697807435653
Ceramic,0.2075,,1,0.11868446139180172,0.20750000000000002,5,0.0012,5.502,0.948855710549259,6.0888155386081975
Plastic,0.35,,0,0.3503336510962822,0.35,2,0.0021,0.53,0.7772015241320913,1.9996663489037179
Metal,0.7115,,1,0.6103431839847474,0.7115,5,0.0017997189037245,3.439,1.0016285311682211,6.101156816015252
Glass,0.835,,1,0.5969971401334605,0.835,6,0.0015,4.495,1.1979963071873077,7.23800285986654
Bioplastic,0.18,,1,0.060057197330791234,0.18,7,0.0007,7.748,1.12459797498511,8.11994280266921
Plastic,0.547,,1,0.5474261201143947,0.5469999999999999,2,0.002099634369287,0.7029999999999998,0.8448840462342633,2.999573879885605
Plastic,0.9205,,1,0.9213536701620592,0.9205,2,0.0020999456816947,-0.8660000000000001,0.9012549001306701,2.999146329837941
Ceramic,0.6325,,1,0.36177311725452815,0.6325000000000001,5,0.0012,4.482,1.3697202725020643,6.270726882745472
Metal,0.261,,1,0.22402287893231648,0.261,5,0.0018007662835249,5.0600000000000005,0.8054986760812003,6.036977121067683
Glass,0.37,,1,0.2645376549094376,0.37,6,0.0015,5.89,1.014984309623431,7.1054623450905625
Ceramic,0.779,,0,0.4456625357483318,0.779,5,0.0012002567394094,3.13,1.427622292103424,5.333337464251668
Ceramic,0.1725,,1,0.09866539561487131,0.17250000000000001,5,0.0012,5.586,0.8682941458733205,6.073834604385129
Paper,0.277,,1,0.11892278360343185,0.277,9,0.0009007220216606,9.501,1.265286305247115,10.158077216396567
Glass,0.3285,,1,0.2349857006673022,0.3285,6,0.0015007610350076,6.014,0.9806388730791121,7.093514299332698
Bioplastic,0.308,,0,0.10271687321258342,0.308,7,0.0006996753246753,6.569,1.5193604514460382,7.205283126787417
Bioplastic,0.6405,,1,0.2137750238322212,0.6405000000000001,7,0.0007002341920374,7.103,2.0412714567826216,8.426724976167778
Plastic,0.18,,1,0.1801715919923737,0.18,2,0.0021,2.244,0.6424634229329703,2.9998284080076263
Bioplastic,0.597,,1,0.1992373689227836,0.597,7,0.0007001675041876,7.164,1.9950716788786236,8.397762631077216
Plastic,0.208,,1,0.20829361296472831,0.20800000000000002,2,0.0021009615384615,2.126,0.6746815089672232,2.999706387035272
Ceramic,0.0945,,1,0.054099142040038135,0.0945,5,0.0012010582010582,5.773,0.6132415712960099,6.040400857959962
Plastic,0.7895,,1,0.7902764537654909,0.7895,2,0.0021000633312222,-0.3159999999999998,0.8868031909197986,2.999223546234509
Bioplastic,0.5475,,1,0.18255481410867494,0.5475,7,0.0006995433789954,7.234,1.9376771255060727,8.364945185891324
Glass,0.657,,1,0.4697330791229743,0.657,6,0.0015,5.029,1.1531715887224963,7.1872669208770255
Plastic,0.095,,1,0.09509056244041945,0.095,2,0.0021,2.601,0.4869533349621305,2.9999094375595807
Ceramic,0.5565,,1,0.3183984747378456,0.5565,5,0.0012003593890386,4.664,1.330071770334928,6.238101525262154
Glass,0.869,,1,0.6213060057197332,0.869,6,0.0015,4.393,1.204759135663781,7.247693994280267
Plastic,0.8775,,1,0.8784556720686368,0.8775000000000001,2,0.0021002849002849,-0.6859999999999999,0.8968214146531567,2.999044327931363
Plastic,0.1115,,1,0.11153479504289801,0.1115,2,0.0020986547085201,2.532,0.5271000450653447,2.999965204957102
Paper,0.193,,1,0.082697807435653,0.193,9,0.0008989637305699,9.653,1.0563892512392383,10.110302192564347
Ceramic,0.6015,,1,0.34413727359389895,0.6014999999999999,5,0.0012003325020781,4.556,1.3543110109465548,6.257362726406101
Metal,0.241,,1,0.2068636796949476,0.24100000000000002,5,0.0018008298755186,5.132,0.7853650201926063,6.034136320305052
Bioplastic,0.958,,0,0.3195900857959962,0.958,7,0.0006998956158663,5.659,2.283180733840736,7.638409914204004
Ceramic,0.386,,1,0.22068636796949478,0.386,5,0.0011994818652849,5.074,1.203668252080856,6.1653136320305055
Plastic,0.099,,1,0.09914204003813155,0.099,2,0.0021010101010101,2.584,0.49713259932982284,2.9998579599618687
Plastic,0.2275,,1,0.22783603431839847,0.22749999999999998,2,0.0021010989010989,2.044,0.6939444605990113,2.9996639656816018
Bioplastic,0.7165,,1,0.23903717826501428,0.7165,7,0.0006999302163293,6.997,2.1133375509630254,8.477462821734985
Glass,0.308,,1,0.22020972354623453,0.308,6,0.0015,6.076,0.9618696040488239,7.087790276453766
Paper,0.738,,1,0.3164918970448046,0.738,9,0.0008997289972899,8.672,1.7719432364385441,10.421508102955196
Metal,0.6425,,1,0.5512392755004767,0.6425,5,0.0018,3.687,0.9865805460001463,6.091260724499524
Ceramic,0.1645,,1,0.09413727359389897,0.1645,5,0.0012006079027355,5.605,0.8473385710778295,6.070362726406102
Bioplastic,0.508,,1,0.16944709246901812,0.508,7,0.0006998031496062,7.289,1.885342296125951,8.338552907530982
Ceramic,0.5725,,1,0.3274547187797903,0.5725,5,0.0012,4.626,1.33932314897413,6.245045281220209
Glass,0.313,,1,0.22378455672068637,0.313,6,0.0014999999999999,6.061,0.9666921831296922,7.089215443279313
Plastic,0.231,,1,0.23117254528122022,0.231,2,0.002099567099567,2.03,0.6975215889464594,2.9998274547187798
Paper,0.7055,,1,0.30266920877025744,0.7055,9,0.0009000708717221,8.73,1.7520584753787876,10.402830791229743
Bioplastic,0.355,,0,0.1184461391801716,0.355,7,0.0007,6.503,1.6251145537857297,7.2365538608198285
Plastic,0.786,,1,0.7867016205910392,0.786,2,0.0020998727735368,-0.3010000000000001,0.8864312207708434,2.9992983794089607
Glass,0.8845,,1,0.6325071496663489,0.8845000000000001,6,0.0015002826455624,4.346,1.2074967464862052,7.251992850333651
Glass,0.536,,1,0.3832221163012393,0.536,6,0.0015,5.392,1.1092207536003156,7.15277788369876
Metal,0.531,,0,0.45567206863679693,0.5309999999999999,5,0.0018003766478342,3.088,0.9555995882655686,5.075327931363203
Ceramic,0.536,,1,0.3064823641563394,0.536,5,0.0011996268656716,4.714,1.3186303939962476,6.22951763584366
Plastic,0.6675,,1,0.6682554814108675,0.6675,2,0.0021003745318352,0.1960000000000001,0.8688515944906315,2.9992445185891325
Metal,0.2985,,1,0.2561963775023832,0.2985,5,0.0018006700167504,4.925,0.838020875150542,6.0423036224976165
Glass,0.205,,0,0.14656816015252622,0.205,6,0.0015,5.385,0.831413106514595,6.058431839847474
Metal,0.0965,,0,0.082697807435653,0.0965,5,0.0017979274611398,4.6530000000000005,0.5281946256196192,5.013802192564347
Metal,0.8495,,1,0.728789323164919,0.8494999999999999,5,0.0017998822836962,2.942,1.0249890729238555,6.120710676835081
Bioplastic,0.7705,,1,0.25714966634890374,0.7705,7,0.00070019467878,6.921,2.157358868277058,8.513350333651097
Glass,0.8785,,1,0.6279790276453765,0.8785000000000001,6,0.0014997154240182,4.365,1.2067655339487988,7.250520972354623
Plastic,0.395,,0,0.39537654909437564,0.395,2,0.0021,0.3409999999999999,0.7973732319830654,1.9996234509056243
Metal,0.6075,,1,0.521210676835081,0.6075,5,0.0018,3.813,0.9779291030461138,6.086289323164919
Metal,0.099,,1,0.08484270734032412,0.099,5,0.0017979797979797,5.644,0.53559051057246,6.014157292659676
Metal,0.969,,1,0.8312678741658723,0.969,5,0.0017997936016511,2.512,1.040516941345071,6.137732125834128
Paper,0.746,,1,0.32006673021925647,0.746,9,0.0009001340482573,8.657,1.7759083172585952,10.425933269780744
Glass,0.191,,1,0.136558627264061,0.191,6,0.0014999999999999,6.427,0.8074108402176103,7.054441372735939
Paper,0.5385,,1,0.2309342230695901,0.5385,9,0.0008997214484679,9.031,1.6272115800086417,10.307565776930408
Paper,0.626,,1,0.26858913250714966,0.626,9,0.0009001597444089,8.873,1.6983680331048754,10.357410867492849
Plastic,0.4715,,1,0.4718779790276454,0.4715,2,0.0020996818663838,1.02,0.8244765794299049,2.9996220209723545
Metal,0.2975,,1,0.2552430886558627,0.2975,5,0.0018,4.929,0.8374547162216557,6.042256911344138
Glass,0.379,,1,0.27097235462345093,0.379,6,0.0015,5.863,1.021639470641141,7.1080276453765485
Paper,0.4585,,1,0.19661582459485225,0.4585,9,0.0008996728462377,9.175,1.5457705286839145,10.261884175405148
Bioplastic,0.2755,,1,0.09199237368922784,0.27549999999999997,7,0.0007005444646098,7.614,1.4349528301886791,8.183507626310773
Ceramic,0.5335,,0,0.30505243088655865,0.5335,5,0.0011996251171508,3.72,1.3171134384561072,5.228447569113442
Metal,0.5225,,1,0.44828408007626314,0.5225,5,0.0018,4.119,0.9529731374424062,6.074215919923737
Metal,0.3265,,0,0.28002859866539564,0.3265,5,0.0017993874425727,3.825,0.8591458673021447,5.046471401334605
Glass,0.8275,,1,0.5915157292659676,0.8275,6,0.0014996978851963,4.518,1.1966466776950648,7.235984270734032
Bioplastic,0.5975,,1,0.19947569113441374,0.5974999999999999,7,0.0007004184100418,7.163,1.9951535890498167,8.398024308865587
Plastic,0.808,,0,0.8088655862726407,0.808,2,0.0021002475247524,-1.394,0.8890203482273966,1.9991344137273592
Plastic,0.678,,0,0.678741658722593,0.678,2,0.0021002949852507,-0.8479999999999999,0.8706353286816012,1.999258341277407
Ceramic,0.9085,,1,0.5195424213536702,0.9085000000000001,5,0.0011997798569069,3.82,1.4664048315125404,6.3889575786463295
Bioplastic,0.636,,0,0.2121067683508103,0.636,7,0.0006996855345911,6.11,2.0377642028100182,7.42389323164919
Metal,0.3505,,0,0.3007626310772164,0.3505,5,0.0018002853067047,3.738,0.8745825404376782,5.049737368922784
Metal,0.588,,1,0.5045281220209724,0.588,5,0.0018001700680272,3.883,0.9726594654261609,6.0834718779790276
Metal,0.5615,,1,0.48164918970448045,0.5615,5,0.0017996438112199,3.979,0.9653585183971155,6.079850810295519
Paper,0.2795,,1,0.11987607244995234,0.27949999999999997,9,0.0008998211091234,9.497,1.2711706048124864,10.159623927550049
Ceramic,0.971,,1,0.5552907530981888,0.9710000000000001,5,0.0011997940267765,3.67,1.4817849869071866,6.4157092469018115
Bioplastic,0.4695,,1,0.15657769304099145,0.46950000000000003,7,0.0006996805111821,7.343,1.829855099386959,8.312922306959008
Bioplastic,0.398,,1,0.13274547187797905,0.398,7,0.0006997487437185,7.443,1.7100225271349578,8.265254528122021
Ceramic,0.7175,,1,0.4103908484270734,0.7175,5,0.0012,4.2780000000000005,1.4057853940978708,6.307109151572927
Metal,0.1135,,1,0.09747378455672069,0.1135,5,0.0018017621145374,5.591,0.5747598358677286,6.016026215443279
Metal,0.81,,1,0.6949475691134414,0.8099999999999999,5,0.0018,3.084,1.0189351241156013,6.115052430886558
Metal,0.728,,1,0.6246425166825549,0.728,5,0.0018001373626373,3.379,1.004633296059988,6.103357483317445
Plastic,0.3635,,1,0.36391801715919925,0.3635,2,0.0021004126547455,1.473,0.7835436145073461,2.999581982840801
Metal,0.8755,,1,0.7511916110581507,0.8755000000000001,5,0.0018001142204454,2.848,1.028558069212678,6.124308388941849
Plastic,0.9135,,0,0.9144423260247856,0.9135,2,0.0021001642036124,-1.837,0.9004947610769157,1.9990576739752144
Paper,0.8335,,0,0.3574833174451859,0.8335000000000001,9,0.0008998200359928,7.5,1.8219243592415089,9.476016682554814
Metal,0.632,,1,0.542183031458532,0.632,5,0.0017998417721518,3.725,0.9841431010168485,6.089816968541467
Bioplastic,0.938,,1,0.31291706387035273,0.9380000000000001,7,0.0006998933901918,6.687,2.271642618030705,8.625082936129646
Plastic,0.2435,,1,0.24380362249761678,0.2435,2,0.0021006160164271,1.977,0.7082531540274505,2.9996963775023833
Metal,0.5945,,1,0.5100095328884653,0.5945,5,0.0017998317914213,3.86,0.9745749335833723,6.084490467111535
Ceramic,0.9355,,1,0.5350333651096283,0.9355,5,0.0011998931052912,3.755,1.4731509419800344,6.400466634890372
Plastic,0.8095,,1,0.8102955195424214,0.8095000000000001,2,0.0021000617665225,-0.3999999999999999,0.8892716514818306,2.9992044804575784
Ceramic,0.5725,,1,0.3274547187797903,0.5725,5,0.0012,4.626,1.33932314897413,6.245045281220209
Bioplastic,0.6085,,1,0.20305052430886558,0.6085,7,0.0007000821692686,7.148,2.007916011324316,8.405449475691134
Ceramic,0.6565,,1,0.37559580552907534,0.6565000000000001,5,0.0012003046458492,4.424,1.3803738224093005,6.280904194470925
Glass,0.878,,0,0.6277407054337465,0.8779999999999999,6,0.0015,3.366,1.206473670421797,6.250259294566254
Bioplastic,0.151,,1,0.05028598665395615,0.151,7,0.0006986754966887,7.789,1.0047510307643515,8.100714013346044
Glass,0.075,,1,0.05362249761677789,0.075,6,0.0015,6.775,0.488209742475954,7.021377502383222
Plastic,0.652,,1,0.6525262154432794,0.6519999999999999,2,0.0020996932515337,0.262,0.8664149987332149,2.999473784556721
Plastic,0.507,,1,0.5073879885605339,0.507,2,0.0020996055226824,0.871,0.8347218080514792,2.999612011439466
Bioplastic,0.723,,1,0.24118207816968543,0.7230000000000001,7,0.0006998616874135,6.988,2.119103101424979,8.481817921830313
Glass,0.495,,1,0.35390848427073407,0.495,6,0.0015,5.515,1.0905281948965662,7.141091515729266
Bioplastic,0.638,,1,0.21282173498570067,0.638,7,0.000699843260188,7.107,2.039500228554015,8.4251782650143
Ceramic,0.5305,,1,0.3033841754051478,0.5305,5,0.0011998114985862,4.727,1.3151234786718655,6.227115824594852
Plastic,0.8235,,1,0.8243565300285988,0.8234999999999999,2,0.0021001821493624,-0.4590000000000001,0.8908900118599493,2.9991434699714015
Metal,0.083,,1,0.07125834127740706,0.08299999999999999,5,0.0018012048192771,5.701,0.4846479265237961,6.011741658722593
Ceramic,0.58,,1,0.3317445185891325,0.58,5,0.0012,4.6080000000000005,1.343387061161404,6.248255481410868
Glass,0.9235,,1,0.6603908484270734,0.9235,6,0.0015002707092582,4.229,1.214506989281013,7.263109151572927
Plastic,0.792,,1,0.7926596758817922,0.792,2,0.0020997474747474,-0.326,0.8872362238359676,2.9993403241182075
Ceramic,0.43,,1,0.24594852240228793,0.43,5,0.0012,4.968,1.2429594929732708,6.184051477597712
Paper,0.1155,,1,0.04957102001906578,0.1155,9,0.0009004329004329,9.792,0.7722084130019121,10.065928979980935
Metal,0.405,,1,0.3474737845567207,0.40499999999999997,5,0.0018,4.542,0.9050809544098849,6.057526215443279
Bioplastic,0.5075,,1,0.16944709246901812,0.5075000000000001,7,0.0007004926108374,7.289,1.8834866442596854,8.338052907530983
Bioplastic,0.5455,,1,0.1820781696854147,0.5455,7,0.0007002749770852,7.236,1.933861101723555,8.363421830314586
Bioplastic,0.124,,1,0.041468064823641564,0.124,7,0.0007016129032258,7.826,0.8765229110512128,8.082531935176357
Paper,0.192,,1,0.08245948522402288,0.192,9,0.0009010416666666,9.654,1.0522884012539184,10.109540514775977
Paper,0.5005,,1,0.21472831267874168,0.5005,9,0.0009000999000999,9.099,1.5902604876571254,10.285771687321258
Bioplastic,0.068,,1,0.022640610104861774,0.068,7,0.0006985294117647,7.905,0.5544656043528955,8.045359389895138
Glass,0.342,,1,0.24451858913250718,0.34199999999999997,6,0.0015,5.974,0.9926895406751519,7.097481410867492
Ceramic,0.7885,,1,0.45090562440419446,0.7885,5,0.0011997463538363,4.1080000000000005,1.431279633154525,6.337594375595805
Metal,0.8025,,1,0.688512869399428,0.8025,5,0.0018,3.111,1.0177386205645893,6.113987130600572
Paper,0.693,,1,0.29718779790276456,0.693,9,0.0008997113997113,8.753,1.7447665906636263,10.395812202097234
Plastic,0.1885,,1,0.18875119161105816,0.1885,2,0.0021007957559681,2.208,0.6528111587982832,2.999748808388942
Bioplastic,0.142,,1,0.04742612011439467,0.142,7,0.0007007042253521,7.801,0.9631943097316519,8.094573879885605
Plastic,0.1035,,1,0.10367016205910391,0.1035,2,0.0021014492753623,2.565,0.5081745846009829,2.999829837940896
Paper,0.998,,1,0.4280266920877026,0.998,9,0.0008997995991983,8.204,1.8900559667810073,10.569973307912297
Metal,0.212,,0,0.18183984747378457,0.21200000000000002,5,0.0017995283018867,4.237,0.7522002367664469,5.030160152526215
Paper,0.1145,,1,0.04909437559580553,0.1145,9,0.0008995633187772,9.794,0.7679699488491049,10.065405624404194
Glass,0.4815,,1,0.34413727359389895,0.48150000000000004,6,0.0014994807892004,5.556,1.0841242755956213,7.137362726406102
Bioplastic,0.5495,,1,0.1832697807435653,0.5495,7,0.0006997270245677,7.231,1.9398468786808005,8.366230219256435
Bioplastic,0.3155,,1,0.10533841754051479,0.3155,7,0.0007004754358161,7.558,1.5364879294336118,8.210161582459484
Paper,0.218,,1,0.09342230695900859,0.21800000000000003,9,0.0008990825688073,9.608,1.127067520946279,10.124577693040992
Paper,0.7045,,1,0.30219256434699715,0.7045,9,0.0008999290276792,8.732,1.7516484949040059,10.402307435653002
Bioplastic,0.511,,0,0.1704003813155386,0.511,7,0.0006996086105675,6.285,1.8897902344438569,7.340599618684461
Bioplastic,0.4,,0,0.13346043851286943,0.4,7,0.0007,6.44,1.7133523887300937,7.266539561487131
Ceramic,0.7975,,0,0.4561487130600572,0.7975,5,0.0012,3.0860000000000003,1.4339689749742885,5.341351286939943
Glass,0.1095,,1,0.07840800762631078,0.1095,6,0.0015022831050228,6.671,0.6137616884851723,7.031091992373689
Bioplastic,0.2215,,1,0.07387988560533842,0.22149999999999997,7,0.0006997742663656,7.69,1.2738678728070174,8.14762011439466
Ceramic,0.518,,1,0.2962345090562441,0.518,5,0.0011998069498069,4.757,1.3073066281727412,6.221765490943755
Metal,0.901,,1,0.7731172545281221,0.901,5,0.0018002219755826,2.756,1.03193470902937,6.127882745471878
Plastic,0.957,,1,0.9578169685414681,0.9570000000000001,2,0.0020997910135841,-1.019,0.9046933717838958,2.9991830314585317
Paper,0.2515,,1,0.10795996186844616,0.2515,9,0.0009005964214711,9.547,1.209367407746963,10.143540038131555
Paper,0.0675,,1,0.028836987607244995,0.0675,9,0.0008962962962962,9.879,0.5239178690344063,10.038663012392755
Glass,0.7685,,1,0.5493326978074358,0.7685,6,0.0014996746909564,4.695,1.183522718931219,7.219167302192564
Metal,0.6405,,1,0.5495710200190658,0.6405000000000001,5,0.0018001561280249,3.694,0.9860353683592605,6.0909289799809345
Paper,0.521,,1,0.22354623450905625,0.521,9,0.0009001919385796,9.062,1.6102799057159691,10.297453765490944
Paper,0.6465,,1,0.27740705433746427,0.6465,9,0.0009002320185614,8.836,1.7130045466026773,10.369092945662535
Plastic,0.829,,1,0.8298379408960916,0.829,2,0.0021001206272617,-0.4820000000000002,0.891553208939922,2.999162059103908
Paper,0.6295,,1,0.2700190657769304,0.6295,9,0.0008999205718824,8.867,1.7012636867190516,10.35948093422307
Plastic,0.5705,,0,0.5710200190657769,0.5705,2,0.002099912357581,-0.3959999999999999,0.8501981815598807,1.9994799809342232
Plastic,0.2555,,1,0.255719733079123,0.2555,2,0.0020998043052837,1.927,0.7182620929920943,2.999780266920877
Plastic,0.092,,1,0.09199237368922784,0.092,2,0.0020978260869565,2.614,0.47918570009930483,3.0000076263107722
Plastic,0.7575,,1,0.7583412774070544,0.7575000000000001,2,0.0021003300330033,-0.1819999999999999,0.8825161039537984,2.999158722592946
Paper,0.166,,1,0.07125834127740706,0.16599999999999998,9,0.0009006024096385,9.701,0.9692958530475922,10.094741658722594
Paper,0.4135,,1,0.1773117254528122,0.4135,9,0.0008996372430471,9.256,1.4911017531797865,10.236188274547187
Glass,0.616,,1,0.44041944709246905,0.616,6,0.0015,5.152,1.1398553536778973,7.1755805529075305
Plastic,0.8705,,1,0.8713060057197332,0.8705,2,0.0020999425617461,-0.6560000000000001,0.8962160172735303,2.9991939942802666
Ceramic,0.594,,1,0.3398474737845567,0.5940000000000001,5,0.0012003367003367,4.574,1.350468140442133,6.254152526215444
Paper,0.4955,,0,0.21258341277407056,0.4955,9,0.0009001009081735,8.108,1.5851768831960964,9.282916587225928
Bioplastic,0.375,,1,0.12511916110581509,0.375,7,0.0007,7.475,1.665784459030277,8.249880838894185
Ceramic,0.657,,1,0.37583412774070546,0.657,5,0.0012001522070015,4.423,1.3807332465190825,6.281165872259295
Metal,0.9865,,1,0.8462821734985702,0.9865,5,0.0017997972630511,2.449,1.0425008814788697,6.140217826501431
Ceramic,0.3125,,1,0.17874165872259296,0.3125,5,0.0012,5.25,1.121109781121751,6.133758341277407
Ceramic,0.296,,1,0.16920877025738798,0.296,5,0.0011993243243243,5.29,1.0995184135977336,6.126791229742612
Bioplastic,0.124,,1,0.041468064823641564,0.124,7,0.0007016129032258,7.826,0.8765229110512128,8.082531935176357
Metal,0.8805,,0,0.7554814108674929,0.8805,5,0.0018001135718341,1.83,1.0292450412302205,5.125018589132507
Ceramic,0.6795,,1,0.38870352716873213,0.6795,5,0.0012001471670345,4.369,1.3904135375012192,6.290796472831268
Ceramic,0.849,,1,0.4857006673021925,0.849,5,0.0012002355712603,3.962,1.4495458984375,6.363299332697808
Glass,0.3725,,0,0.26620591039084845,0.3725,6,0.0014993288590604,4.883,1.0171872966289208,6.106294089609151
Ceramic,0.317,,1,0.18136320305052434,0.317,5,0.0012003154574132,5.239,1.1266576317126884,6.135636796949476
Glass,0.84,,1,0.6005719733079123,0.8400000000000001,6,0.0015,4.48,1.1990202748673289,7.239428026692088
Ceramic,0.461,,1,0.26358436606291713,0.461,5,0.0011995661605206,4.894,1.267931305715784,6.197415633937084
Paper,0.985,,1,0.42254528122020973,0.985,9,0.0009,8.227,1.8850041047158625,10.56245471877979
Plastic,0.693,,1,0.6937559580552908,0.693,2,0.0021002886002886,0.0889999999999999,0.8730643127364438,2.999244041944709
Ceramic,0.5595,,1,0.32006673021925647,0.5595,5,0.0012001787310098,4.657,1.3319312379439463,6.2394332697807435
Paper,0.9165,,1,0.3932316491897045,0.9164999999999999,9,0.0009001636661211,8.35,1.8581532663316578,10.523268350810294
Glass,0.5835,,1,0.4170638703527169,0.5835,6,0.0014995715509854,5.25,1.1284872787610618,7.166436129647283
Plastic,0.391,,1,0.3913250714966635,0.391,2,0.0020997442455242,1.358,0.7958071400853706,2.9996749285033366
Ceramic,0.368,,0,0.21043851286939944,0.368,5,0.0011997282608695,4.117,1.1854199293720251,5.157561487130601
Plastic,0.7235,,0,0.7242612011439467,0.7235,2,0.002100207325501,-1.039,0.8777557393164864,1.9992387988560534
Glass,0.742,,1,0.5305052430886559,0.742,6,0.0015,4.774,1.176833988509223,7.211494756911344
Metal,0.066,,1,0.056720686367969494,0.066,5,0.0018030303030303,5.7620000000000005,0.4211313868613139,6.00927931363203
Ceramic,0.36,,1,0.20591039084842708,0.36,5,0.0012,5.136,1.1768152072296665,6.1540896091515735
Paper,0.0795,,1,0.034080076263107724,0.0795,9,0.0008993710691823,9.857,0.5929292570209741,10.045419923736892
Paper,0.383,,1,0.1642040038131554,0.383,9,0.0008994778067885,9.311,1.4496373804798846,10.218795996186843
Ceramic,0.6215,,1,0.35557673975214493,0.6214999999999999,5,0.0012003218020917,4.508,1.364204854572086,6.265923260247855
Plastic,0.2305,,0,0.23069590085795996,0.2305,2,0.0020997830802603,1.032,0.697014989910637,1.9998040991420403
Metal,0.3225,,1,0.2766920877025739,0.3225,5,0.0018,4.839,0.8561369100341643,6.045807912297426
Glass,0.93,,1,0.6649189704480458,0.93,6,0.0015,4.21,1.2158150548354936,7.265081029551954
Paper,0.713,,1,0.305767397521449,0.713,9,0.0008997194950911,8.717,1.7571643368965113,10.407232602478551
Metal,0.294,,0,0.25214489990467115,0.294,5,0.0017993197278911,3.942,0.8348835950189496,5.0418551000953284
Metal,0.803,,1,0.6889895138226884,0.8029999999999999,5,0.0018001245330012,3.109,1.0177575061922308,6.114010486177311
Bioplastic,0.7895,,1,0.26334604385128696,0.7895,7,0.0006998100063331,6.895,2.1728597664961296,8.526153956148713
Glass,0.251,,1,0.17945662535748333,0.251,6,0.0015,6.247,0.8981715845130479,7.071543374642517
Ceramic,0.5255,,0,0.3005243088655863,0.5255,5,0.0011998097050428,3.739,1.3120302272997737,5.224975691134413
Plastic,0.9675,,1,0.9685414680648237,0.9675,2,0.0021002583979328,-1.064,0.905439825140512,2.998958531935177
Metal,0.4835,,1,0.4149189704480458,0.4835,5,0.0018004136504653,4.259,0.9389826899935202,6.068581029551955
Paper,0.7095,,1,0.30433746425166824,0.7095,9,0.0008999295278365,8.723,1.7547223859483674,10.405162535748332
Bioplastic,0.6555,,1,0.21877979027645378,0.6555,7,0.0007002288329519,7.082,2.056278409090909,8.436720209723546
Ceramic,0.292,,1,0.1670638703527169,0.292,5,0.0012003424657534,5.299,1.0933714081741923,6.124936129647283
Paper,0.196,,1,0.08412774070543375,0.196,9,0.0009005102040816,9.647,1.064478384675123,10.111872259294566
Bioplastic,0.661,,0,0.22044804575786467,0.661,7,0.0006996974281391,6.075,2.0627368734196043,7.440551954242135
Metal,0.1715,,0,0.14704480457578648,0.1715,5,0.0017988338192419,4.383,0.6942060582674127,5.024455195424213
Plastic,0.517,,1,0.5173975214489991,0.517,2,0.0020996131528046,0.8290000000000002,0.8373859337605188,2.999602478551001
Glass,0.562,,1,0.401811248808389,0.562,6,0.0015,5.314,1.119943009118541,7.160188751191611
Plastic,0.523,,1,0.5235938989513823,0.523,2,0.0021003824091778,0.8029999999999999,0.8386868455247267,2.999406101048618
Bioplastic,0.19,,0,0.06339370829361297,0.19,7,0.0007,6.734,1.1628354725787629,7.126606291706388
Bioplastic,0.781,,1,0.26048617731172546,0.7809999999999999,7,0.0006997439180537,6.907,2.166518577284146,8.520513822688274
Ceramic,0.7775,,1,0.4447092469018113,0.7775000000000001,5,0.0012,4.134,1.4273669933496673,6.332790753098188
Glass,0.4365,,0,0.3122020972354624,0.4365,6,0.0015005727376861,4.69,1.058946577243293,6.124297902764537
Paper,0.7935,,1,0.340324118207817,0.7935,9,0.0008998109640831,8.572,1.802081619398138,10.453175881792182
Bioplastic,0.5515,,0,0.1839847473784557,0.5515,7,0.0006999093381686,6.228,1.9420057066129572,7.367515252621544
Plastic,0.1965,,0,0.19661582459485225,0.1965,2,0.0020992366412213,1.175,0.6624730837216777,1.9998841754051477
Glass,0.602,,1,0.4304099142040039,0.602,6,0.0015,5.194,1.1349712437095614,7.171590085795996
Bioplastic,0.0525,,0,0.017397521448999045,0.052500000000000005,7,0.000695238095238,6.927,0.4471985383678441,7.035102478551001
Ceramic,0.175,,1,0.10009532888465206,0.175,5,0.0012,5.58,0.8745831348261076,6.074904671115347
Ceramic,0.694,,1,0.39704480457578645,0.6940000000000001,5,0.001200288184438,4.334,1.3962523973916379,6.296955195424213
Bioplastic,0.246,,1,0.08198284080076262,0.246,7,0.0006991869918699,7.656,1.3517757988475643,8.164017159199238
Metal,0.864,,1,0.7411820781696854,0.8640000000000001,5,0.0017997685185185,2.89,1.0271260199456032,6.122817921830315
Bioplastic,0.284,,1,0.09485224022878934,0.284,7,0.0007007042253521,7.602,1.457514677103718,8.18914775977121
Bioplastic,0.5605,,1,0.1870829361296473,0.5605,7,0.000700267618198,7.215,1.952397476340694,8.373417063870354
Metal,0.316,,1,0.27121067683508104,0.316,5,0.0018006329113924,4.862,0.8512686183872625,6.044789323164919
Metal,0.533,,0,0.45734032411820785,0.533,5,0.0018001876172607,3.081,0.9563277174377832,5.075659675881792
Plastic,0.1375,,1,0.13775023832221162,0.1375,2,0.0021018181818181,2.422,0.5783380112269447,2.9997497616777884
Metal,0.7555,,1,0.6482364156339372,0.7555,5,0.0018001323626737,3.28,1.0097076060644665,6.107263584366063
Glass,0.5375,,1,0.3844137273593899,0.5375,6,0.001500465116279,5.3870000000000005,1.1095887041227983,7.15308627264061
Glass,0.7195,,0,0.5145376549094376,0.7195,6,0.0015003474635163,3.841,1.1707988831148686,6.204962345090562
Glass,0.078,,0,0.055767397521449005,0.078,6,0.0015,5.766,0.5007466340269277,6.022232602478551
Paper,0.6545,,1,0.280743565300286,0.6545,9,0.0008999236058059,8.822,1.7190047571357037,10.373756434699715
Ceramic,0.2515,,1,0.14394661582459486,0.2515,5,0.0012007952286282,5.396,1.0309632669011333,6.1075533841754055
Glass,0.7295,,1,0.5214489990467113,0.7295,6,0.0014996572995202,4.811999999999999,1.1738694585059057,7.208051000953288
Bioplastic,0.996,,1,0.33222116301239274,0.9960000000000001,7,0.0006997991967871,6.606,2.3043758270842525,8.663778836987607
Bioplastic,0.34,,1,0.11344137273593899,0.33999999999999997,7,0.0007,7.524,1.592943278249218,8.22655862726406
Ceramic,0.571,,1,0.3265014299332698,0.571,5,0.0011996497373029,4.63,1.3387997317836386,6.24449857006673
Glass,0.68,,0,0.48617731172545287,0.6799999999999999,6,0.0015,3.96,1.1600585461050577,6.193822688274547
Bioplastic,0.493,,1,0.1644423260247855,0.493,7,0.0006997971602434,7.31,1.86430064888248,8.328557673975215
Plastic,0.3565,,1,0.35676835081029556,0.3565,2,0.0020995792426367,1.503,0.780483147239904,2.9997316491897044
Paper,0.9455,,1,0.40562440419447093,0.9455,9,0.0009000528820729,8.298,1.8699651206636498,10.539875595805528
Glass,0.2165,,0,0.15467111534795044,0.2165,6,0.0014988452655889,5.351,0.8501160396780834,6.06182888465205
Metal,0.507,,0,0.4349380362249762,0.507,5,0.0017998027613412,3.175,0.9477733226410051,5.072061963775024
Bioplastic,0.9475,,1,0.31625357483317446,0.9475,7,0.0007002638522427,6.673,2.2762567273560057,8.631246425166825
Metal,0.1695,,1,0.1453765490943756,0.1695,5,0.0017994100294985,5.39,0.6907750582750583,6.024123450905624
Glass,0.193,,1,0.13798856053384176,0.193,6,0.0014999999999999,6.421,0.8109633486881634,7.055011439466158
Bioplastic,0.963,,0,0.3212583412774071,0.9630000000000001,7,0.00069989615784,5.652,2.286008146639511,7.641741658722593
Plastic,0.277,,1,0.27716873212583415,0.277,2,0.0020992779783393,1.837,0.7344193099962089,2.999831267874166
Paper,0.9155,,1,0.39275500476644426,0.9155,9,0.0009000546149645,8.352,1.8579212613658345,10.522744995233555
Plastic,0.299,,0,0.29933269780743565,0.29900000000000004,2,0.0021003344481605,0.744,0.7487491047982814,1.9996673021925644
Plastic,0.9835,,1,0.9845090562440421,0.9835,2,0.0021001525165226,-1.1310000000000002,0.9068619522700303,2.9989909437559583
Plastic,0.2935,,1,0.29385128693994284,0.2935,2,0.0021005110732538,1.767,0.7452051313082414,2.999648713060057
Plastic,0.3285,,1,0.328884652049571,0.3285,2,0.0021004566210045,1.62,0.765940208935319,2.999615347950429
Plastic,0.649,,1,0.6496663489037179,0.649,2,0.0021001540832049,0.274,0.8657184638860631,2.9993336510962822
Paper,0.5675,,1,0.24356530028598666,0.5675,9,0.0009004405286343,8.978,1.6517966148723642,10.323934699714014
Metal,0.39,,1,0.334604385128694,0.39,5,0.0018,4.596,0.8973678438254002,6.055395614871306
Plastic,0.357,,1,0.3572449952335558,0.357,2,0.0020994397759103,1.501,0.7807630563952882,2.9997550047664445
Metal,0.46,,1,0.39466158245948524,0.45999999999999996,5,0.0018,4.344,0.9299286953170167,6.065338417540515
Glass,0.8,,1,0.5719733079122974,0.8,6,0.0015,4.6,1.19052347850759,7.2280266920877025
Bioplastic,0.72,,1,0.24022878932316494,0.72,7,0.0007,6.992,2.1162230316615296,8.479771210676834
Glass,0.9445,,1,0.6751668255481412,0.9445,6,0.0014997353096876,4.167,1.2184473959294102,7.269333174451859
Metal,0.3155,,1,0.27073403241182076,0.3155,5,0.0018003169572107,4.864,0.8510143995885832,6.044765967588179
Bioplastic,0.794,,0,0.2650142993326978,0.794,7,0.0007002518891687,5.888,2.175257247323061,7.528985700667302
Metal,0.5425,,1,0.46544327931363205,0.5425,5,0.0018,4.047,0.9594242603051505,6.077056720686368
Ceramic,0.435,,1,0.2488083889418494,0.43499999999999994,5,0.0012,4.956,1.2471030336157418,6.18619161105815
Metal,0.4675,,1,0.40109628217349863,0.46749999999999997,5,0.0018,4.317,0.9329544373632643,6.066403717826502
Ceramic,0.2235,,1,0.12774070543374644,0.22349999999999998,5,0.0011991051454138,5.464,0.9813792381749684,6.095759294566253
Ceramic,0.6385,,1,0.3651096282173499,0.6385,5,0.0011996867658574,4.468,1.3727946300471405,6.27339037178265
Glass,0.077,,1,0.05505243088655863,0.077,6,0.0015,6.769,0.49660620965262836,7.021947569113442
Paper,0.0705,,1,0.03026692087702574,0.0705,9,0.0009007092198581,9.873,0.5411964873765093,10.040233079122974
Ceramic,0.581,,0,0.33222116301239274,0.581,5,0.0011996557659208,3.606,1.3442192324658138,5.248778836987607
Paper,0.329,,1,0.14108674928503337,0.329,9,0.0008996960486322,9.408,1.364654013444049,10.187913250714967
Paper,0.2945,,1,0.1263107721639657,0.2945,9,0.000899830220713,9.47,1.3013079191238415,10.168189227836034
Glass,0.8005,,1,0.5722116301239275,0.8005000000000001,6,0.0014996876951905,4.599,1.1908452102389566,7.228288369876073
Plastic,0.0935,,1,0.0936606291706387,0.0935,2,0.0021016042780748,2.607,0.48280334728033475,2.9998393708293616
Ceramic,0.996,,0,0.5695900857959962,0.9960000000000001,5,0.0011997991967871,2.61,1.48747722095672,5.4264099142040045
Bioplastic,0.983,,1,0.3279313632030505,0.983,7,0.0006998982706002,6.6240000000000006,2.297097349075518,8.65506863679695
Plastic,0.8225,,1,0.8231649189704482,0.8225,2,0.0020996960486322,-0.4540000000000002,0.8909567327550598,2.9993350810295514
Metal,0.8155,,1,0.6997140133460439,0.8154999999999999,5,0.0018001226241569,3.064,1.019739539873644,6.115785986653957
Ceramic,0.818,,1,0.4678265014299333,0.818,5,0.0011998777506112,4.037,1.4405808780324014,6.350173498570066
Metal,0.448,,1,0.3844137273593899,0.44800000000000006,5,0.0018002232142857,4.3870000000000005,0.9248292826921185,6.0635862726406105
Plastic,0.7545,,1,0.7552430886558628,0.7545,2,0.0021000662690523,-0.169,0.8822053168366493,2.9992569113441374
Glass,0.241,,1,0.17230695900857962,0.24100000000000002,6,0.0015,6.277,0.8850306318921758,7.06869304099142
Ceramic,0.8385,,1,0.47950428979980936,0.8385,5,0.0011997614788312,3.988,1.4469263036683664,6.35899571020019
Glass,0.6345,,1,0.4535271687321259,0.6345,6,0.0014996059889676,5.097,1.1462851976233528,7.180972831267874
Bioplastic,0.283,,1,0.09437559580552908,0.28300000000000003,7,0.0006996466431095,7.604,1.4559440902403138,8.188624404194472
Glass,0.9955,,1,0.7116301239275501,0.9955,6,0.0014997488699146,4.013999999999999,1.2265439276485788,7.283869876072449
Bioplastic,0.295,,0,0.09842707340324118,0.29500000000000004,7,0.0007,6.587,1.4866922892145091,7.196572926596759
Ceramic,0.6215,,1,0.35557673975214493,0.6214999999999999,5,0.0012003218020917,4.508,1.364204854572086,6.265923260247855
Plastic,0.2675,,1,0.2676358436606292,0.26749999999999996,2,0.0020990654205607,1.877,0.7276221962919744,2.999864156339371
Bioplastic,0.801,,1,0.2671591992373689,0.8009999999999999,7,0.0006997503121098,6.879,2.181614955212255,8.533840800762631
Bioplastic,0.6095,,0,0.20328884652049573,0.6094999999999999,7,0.0006997538966365,6.147,2.0096353921106394,7.406211153479504
Paper,0.4325,,1,0.18541468064823644,0.4325,9,0.0008994219653179,9.222,1.5153390113560452,10.247085319351763
Plastic,0.605,,1,0.6055767397521449,0.605,2,0.0021,0.4590000000000001,0.8574545700195907,2.999423260247855
Glass,0.159,,1,0.11367969494756912,0.159,6,0.0015,6.523,0.7441043943787642,7.045320305052431
Metal,0.145,,1,0.1244041944709247,0.145,5,0.0018,5.478,0.6461554800339847,6.020595805529075
Ceramic,0.758,,1,0.43350810295519543,0.758,5,0.0011998680738786,4.181,1.4207844188331993,6.324491897044805
Metal,0.0865,,0,0.07411820781696854,0.0865,5,0.0017976878612716,4.689,0.49678894059676976,5.012381792183032
Plastic,0.8295,,1,0.8303145853193518,0.8295,2,0.0021000602772754,-0.484,0.8916338764217646,2.9991854146806483
Paper,0.187,,0,0.08031458531935178,0.187,9,0.0009010695187165,8.663,1.0370763943959818,9.106685414680648
Paper,0.081,,1,0.03479504289799809,0.081,9,0.0009012345679012,9.854,0.600912305516266,10.046204957102
Paper,0.553,,1,0.23713060057197333,0.553,9,0.0008996383363471,9.005,1.6403138696451296,10.315869399428028
Metal,0.4195,,1,0.3598665395614872,0.41950000000000004,5,0.0017997616209773,4.49,0.9122211857379768,6.059633460438513
Metal,0.3745,,1,0.3212583412774071,0.3745,5,0.001799732977303,4.652,0.8890031681375875,6.053241658722593
Paper,0.6465,,1,0.27740705433746427,0.6465,9,0.0009002320185614,8.836,1.7130045466026773,10.369092945662535
Metal,0.7025,,1,0.6027168732125834,0.7025,5,0.0018,3.471,0.9996913789595063,6.0997831267874165
Paper,0.957,,1,0.4106291706387036,0.9570000000000001,9,0.0009002089864158,8.277,1.8741584990198823,10.546370829361297
Metal,0.2685,,1,0.23045757864632985,0.2685,5,0.0018007448789571,5.033,0.8125097360450022,6.038042421353671
Glass,0.656,,1,0.4690181124880839,0.6559999999999999,6,0.0015,5.032,1.152863126151784,7.186981887511916
Bioplastic,0.577,,1,0.19256434699714015,0.577,7,0.0007001733102253,7.192,1.9722157054415115,8.38443565300286
Ceramic,0.4785,,0,0.27359389895138225,0.47850000000000004,5,0.0011995820271682,3.852,1.2808025006379178,5.204906101048618
Paper,0.1055,,0,0.04528122020972355,0.1055,9,0.0009004739336492,8.81,0.7261778215223096,9.060218779790276
Bioplastic,0.421,,1,0.140371782650143,0.421,7,0.0006995249406175,7.411,1.7514534999008526,8.280628217349856
Bioplastic,0.735,,0,0.24523355576739753,0.735,7,0.0007,5.971,2.1289935109761147,7.489766444232603
Plastic,0.969,,1,0.9699714013346045,0.969,2,0.0021001031991744,-1.0700000000000005,0.9056316821097647,2.9990285986653955
Paper,0.943,,1,0.40443279313632036,0.943,9,0.0008997879109225,8.303,1.869426438627988,10.538567206863679
Paper,0.609,,1,0.26120114394661587,0.609,9,0.0008998357963875,8.904,1.6860411718131432,10.347798856053384
Bioplastic,0.5305,,0,0.1770734032411821,0.5305,7,0.0007002827521206,6.257,1.9146550834336826,7.353426596758818
Glass,0.1285,,1,0.09199237368922784,0.1285,6,0.0015019455252918,6.614,0.6692974180734856,7.036507626310772
Paper,0.867,,0,0.37202097235462345,0.867,9,0.0009002306805074,7.439,1.836782793093002,9.494979027645378
Ceramic,0.2795,,1,0.15991420400381318,0.27949999999999997,5,0.0012003577817531,5.329,1.0753548505409865,6.119585795996186
Ceramic,0.425,,1,0.24308865586272643,0.425,5,0.0012,4.98,1.2387468741317031,6.181911344137274
Plastic,0.187,,1,0.1870829361296473,0.187,2,0.0020989304812834,2.215,0.6513797111074215,2.9999170638703525
Glass,0.219,,1,0.15657769304099145,0.219,6,0.0015,6.343,0.853542634218837,7.062422306959009
Paper,0.7435,,1,0.31887511916110584,0.7434999999999999,9,0.0008997982515131,8.661999999999999,1.774992034592626,10.424624880838893
Plastic,0.828,,1,0.8288846520495711,0.828,2,0.0021002415458937,-0.4780000000000002,0.8913916256157635,2.9991153479504287
Ceramic,0.0735,,1,0.04194470924690181,0.0735,5,0.0011972789115646,5.824,0.5178072531900604,6.031555290753098
Ceramic,0.6485,,1,0.37082936129647287,0.6485000000000001,5,0.0011996915959907,4.444,1.377356752379024,6.277670638703527
Metal,0.46,,0,0.39466158245948524,0.45999999999999996,5,0.0018,3.3440000000000003,0.9299286953170167,5.065338417540515
Bioplastic,0.4365,,1,0.14561487130600573,0.4365,7,0.0006998854524627,7.389,1.7771725208616338,8.290885128693994
Paper,0.5455,,0,0.23403241182078172,0.5455,9,0.0009000916590284,8.018,1.6330750570776256,9.31146758817922
Paper,0.08,,1,0.034318398474737846,0.08,9,0.0009,9.856,0.5955997161107167,10.045681601525262
Plastic,0.572,,1,0.5724499523355577,0.572,2,0.0020996503496503,0.5979999999999999,0.8506209242982704,2.9995500476644423
Ceramic,0.934,,0,0.5343183984747378,0.9339999999999999,5,0.0012002141327623,2.758,1.4724466486324015,5.399681601525263
Metal,0.129,,1,0.11058150619637752,0.129,5,0.0017984496124031,5.536,0.6125894069714802,6.0184184938036225
Plastic,0.605,,1,0.6055767397521449,0.605,2,0.0021,0.4590000000000001,0.8574545700195907,2.999423260247855
Glass,0.1325,,1,0.09485224022878934,0.1325,6,0.0015018867924528,6.602,0.680002446183953,7.037647759771211
Plastic,0.787,,0,0.7876549094375597,0.787,2,0.0020997458703939,-1.3050000000000002,0.8866058100198678,1.9993450905624401
Bioplastic,0.561,,1,0.1870829361296473,0.561,7,0.0006996434937611,7.215,1.9541391333222646,8.373917063870353
Ceramic,0.0645,,1,0.03693994280266921,0.0645,5,0.0012015503875968,5.845,0.471009397841977,6.027560057197331
Metal,0.096,,1,0.08245948522402288,0.096,5,0.0018020833333333,5.654,0.5261442006269592,6.013540514775977
Ceramic,0.5505,,1,0.3148236415633937,0.5505,5,0.0011998183469573,4.679,1.3270699758703897,6.2356763584366055
Ceramic,0.5265,,1,0.3012392755004767,0.5265,5,0.0012003798670465,4.736,1.3121846044191017,6.225260724499524
Bioplastic,0.209,,1,0.06982840800762631,0.209,7,0.000700956937799,7.707,1.2306539433062025,8.139171591992373
Metal,0.2565,,0,0.2199714013346044,0.2565,5,0.0017992202729044,4.077,0.801634142708178,5.036528598665395
Paper,0.957,,1,0.4106291706387036,0.9570000000000001,9,0.0009002089864158,8.277,1.8741584990198823,10.546370829361297
Bioplastic,0.3005,,1,0.10033365109628217,0.3005,7,0.0007004991680532,7.579,1.4999976207470853,8.200166348903718
Glass,0.0835,,1,0.05981887511916111,0.08349999999999999,6,0.001502994011976,6.749,0.5224664479570532,7.023681124880839
Glass,0.5235,,1,0.3744041944709247,0.5235000000000001,6,0.0015004775549188,5.429,1.10348940018085,7.149095805529075
Paper,0.816,,1,0.3500953288846521,0.8160000000000001,9,0.0009001225490196,8.531,1.812949274594938,10.465904671115348
Paper,0.842,,1,0.3612964728312679,0.842,9,0.0009002375296912,8.484,1.8252903492457115,10.480703527168732
Glass,0.902,,1,0.6448999046711154,0.9019999999999999,6,0.0015,4.2940000000000005,1.2109009470181724,7.257100095328885
Bioplastic,0.7965,,1,0.26572926596758817,0.7965,7,0.0006999372253609,6.885,2.177840479603806,8.530770734032412
Plastic,0.437,,0,0.43732125834127744,0.437,2,0.0020995423340961,0.165,0.813293710636033,1.9996787416587223
Paper,0.3115,,1,0.13369876072449954,0.3115,9,0.0009004815409309,9.439,1.3329125025494593,10.177801239275501
Bioplastic,0.8165,,1,0.2724022878932317,0.8164999999999999,7,0.0006999387630128,6.857,2.192521438627927,8.544097712106767
Bioplastic,0.148,,1,0.049332697807435655,0.148,7,0.0006993243243243,7.793,0.9910756463453558,8.098667302192563
Metal,0.9425,,1,0.8086272640610105,0.9425000000000001,5,0.0018,2.607,1.037279022189582,6.133872735938989
Ceramic,0.255,,0,0.14585319351763584,0.255,5,0.0012,4.388,1.037204342768515,5.109146806482364
Plastic,0.2995,,1,0.29980934223069594,0.2995,2,0.0021001669449081,1.742,0.7491070577014781,2.999690657769304
Paper,0.435,,1,0.18660629170638707,0.43499999999999994,9,0.0009,9.217,1.5177615167137863,10.248393708293614
Ceramic,0.245,,0,0.14013346043851288,0.24500000000000002,5,0.0012,4.412,1.0202659785629218,5.104866539561487
Glass,0.6815,,1,0.48736892278360344,0.6815,6,0.0015003668378576,4.955,1.1602588655359896,7.194131077216396
Bioplastic,0.968,,1,0.32292659675881796,0.968,7,0.0006998966942148,6.645,2.2888132536909724,8.645073403241183
Plastic,0.28,,1,0.28026692087702576,0.27999999999999997,2,0.0021,1.824,0.7363248934570067,2.999733079122974
Plastic,0.848,,1,0.8489037178265014,0.8480000000000001,2,0.0021002358490566,-0.5619999999999998,0.8936628491058872,2.9990962821734986
Glass,0.07,,0,0.05004766444232603,0.06999999999999999,6,0.0015,5.79,0.4665184243964421,6.019952335557674
Paper,0.1735,,1,0.07435653002859867,0.17350000000000002,9,0.0008991354466858,9.688,0.9950874794969928,10.099143469971402
Plastic,0.1025,,1,0.1024785510009533,0.1025,2,0.0020975609756097,2.57,0.5062264595103577,3.0000214489990467
Metal,0.507,,1,0.4349380362249762,0.507,5,0.0017998027613412,4.175,0.9477733226410051,6.072061963775024
Metal,0.0925,,1,0.07936129647283127,0.0925,5,0.0018,5.667,0.5157188413499867,6.013138703527169
Glass,0.1835,,1,0.1310772163965682,0.1835,6,0.0014986376021798,6.45,0.7941068481848184,7.052422783603432
Ceramic,0.614,,1,0.3512869399428027,0.614,5,0.001200325732899,4.526,1.3605534431770172,6.262713060057197
Ceramic,0.6465,,1,0.36987607244995235,0.6465,5,0.0012003093580819,4.448,1.3758947048082775,6.276623927550047
Plastic,0.3775,,1,0.37774070543374644,0.3775,2,0.0020993377483443,1.415,0.7901775915394592,2.9997592945662537
Metal,0.4,,1,0.3431839847473785,0.4,5,0.0018,4.5600000000000005,0.9025596902559689,6.056816015252622
Bioplastic,0.2935,,1,0.09795042897998094,0.2935,7,0.0007001703577512,7.589,1.482694437755839,8.195549571020019
Metal,0.1135,,1,0.09747378455672069,0.1135,5,0.0018017621145374,5.591,0.5747598358677286,6.016026215443279
Bioplastic,0.627,,1,0.20924690181124883,0.627,7,0.0007001594896331,7.122,2.027506165228113,8.41775309818875
Plastic,0.3805,,1,0.3808388941849381,0.3805,2,0.0020998685939553,1.402,0.7913253370340999,2.999661105815062
Plastic,0.7205,,0,0.721163012392755,0.7205,2,0.0020999306037473,-1.0259999999999998,0.8774140933364291,1.9993369876072449
Ceramic,0.471,,1,0.26930409914204,0.471,5,0.0011995753715498,4.87,1.2753717088280847,6.20169590085796
Plastic,0.684,,1,0.6846997140133462,0.6839999999999999,2,0.0021001461988304,0.1269999999999997,0.8716710198627223,2.9993002859866538
Glass,0.5205,,1,0.3722592945662536,0.5205,6,0.0015004803073967,5.438,1.1021487686717804,7.1482407054337465
Glass,0.572,,1,0.40896091515729266,0.572,6,0.0015,5.284,1.1238584004495222,7.1630390848427075
Metal,0.643,,1,0.5517159199237369,0.643,5,0.0018001555209953,3.685,0.9866261976157391,6.091284080076263
Glass,0.5965,,1,0.42659675881792186,0.5965,6,0.0015004191114836,5.21,1.1327452932657494,7.169903241182078
Bioplastic,0.5235,,0,0.17469018112488086,0.5235000000000001,7,0.0007000955109837,6.267,1.9057834461218117,7.34880981887512
Plastic,0.887,,0,0.8877502383222117,0.8869999999999999,2,0.0020997745208568,-1.725,0.8980002895333686,1.9992497616777882
Plastic,0.0795,,0,0.0795996186844614,0.0795,2,0.0021006289308176,1.666,0.4426512738853503,1.9999003813155385
Bioplastic,0.487,,1,0.16253574833174453,0.487,7,0.000700205338809,7.318,1.85498547567175,8.324464251668255
Ceramic,0.221,,1,0.1263107721639657,0.221,5,0.0011990950226244,5.47,0.9765332771693344,6.094689227836034
Paper,0.887,,1,0.38060057197330793,0.8869999999999999,9,0.0009002254791431,8.403,1.845607458097788,10.506399428026693
Metal,0.5455,,1,0.46806482364156343,0.5455,5,0.0018001833180568,4.036,0.9602777311629468,6.077435176358437
Plastic,0.8815,,1,0.8822688274547188,0.8815,2,0.0020998298355076,-0.702,0.8974121700310559,2.999231172545281
Ceramic,0.6435,,0,0.3679694947569114,0.6435,5,0.0011996891996891,3.456,1.375089631289468,5.275530505243088
Glass,0.7855,,1,0.5617254528122022,0.7855000000000001,6,0.0015003182686187,4.643,1.187048188431895,7.223774547187798
Ceramic,0.64,,1,0.3660629170638704,0.64,5,0.0012,4.464,1.3732051544283084,6.273937082936129
Paper,0.792,,0,0.3398474737845567,0.792,9,0.0009002525252525,7.574,1.800624187256177,9.452152526215443
Bioplastic,0.8035,,1,0.26811248808388943,0.8035,7,0.0007000622277535,6.875,2.1827567007639517,8.53538751191611
Metal,0.588,,0,0.5045281220209724,0.588,5,0.0018001700680272,2.883,0.9726594654261609,5.0834718779790276
Plastic,0.502,,0,0.5023832221163013,0.502,2,0.0020996015936254,-0.1080000000000001,0.8333565437569236,1.9996167778836984
Metal,0.2665,,1,0.22855100095328884,0.2665,5,0.0017992495309568,5.041,0.8111373857536632,6.037948999046711
Paper,0.0815,,1,0.03503336510962822,0.08149999999999999,9,0.0009018404907975,9.853,0.6035545358277444,10.046466634890372
Glass,0.977,,1,0.6985224022878933,0.977,6,0.0015,4.069,1.223509819136871,7.278477597712107
Glass,0.074,,1,0.05290753098188752,0.074,6,0.0015,6.778,0.4839526184538653,7.021092469018113
Bioplastic,0.566,,1,0.18875119161105816,0.5660000000000001,7,0.0006996466431095,7.208,1.9601650709805216,8.377248808388941
Bioplastic,0.9535,,1,0.31816015252621543,0.9535,7,0.0007000524383848,6.665,2.2802268323264565,8.635339847473784
Plastic,0.4185,,0,0.4189704480457579,0.4185,2,0.002100358422939,0.242,0.8064042983100661,1.999529551954242
Ceramic,0.2635,,1,0.15061963775023834,0.26349999999999996,5,0.0011992409867172,5.368,1.051394066184861,6.112880362249761
Glass,0.7195,,0,0.5145376549094376,0.7195,6,0.0015003474635163,3.841,1.1707988831148686,6.204962345090562
Ceramic,0.285,,0,0.1630123927550048,0.28500000000000003,5,0.0012,4.316,1.0835991301196086,5.1219876072449955
Ceramic,0.878,,1,0.5021448999046711,0.8779999999999999,5,0.0011998861047835,3.893,1.4581207947439245,6.375855100095329
Metal,0.716,,1,0.6143946615824595,0.716,5,0.0018002793296089,3.422,1.0022471310381638,6.10160533841754
Bioplastic,0.513,,1,0.171115347950429,0.513,7,0.0006998050682261,7.282,1.8921835443037973,8.34188465204957
Glass,0.4645,,1,0.3319828408007627,0.46449999999999997,6,0.0014994617868675,5.607,1.0752741917687298,7.132517159199238
Bioplastic,0.788,,1,0.26286939942802673,0.788,7,0.0006998730964467,6.897,2.171580191777223,8.525130600571973
Paper,0.215,,0,0.09223069590085797,0.215,9,0.0009,8.613,1.1184478056037688,9.122769304099142
Metal,0.162,,1,0.13894184938036225,0.162,5,0.0017993827160493,5.417,0.6779892280071813,6.0230581506196375
Glass,0.352,,1,0.2516682554814109,0.352,6,0.0015,5.944,1.0009433450799674,7.10033174451859
Paper,0.987,,1,0.42349857006673025,0.9869999999999999,9,0.0009002026342451,8.223,1.8853919694072654,10.56350142993327
Ceramic,0.422,,0,0.24142040038131554,0.422,5,0.0012002369668246,3.987,1.2360128437805389,5.180579599618684
Metal,0.457,,0,0.3920400381315539,0.457,5,0.0017997811816192,3.355,0.9287862055603989,5.064959961868446
Glass,0.6845,,1,0.48951382268827454,0.6845,6,0.0015003652300949,4.946,1.1611262936610607,7.194986177311725
Ceramic,0.428,,0,0.24475691134413727,0.42800000000000005,5,0.0011997663551401,3.973,1.2414544449052953,5.183243088655862
Glass,0.0625,,0,0.0448045757864633,0.0625,6,0.001504,5.812,0.43161619486504277,6.017695424213537
Glass,0.1945,,1,0.13918017159199236,0.1945,6,0.0015012853470437,6.416,0.8131944998007175,7.055319828408007
Plastic,0.851,,1,0.8517635843660629,0.851,2,0.0020998824911868,-0.5739999999999998,0.8941296073717949,2.999236415633937
Glass,0.57,,1,0.4075309818875119,0.5700000000000001,6,0.0015,5.29,1.1230841472577011,7.162469018112488
Glass,0.768,,0,0.5490943755958055,0.768,6,0.0014999999999999,3.696,1.1831869584373624,6.2189056244041945
Bioplastic,0.257,,1,0.08579599618684462,0.257,7,0.0007003891050583,7.64,1.3832375577219087,8.171204003813155
Metal,0.075,,1,0.06434699714013346,0.075,5,0.0018,5.73,0.4563515081206497,6.010653002859867
Ceramic,0.621,,1,0.35510009532888465,0.621,5,0.0011996779388083,4.51,1.3645349811478844,6.265899904671116
Plastic,0.8525,,1,0.8531935176358437,0.8525,2,0.002099706744868,-0.5800000000000001,0.8943619361936194,2.9993064823641564
Plastic,0.2175,,1,0.21758817921830317,0.21749999999999997,2,0.0020988505747126,2.087,0.6848491670418728,2.999911820781697
Metal,0.8955,,1,0.7683508102955197,0.8955,5,0.0018001116694584,2.776,1.0312652321879459,6.127149189704481
Bioplastic,0.7445,,0,0.24833174451858916,0.7445,7,0.0006997985224983,5.958,2.1373303229337712,7.496168255481411
Paper,0.16,,0,0.06863679694947569,0.16,9,0.0009,8.712,0.9487846240814019,9.091363203050525
Glass,0.482,,1,0.34461391801715924,0.48200000000000004,6,0.0015,5.554,1.0840866209262436,7.137386081982841
Plastic,0.472,,1,0.4723546234509057,0.472,2,0.0020995762711864,1.018,0.8246635576282477,2.9996453765490942
Glass,0.1405,,1,0.10033365109628217,0.1405,6,0.0014982206405693,6.579,0.7013300023792529,7.0401663489037185
Plastic,0.8895,,1,0.890371782650143,0.8895,2,0.0021000562113546,-0.7360000000000002,0.8981475599191452,2.999128217349857
Bioplastic,0.3845,,1,0.1282173498570067,0.3845,7,0.0006996098829648,7.462,1.6847974101921468,8.256282650142992
Paper,0.403,,1,0.17278360343183985,0.403,9,0.0008995037220843,9.275,1.4773615236763937,10.23021639656816
Glass,0.8115,,1,0.5800762631077218,0.8115,6,0.0014996919285274,4.566,1.1932485281749368,7.231423736892278
Bioplastic,0.319,,1,0.10653002859866541,0.319,7,0.0007006269592476,7.553,1.5445695822755594,8.212469971401333
Ceramic,0.23,,0,0.13155386081982842,0.22999999999999998,5,0.0012,4.448,0.9932894195142032,5.098446139180172
Bioplastic,0.155,,0,0.0517159199237369,0.155,7,0.0007,6.783,1.0216462456801758,7.103284080076263
Metal,0.9565,,1,0.8205433746425167,0.9564999999999999,5,0.0017997909043387,2.557,1.0390602185056697,6.135956625357483
Metal,0.2735,,0,0.2347473784556721,0.27349999999999997,5,0.0018007312614259,4.015,0.8170340310408656,5.038752621544329
Metal,0.4875,,1,0.4182554814108675,0.4875,5,0.0018,4.245,0.9406557527821208,6.069244518589132
Bioplastic,0.2635,,1,0.08794089609151573,0.26349999999999996,7,0.0007001897533206,7.631,1.4020365204159266,8.175559103908485
Bioplastic,0.947,,1,0.31601525262154434,0.9470000000000001,7,0.0007001055966209,6.674,2.276358845096242,8.630984747378454
Ceramic,0.491,,1,0.280743565300286,0.491,5,0.0011995926680244,4.822,1.2895818728092139,6.210256434699714
Paper,0.2475,,0,0.10629170638703528,0.2475,9,0.0009010101010101,8.554,1.1997573937153418,9.141208293612966
Metal,0.39,,1,0.334604385128694,0.39,5,0.0018,4.596,0.8973678438254002,6.055395614871306
Plastic,0.4955,,1,0.49594852240228793,0.4955,2,0.0020998990918264,0.919,0.8314476525633847,2.999551477597712
Metal,0.4535,,1,0.3891801715919924,0.4535,5,0.0018004410143329,4.367,0.9270612881223812,6.064319828408007
Plastic,0.9865,,1,0.9873689227836034,0.9865,2,0.0020998479472883,-1.1429999999999998,0.9072357866128962,2.9991310772163966
Paper,0.636,,1,0.2728789323164919,0.636,9,0.0009001572327044,8.855,1.7056474498274317,10.363121067683508
Metal,0.621,,1,0.5328884652049571,0.621,5,0.0018003220611916,3.764,0.9812155445097153,6.088111534795043
Metal,0.6075,,1,0.521210676835081,0.6075,5,0.0018,3.813,0.9779291030461138,6.086289323164919
Bioplastic,0.833,,1,0.2778836987607245,0.833,7,0.0006998799519807,6.834,2.2043819374369322,8.555116301239275
Metal,0.8955,,1,0.7683508102955197,0.8955,5,0.0018001116694584,2.776,1.0312652321879459,6.127149189704481
Plastic,0.2595,,1,0.2597712106768351,0.2595,2,0.0021001926782273,1.91,0.7212917329093799,2.999728789323165
Plastic,0.3815,,1,0.38179218303145857,0.3815,2,0.0020996068152031,1.398,0.7918351800554017,2.9997078169685416
Ceramic,0.112,,0,0.06410867492850335,0.11200000000000002,5,0.0012008928571428,4.731,0.6824745861167587,5.047891325071497
Plastic,0.3545,,1,0.3548617731172546,0.3545,2,0.0021001410437235,1.511,0.7793576443466413,2.999638226882745
Glass,0.97,,0,0.6935176358436607,0.97,6,0.0015,3.09,1.2224050937049495,6.276482364156339
Glass,0.807,,1,0.57697807435653,0.807,6,0.0014999999999999,4.579000000000001,1.1920622403717525,7.23002192564347
Plastic,0.653,,1,0.65371782650143,0.653,2,0.0021003062787136,0.2570000000000001,0.8663719724277493,2.99928217349857
Glass,0.7115,,1,0.5088179218303146,0.7115,6,0.0015003513703443,4.865,1.1686581069443358,7.202682078169685
Paper,0.0985,,1,0.04218303145853194,0.0985,9,0.0008984771573604,9.823,0.692769024472008,10.056316968541468
Paper,0.879,,1,0.3770257387988561,0.8789999999999999,9,0.0008998862343572,8.418,1.8426678657074336,10.501974261201143
Metal,0.972,,1,0.8338894184938037,0.9720000000000001,5,0.0017998971193415,2.501,1.0408084519981626,6.138110581506197
Plastic,0.651,,0,0.6515729265967588,0.651,2,0.0020998463901689,-0.734,0.8661834094368341,1.999427073403241
Metal,0.859,,1,0.7368922783603432,0.859,5,0.0017997671711292,2.908,1.026416448342636,6.122107721639657
Plastic,0.562,,1,0.5624404194470924,0.562,2,0.0020996441281138,0.6400000000000001,0.8483781839113543,2.9995595805529076
Bioplastic,0.6665,,1,0.22235462345090565,0.6665,7,0.0006999249812453,7.067,2.0675986988023065,8.444145376549093
Plastic,0.3075,,1,0.30791229742612014,0.3075,2,0.00210081300813,1.708,0.7538385136714185,2.99958770257388
Bioplastic,0.626,,0,0.20877025738798857,0.626,7,0.0006996805111821,6.124,2.0273973448595246,7.417229742612012
Glass,0.238,,1,0.1701620591039085,0.238,6,0.0015,6.286,0.8809527170077628,7.067837940896091
Ceramic,0.314,,1,0.17969494756911344,0.314,5,0.0012006369426751,5.246,1.122651670074983,6.134305052430887
Paper,0.2845,,1,0.12202097235462346,0.28450000000000003,9,0.0008998242530755,9.488,1.2814104765993988,10.162479027645377
Plastic,0.753,,0,0.753813155386082,0.753,2,0.0021002656042496,-1.1629999999999998,0.8819259755484844,1.9991868446139183
Paper,0.1095,,1,0.04694947569113442,0.1095,9,0.0008995433789954,9.803,0.745154070710347,10.062550524308866
Ceramic,0.571,,1,0.3265014299332698,0.571,5,0.0011996497373029,4.63,1.3387997317836386,6.24449857006673
Ceramic,0.929,,1,0.5314585319351763,0.9289999999999999,5,0.0012002152852529,3.77,1.471197161835749,6.397541468064824
Paper,0.9565,,1,0.4103908484270734,0.9564999999999999,9,0.0009001568217459,8.278,1.8740539783339558,10.546109151572926
Metal,0.6945,,1,0.5958055290753098,0.6945,5,0.001799856011519,3.5,0.9981237155774764,6.0986944709246895
Bioplastic,0.545,,1,0.18183984747378457,0.545,7,0.0007,7.237,1.9337223067816678,8.363160152526216
Ceramic,0.993,,1,0.5679218303145853,0.993,5,0.0011998992950654,3.617,1.486700920573753,6.425078169685415
Plastic,0.3915,,1,0.39180171591992374,0.3915,2,0.0020996168582375,1.356,0.7960525295599923,2.9996982840800763
Paper,0.292,,1,0.1253574833174452,0.292,9,0.0009006849315068,9.474,1.2957191201353635,10.166642516682554
Plastic,0.4435,,1,0.4439942802669209,0.44349999999999995,2,0.0021003382187147,1.137,0.8152659248225707,2.999505719733079
Metal,0.351,,1,0.3012392755004767,0.351,5,0.0018005698005698,4.736,0.8747897362794012,6.0497607244995235
Bioplastic,0.2905,,1,0.09699714013346043,0.2905,7,0.0007005163511187,7.593,1.4746406968303896,8.19350285986654
Paper,0.8845,,1,0.37940896091515736,0.8845000000000001,9,0.0008999434708875,8.408,1.8449801153310794,10.505091039084842
Paper,0.8755,,1,0.37559580552907534,0.8755000000000001,9,0.0009000571102227,8.424,1.8408488675085188,10.499904194470925
Paper,0.7135,,1,0.30600571973307916,0.7135,9,0.0008997897687456,8.716,1.7573644047898564,10.40749428026692
Glass,0.789,,0,0.5641086749285034,0.7889999999999999,6,0.0015,3.633,1.1880585659944016,6.224891325071496
Glass,0.967,,0,0.6913727359389895,0.967,6,0.0014999999999999,3.099,1.2219273625248448,6.2756272640610105
Glass,0.766,,1,0.5476644423260248,0.766,6,0.0015,4.702,1.1827112157786281,7.218335557673975
Metal,0.654,,1,0.5610104861773118,0.654,5,0.0017996941896024,3.646,0.9893942890106721,6.092989513822689
Ceramic,0.8975,,1,0.5133460438512869,0.8975,5,0.0012,3.846,1.4632848927572273,6.3841539561487135
Bioplastic,0.912,,1,0.30433746425166824,0.9119999999999999,7,0.0007001096491228,6.723,2.2555416715784506,8.60766253574833
Bioplastic,0.318,,1,0.10605338417540515,0.318,7,0.0006996855345911,7.555,1.543289382373352,8.211946615824594
Metal,0.0705,,1,0.06053384175405148,0.0705,5,0.0018014184397163,5.746,0.43915973871733954,6.009966158245948
Bioplastic,0.1725,,1,0.05743565300285987,0.17250000000000001,7,0.0006985507246376,7.759,1.0956857402361488,8.115064346997139
Glass,0.822,,1,0.5877025738798857,0.8220000000000001,6,0.0015,4.534,1.195284169670086,7.234297426120114
Metal,0.376,,1,0.32268827454718785,0.376,5,0.0018005319148936,4.646,0.8895444294091114,6.053311725452812
Bioplastic,0.907,,1,0.30266920877025744,0.907,7,0.0007001102535832,6.73,2.252469223484848,8.604330791229742
Bioplastic,0.182,,1,0.06077216396568161,0.182,7,0.0007005494505494,7.745,1.132036762525941,8.121227836034318
Paper,0.8635,,1,0.37035271687321264,0.8634999999999999,9,0.0008998262883613,8.446,1.8358563032022694,10.493147283126788
Glass,0.8735,,1,0.6244041944709248,0.8734999999999999,6,0.0014997137950772,4.38,1.2058185287537833,7.249095805529075
Paper,0.309,,0,0.1325071496663489,0.309,9,0.0008996763754045,8.443999999999999,1.328991389913899,9.17649285033365
Ceramic,0.683,,1,0.39061010486177317,0.683,5,0.0011998535871156,4.361,1.3921441756533566,6.292389895138227
Glass,0.2735,,1,0.19566253574833176,0.27349999999999997,6,0.0015009140767824,6.179,0.9250411091407381,7.077837464251669
Bioplastic,0.872,,1,0.29099142040038134,0.8720000000000001,7,0.000700114678899,6.779,2.23022796537852,8.581008579599619
Glass,0.7115,,0,0.5088179218303146,0.7115,6,0.0015003513703443,3.865,1.1686581069443358,6.202682078169685
Paper,0.274,,1,0.1174928503336511,0.274,9,0.0008996350364963,9.507,1.259811527503835,10.15650714966635
Paper,0.561,,1,0.2407054337464252,0.561,9,0.0009001782531194,8.99,1.6465836597649692,10.320294566253574
Paper,0.07,,1,0.030028598665395617,0.06999999999999999,9,0.0009,9.874,0.5383431085043987,10.039971401334604
Bioplastic,0.67,,1,0.22354623450905625,0.67,7,0.0007,7.062,2.0708014142604596,8.446453765490944
Bioplastic,0.719,,0,0.2399904671115348,0.7190000000000001,7,0.0007002781641168,5.993,2.1147651759428014,7.479009532888465
Ceramic,0.9345,,1,0.534556720686368,0.9345000000000001,5,0.0012001070090957,3.757,1.4726815894238716,6.399943279313632
Glass,0.2635,,0,0.18827454718779793,0.26349999999999996,6,0.0014990512333965,5.21,0.9140591931216928,6.075225452812202
Metal,0.7895,,1,0.6773117254528123,0.7895,5,0.0017998733375554,3.158,1.0156800343389747,6.112188274547188
Metal,0.381,,1,0.3269780743565301,0.381,5,0.0018005249343832,4.628,0.8923174815807098,6.05402192564347
Metal,0.9645,,1,0.8274547187797904,0.9644999999999999,5,0.0017998963193364,2.528,1.0399429540548872,6.137045281220209
Metal,0.476,,1,0.40848427073403243,0.476,5,0.0018004201680672,4.286,0.9361154855643044,6.067515729265968
Bioplastic,0.8705,,1,0.2905147759771211,0.8705,7,0.0007001723147616,6.781,2.2291089954839496,8.579985224022879
Ceramic,0.2385,,1,0.1363203050524309,0.2385,5,0.0011991614255765,5.428,1.0092234772085518,6.102179694947569
Bioplastic,0.949,,1,0.3167302192564347,0.9490000000000001,7,0.0007002107481559,6.671,2.2772526592702733,8.632269780743565
Glass,0.067,,1,0.047902764537654914,0.067,6,0.0015,6.799,0.4530003222687722,7.019097235462345
Plastic,0.529,,1,0.5295519542421354,0.529,2,0.0021001890359168,0.778,0.8402801332525742,2.9994480457578643
Glass,0.248,,1,0.1773117254528122,0.248,6,0.0015,6.256,0.8943004468889652,7.070688274547188
Glass,0.107,,1,0.07650142993326979,0.10700000000000001,6,0.0015,6.679,0.6062273832028086,7.03049857006673
Bioplastic,0.8445,,1,0.2816968541468065,0.8445,7,0.0006998223801065,6.818,2.212488761238761,8.562803145853193
Glass,0.85,,1,0.607721639656816,0.85,6,0.0014999999999999,4.45,1.201037176724138,7.2422783603431835
Plastic,0.153,,1,0.1532411820781697,0.153,2,0.0021013071895424,2.357,0.6041671372106154,2.99975881792183
Paper,0.3115,,1,0.13369876072449954,0.3115,9,0.0009004815409309,9.439,1.3329125025494593,10.177801239275501
Paper,0.4525,,1,0.194232602478551,0.4525,9,0.0009005524861878,9.185,1.5378989146282198,10.25826739752145
Plastic,0.2875,,1,0.28789323164918973,0.2875,2,0.0021008695652173,1.792,0.7411833374293436,2.9996067683508105
Bioplastic,0.373,,0,0.1244041944709247,0.373,7,0.0006997319034852,6.478,1.662179269328802,7.248595805529075
Ceramic,0.4845,,1,0.27716873212583415,0.4845,5,0.0012002063983488,4.837,1.2845709591810943,6.2073312678741654
Glass,0.21,,1,0.15014299332697809,0.21000000000000002,6,0.0015,6.37,0.8395198170731708,7.059857006673022
Metal,0.0715,,1,0.06124880838894185,0.0715,5,0.0017972027972027,5.743,0.4434141294708838,6.010251191611059
Glass,0.9985,,0,0.7137750238322212,0.9984999999999999,6,0.0014997496244366,3.005,1.226997598547414,6.284724976167778
Metal,0.288,,0,0.2471401334604385,0.288,5,0.0018003472222222,3.963,0.8296361389537279,5.040859866539562
Metal,0.2375,,0,0.20376549094375596,0.2375,5,0.0018,4.145,0.7818531303938491,5.033734509056244
Bioplastic,0.9645,,1,0.32173498570066733,0.9644999999999999,7,0.0006998444790046,6.65,2.28698123869801,8.642765014299334
Bioplastic,0.3625,,1,0.12082936129647284,0.3625,7,0.0006993103448275,7.493,1.6415389596373837,8.241670638703528
Plastic,0.746,,1,0.7466634890371783,0.746,2,0.0020998659517426,-0.133,0.8811056690874289,2.999336510962822
Paper,0.2105,,1,0.09032411820781698,0.2105,9,0.0009002375296912,9.621,1.106008014024543,10.120175881792182
Bioplastic,0.1185,,0,0.03956148713060058,0.11850000000000001,7,0.0007004219409282,6.834,0.8490881147540984,7.078938512869399
Metal,0.6785,,1,0.5822211630123928,0.6785,5,0.0018002947678703,3.557,0.9945455180605044,6.096278836987607
Metal,0.095,,1,0.0815061963775024,0.095,5,0.0018,5.658,0.5233981092436975,6.013493803622497
Paper,0.703,,0,0.30147759771210675,0.7030000000000001,9,0.0008997155049786,7.735,1.7510316989196248,9.401522402287892
Glass,0.665,,1,0.4754528122020973,0.665,6,0.0015,5.005,1.1556116955189264,7.189547187797903
Plastic,0.683,,1,0.6837464251668256,0.683,2,0.0021002928257686,0.1309999999999997,0.8714553305357904,2.9992535748331743
Paper,0.766,,1,0.3286463298379409,0.766,9,0.0009001305483028,8.621,1.7870210163460467,10.437353670162059
Metal,0.099,,1,0.08484270734032412,0.099,5,0.0017979797979797,5.644,0.53559051057246,6.014157292659676
Plastic,0.527,,1,0.5274070543374643,0.5269999999999999,2,0.0020996204933586,0.7869999999999999,0.8399650535592189,2.9995929456625356
Bioplastic,0.7255,,1,0.24213536701620592,0.7255,7,0.0007002067539627,6.984,2.120505711897464,8.483364632983795
Plastic,0.468,,1,0.46854146806482366,0.46799999999999997,2,0.0021004273504273,1.034,0.8231589537223339,2.9994585319351765
Plastic,0.2105,,1,0.21067683508102958,0.2105,2,0.0020997624703087,2.116,0.6775529303467319,2.9998231649189706
Bioplastic,0.408,,0,0.13608198284080075,0.40800000000000003,7,0.0006997549019607,6.429,1.7282132041187162,7.2719180171592
Metal,0.823,,1,0.7061487130600572,0.8230000000000001,5,0.0018001215066828,3.037,1.0209034470525633,6.116851286939943
Glass,0.159,,1,0.11367969494756912,0.159,6,0.0015,6.523,0.7441043943787642,7.045320305052431
Paper,0.42,,1,0.1801715919923737,0.42000000000000004,9,0.0009,9.244,1.4990813201769309,10.239828408007627
Plastic,0.746,,1,0.7466634890371783,0.746,2,0.0020998659517426,-0.133,0.8811056690874289,2.999336510962822
Plastic,0.3325,,1,0.33293612964728314,0.3325,2,0.0021007518796992,1.603,0.7680116701530332,2.9995638703527168
Ceramic,0.2375,,1,0.13584366062917064,0.2375,5,0.0012,5.43,1.0070230396119644,6.101656339370829
Paper,0.458,,1,0.19637750238322213,0.458,9,0.0008995633187772,9.176,1.5453264715342554,10.261622497616779
Paper,0.066,,0,0.028360343183984747,0.066,9,0.0009015151515151,8.881,0.5141774972150018,9.037639656816015
Glass,0.393,,1,0.28098188751191616,0.393,6,0.0015,5.821,1.0315451019642186,7.112018112488084
Glass,0.934,,1,0.6677788369876073,0.9339999999999999,6,0.0015,4.198,1.216496150980879,7.266221163012393
Metal,0.6285,,1,0.5393231649189705,0.6285000000000001,5,0.0018003182179793,3.737,0.983070901364348,6.089176835081029
Metal,0.3325,,1,0.28527168732125835,0.3325,5,0.0018,4.803,0.8630273413336632,6.047228312678741
Ceramic,0.5115,,1,0.2926596758817922,0.5115000000000001,5,0.0012003910068426,4.772,1.3026547705753826,6.218840324118208
Ceramic,0.6845,,1,0.39156339370829363,0.6845,5,0.0012001460920379,4.357,1.3924958789876856,6.292936606291706
Paper,0.6985,,1,0.29957102001906577,0.6985,9,0.0008997852541159,8.743,1.7481247763330552,10.398928979980933
Paper,0.4155,,0,0.1782650142993327,0.41550000000000004,9,0.0009001203369434,8.252,1.4931808838643372,9.237234985700667
Paper,0.8245,,1,0.35367016205910395,0.8244999999999999,9,0.0008999393571861,8.516,1.8173996637949146,10.470829837940897
Metal,0.9755,,1,0.8369876072449953,0.9755,5,0.0018001025115325,2.488,1.0411023501882184,6.138512392755005
Glass,0.2555,,1,0.18255481410867494,0.2555,6,0.0014990215264187,6.234,0.9042493252361673,7.072945185891324
Ceramic,0.6545,,1,0.3744041944709247,0.6545,5,0.001200152788388,4.429,1.3796252386215209,6.280095805529075
Plastic,0.2035,,1,0.20376549094375596,0.20350000000000001,2,0.0021007371007371,2.145,0.6699246822532561,2.999734509056244
Glass,0.441,,1,0.31530028598665394,0.441,6,0.0015,5.677,1.061882244921382,7.125699714013346
Glass,0.1545,,0,0.11058150619637752,0.1545,6,0.0015016181229773,5.536,0.7336826618379356,6.043918493803622
Paper,0.5755,,1,0.24690181124880842,0.5755,9,0.000900086880973,8.964,1.658970871118439,10.328598188751192
Plastic,0.122,,1,0.12202097235462346,0.122,2,0.0020983606557377,2.488,0.5494976384714468,2.9999790276453764
Paper,0.5655,,1,0.24261201143946617,0.5655,9,0.0009000884173297,8.982,1.6505550918196994,10.322887988560534
Bioplastic,0.687,,1,0.22926596758817921,0.687,7,0.0007001455604075,7.038,2.0864591777649104,8.457734032411821
Ceramic,0.0655,,1,0.03741658722592946,0.0655,5,0.0011984732824427,5.843,0.4766527922303156,6.028083412774071
Plastic,0.301,,1,0.3012392755004767,0.301,2,0.0020996677740863,1.736,0.750175813732478,2.9997607244995237
Plastic,0.071,,1,0.07102001906577693,0.071,2,0.0020985915492957,2.702,0.41515607580824965,2.9999799809342234
Metal,0.5305,,1,0.4551954242135367,0.5305,5,0.0018001885014137,4.09,0.9555194024725273,6.075304575786463
Glass,0.3035,,1,0.2168732125834128,0.3035,6,0.001499176276771,6.09,0.9577963297232248,7.086626787416587
Glass,0.6595,,1,0.47140133460438516,0.6595,6,0.0014996209249431,5.022,1.15418001334668,7.188098665395614
Metal,0.736,,1,0.6315538608198284,0.736,5,0.0018002717391304,3.35,1.0060776648423246,6.104446139180172
Glass,0.295,,1,0.2109151572926597,0.29500000000000004,6,0.0015,6.115,0.9488118963667024,7.08408484270734
Glass,0.652,,1,0.4661582459485224,0.6519999999999999,6,0.0015,5.0440000000000005,1.1516214850985014,7.185841754051478
Glass,0.4615,,1,0.33007626310772165,0.4615,6,0.0015005417118093,5.615,1.073065499279619,7.131423736892279
Paper,0.7255,,1,0.31124880838894187,0.7255,9,0.0009000689179875,8.693999999999999,1.764138850254984,10.414251191611058
Ceramic,0.3185,,1,0.1820781696854147,0.3185,5,0.0011993720565149,5.236,1.1291196350118282,6.136421830314585
Bioplastic,0.441,,0,0.14704480457578648,0.441,7,0.0006995464852607,6.383,1.7851012926876326,7.293955195424213
Plastic,0.1935,,1,0.19375595805529075,0.1935,2,0.0021007751937984,2.1870000000000003,0.6587100438098329,2.9997440419447097
Paper,0.446,,1,0.19137273593898954,0.446,9,0.0009002242152466,9.197,1.5306854245051529,10.25462726406101
Ceramic,0.23,,1,0.13155386081982842,0.22999999999999998,5,0.0012,5.448,0.9932894195142032,6.098446139180172
Ceramic,0.8135,,1,0.46520495710200194,0.8135,5,0.00119975414874,4.048,1.4393008939112835,6.348295042897998
Metal,0.1535,,1,0.13179218303145857,0.1535,5,0.001801302931596,5.447,0.6622311330454451,6.021707816968542
Glass,0.5045,,1,0.36081982840800764,0.5045,6,0.0015004955401387,5.486,1.0947879602813404,7.143680171591993
Bioplastic,0.5185,,1,0.17302192564346996,0.5185,7,0.0007000964320154,7.274,1.8991148743016761,8.34547807435653
Plastic,0.099,,1,0.09914204003813155,0.099,2,0.0021010101010101,2.584,0.49713259932982284,2.9998579599618687
Bioplastic,0.4415,,1,0.1472831267874166,0.4415,7,0.0006998867497168,7.382,1.7854028527370855,8.294216873212584
Metal,0.8555,,0,0.7340324118207817,0.8554999999999999,5,0.0018001168907071,1.92,1.0257395130872098,5.121467588179218
Glass,0.2445,,1,0.17492850333651097,0.2445,6,0.0015010224948875,6.266,0.8893221220527046,7.06957149666349
Metal,0.7925,,0,0.6799332697807436,0.7925,5,0.0018,2.147,1.0161125710444294,5.112566730219257
Metal,0.18,,0,0.15443279313632033,0.18,5,0.0018,4.352,0.7074559760209815,5.02556720686368
Glass,0.322,,1,0.23021925643469973,0.322,6,0.0015,6.034,0.975109699769053,7.0917807435653
Bioplastic,0.8325,,1,0.2776453765490944,0.8324999999999999,7,0.0006996996996996,6.835,2.2044490723210903,8.554854623450906
Bioplastic,0.3535,,1,0.11796949475691135,0.35350000000000004,7,0.0007001414427157,7.505,1.6217865733654058,8.235530505243089
Metal,0.2995,,1,0.2569113441372736,0.2995,5,0.0017996661101836,4.922,0.8391439636752135,6.042588655862726
Paper,0.2185,,0,0.0936606291706387,0.2185,9,0.0008993135011441,8.607,1.1282623677085897,9.124839370829362
Ceramic,0.2385,,1,0.1363203050524309,0.2385,5,0.0011991614255765,5.428,1.0092234772085518,6.102179694947569
Bioplastic,0.6045,,1,0.20162059103908486,0.6045,7,0.0006997518610421,7.154,2.0041735145385586,8.402879408960915
Glass,0.2935,,1,0.20972354623450906,0.2935,6,0.0014991482112436,6.12,0.9476192674669129,7.083776453765491
Metal,0.9525,,1,0.817206863679695,0.9525,5,0.0018,2.571,1.0384789274021722,6.135293136320305
Glass,0.3705,,1,0.2647759771210677,0.3705,6,0.0014993252361673,5.889,1.0156918855350843,7.105724022878932
Metal,0.839,,1,0.7197330791229744,0.8390000000000001,5,0.0017997616209773,2.98,1.0235038958018374,6.119266920877026
Plastic,0.056,,1,0.05600571973307912,0.05600000000000001,2,0.0020982142857142,2.765,0.3589611976779713,2.999994280266921
Bioplastic,0.351,,0,0.11701620591039086,0.351,7,0.0006994301994301,6.509,1.6173907313858993,7.2339837940896095
Paper,0.866,,1,0.3715443279313632,0.866,9,0.0009001154734411,8.441,1.8365187506317597,10.494455672068636
Paper,0.9065,,1,0.38894184938036225,0.9065,9,0.000900165471594,8.368,1.854003704425814,10.517558150619637
Plastic,0.257,,1,0.25714966634890374,0.257,2,0.0020992217898832,1.921,0.7195862805284932,2.9998503336510964
Paper,0.3325,,0,0.14275500476644423,0.3325,9,0.0009007518796992,8.401,1.3696936972314941,9.189744995233555
Bioplastic,0.192,,1,0.06410867492850335,0.192,7,0.0007005208333333,7.731,1.1699564333430148,8.127891325071497
Ceramic,0.384,,1,0.2197330791229743,0.384,5,0.0012005208333333,5.078,1.2010017889087654,6.164266920877026
Paper,0.6705,,1,0.2876549094375596,0.6705,9,0.0009000745712155,8.793,1.7296311324234597,10.38284509056244
Metal,0.635,,1,0.5448045757864634,0.635,5,0.0018,3.714,0.9847945002956829,6.090195424213537
Glass,0.1565,,1,0.11177311725452813,0.1565,6,0.0014984025559105,6.531,0.7389984244879586,7.044726882745472
Metal,0.663,,1,0.5688751191611059,0.663,5,0.0018001508295625,3.613,0.9912164184422433,6.094124880838894
Metal,0.7475,,1,0.6413250714966635,0.7474999999999999,5,0.0018,3.309,1.0083295827171606,6.106174928503336
Bioplastic,0.488,,1,0.16277407054337467,0.488,7,0.0006997950819672,7.317,1.8571086522764375,8.325225929456625
Glass,0.714,,0,0.5104861773117254,0.714,6,0.0015,3.858,1.1695596502186134,6.203513822688275
Glass,0.139,,1,0.09938036224976168,0.13899999999999998,6,0.0015,6.583,0.6971599330623953,7.0396196377502385
Bioplastic,0.856,,0,0.28551000953288846,0.8560000000000001,7,0.0006997663551401,5.802,2.220435212660732,7.570489990467111
Ceramic,0.888,,1,0.507864632983794,0.8880000000000001,5,0.0011998873873873,3.869,1.4608515643378033,6.380135367016206
Metal,0.5255,,0,0.45090562440419446,0.5255,5,0.0018001902949571,3.108,0.9538838899463575,5.074594375595805
Ceramic,0.3905,,0,0.22330791229742614,0.39049999999999996,5,0.0011997439180537,4.063,1.2078269202417806,5.167192087702574
Metal,0.235,,0,0.20162059103908486,0.23500000000000001,5,0.0018,4.154,0.7791245259165612,5.033379408960916
Glass,0.1935,,0,0.138465204957102,0.1935,6,0.001501291989664,5.4190000000000005,0.8114391365180892,6.055034795042898
Paper,0.5425,,1,0.23284080076263108,0.5425,9,0.000900460829493,9.023,1.6299083488472002,10.30965919923737
Ceramic,0.683,,0,0.39061010486177317,0.683,5,0.0011998535871156,3.361,1.3921441756533566,5.292389895138227
Glass,0.103,,1,0.0736415633937083,0.10300000000000001,6,0.0015,6.691,0.5931759538841614,7.029358436606292
Metal,0.6615,,1,0.5674451858913251,0.6615,5,0.0017996976568405,3.619,0.9910926230093551,6.0940548141086754
Plastic,0.0995,,1,0.0996186844613918,0.0995,2,0.0021005025125628,2.582,0.4984503342884432,2.999881315538608
Bioplastic,0.084,,1,0.028122020972354625,0.08399999999999999,7,0.0007023809523809,7.882,0.6556249999999998,8.055877979027645
Paper,0.2365,,1,0.10152526215443279,0.23650000000000002,9,0.0009006342494714,9.574,1.1735501419110692,10.134974737845567
Ceramic,0.995,,1,0.569113441372736,0.9949999999999999,5,0.0012,3.612,1.487042313719903,6.425886558627264
Glass,0.6615,,1,0.4728312678741659,0.6615,6,0.0014996220710506,5.016,1.1547903145282075,7.1886687321258345
Paper,0.146,,1,0.0626787416587226,0.146,9,0.0009006849315068,9.737,0.8974743627307353,10.083321258341279
Metal,0.158,,1,0.13560533841754052,0.158,5,0.0018006329113924,5.431,0.6706129880639288,6.02239466158246
Paper,0.8505,,1,0.36487130600571976,0.8505,9,0.0009000587889476,8.469,1.8295386035066132,10.48562869399428
Ceramic,0.2315,,1,0.1325071496663489,0.23149999999999998,5,0.0012008639308855,5.444,0.9956683066830667,6.098992850333651
Plastic,0.331,,1,0.3312678741658723,0.331,2,0.0020996978851963,1.61,0.7675044208664897,2.999732125834128
Plastic,0.157,,0,0.15705433746425168,0.157,2,0.0020987261146496,1.341,0.6107658075282775,1.9999456625357483
Metal,0.3465,,1,0.29718779790276456,0.3465,5,0.0017994227994227,4.753,0.8723832953318131,6.049312202097235
Paper,0.0795,,1,0.034080076263107724,0.0795,9,0.0008993710691823,9.857,0.5929292570209741,10.045419923736892
Metal,0.5675,,1,0.48689227836034327,0.5675,5,0.0018,3.957,0.9669576869974822,6.080607721639657
Ceramic,0.518,,1,0.2962345090562441,0.518,5,0.0011998069498069,4.757,1.3073066281727412,6.221765490943755
Paper,0.566,,1,0.24285033365109626,0.5660000000000001,9,0.0009001766784452,8.981,1.6508661198387322,10.323149666348904
Bioplastic,0.44,,1,0.14680648236415636,0.44000000000000006,7,0.0007,7.384,1.7827732715334106,8.293193517635846
Glass,0.205,,0,0.14656816015252622,0.205,6,0.0015,5.385,0.831413106514595,6.058431839847474
Ceramic,0.2595,,1,0.14847473784556722,0.2595,5,0.0012003853564547,5.377,1.0443717629004412,6.111025262154433
Bioplastic,0.058,,1,0.01930409914204004,0.057999999999999996,7,0.0006982758620689,7.919,0.48615261685976824,8.03869590085796
Metal,0.6615,,1,0.5674451858913251,0.6615,5,0.0017996976568405,3.619,0.9910926230093551,6.0940548141086754
Glass,0.163,,1,0.1165395614871306,0.16299999999999998,6,0.0015,6.511,0.7527492846136913,7.046460438512869
Glass,0.739,,1,0.5283603431839848,0.739,6,0.0015,4.783,1.176076765531366,7.210639656816015
Bioplastic,0.523,,0,0.1744518589132507,0.523,7,0.000699808795411,6.268,1.9056165335185826,7.348548141086749
Ceramic,0.6145,,1,0.35152526215443286,0.6144999999999999,5,0.00120016273393,4.525,1.3609426791934969,6.262974737845567
Metal,0.098,,1,0.08412774070543375,0.098,5,0.0018010204081632,5.647,0.5322391923375615,6.013872259294566
Metal,0.5385,,1,0.4621067683508103,0.5385,5,0.0018003714020427,4.061,0.9580030526583566,6.07639323164919
Paper,0.111,,1,0.04766444232602479,0.11100000000000002,9,0.0009009009009009,9.8,0.7517043253712072,10.063335557673977
Paper,0.817,,0,0.35057197330791234,0.817,9,0.0009002447980416,7.529,1.8132508198455515,9.466428026692087
Paper,0.5755,,0,0.24690181124880842,0.5755,9,0.000900086880973,7.964,1.658970871118439,9.328598188751192
Glass,0.316,,1,0.2259294566253575,0.316,6,0.0015,6.052,0.9695349517402749,7.090070543374642
Metal,0.765,,1,0.6563393708293613,0.765,5,0.0018,3.246,1.011450718427023,6.108660629170639
Glass,0.7695,,1,0.550047664442326,0.7695000000000001,6,0.0014996751137102,4.692,1.1837593488781348,7.219452335557674
Ceramic,0.9735,,1,0.5567206863679695,0.9734999999999999,5,0.0011997945557267,3.664,1.4823653650747568,6.416779313632031
Paper,0.3545,,0,0.1520495710200191,0.3545,9,0.0008998589562764,8.362,1.4064693645990918,9.202450428979981
Metal,0.46,,1,0.39466158245948524,0.45999999999999996,5,0.0018,4.344,0.9299286953170167,6.065338417540515
Ceramic,0.7325,,1,0.4189704480457579,0.7325,5,0.0012,4.242,1.4114483835415137,6.313529551954242
Ceramic,0.533,,1,0.30481410867492853,0.533,5,0.0011998123827392,4.721,1.3166537148239728,6.228185891325072
Plastic,0.8775,,1,0.8784556720686368,0.8775000000000001,2,0.0021002849002849,-0.6859999999999999,0.8968214146531567,2.999044327931363
Ceramic,0.6045,,1,0.34580552907530987,0.6045,5,0.0012001654259718,4.549,1.3559724152678283,6.25869447092469
Metal,0.7765,,1,0.6661105815061964,0.7765,5,0.0017997424339987,3.205,1.013561251788714,6.110389418493804
Glass,0.2635,,1,0.18827454718779793,0.26349999999999996,6,0.0014990512333965,6.21,0.9140591931216928,7.075225452812202
Ceramic,0.667,,1,0.38155386081982845,0.667,5,0.0012001499250374,4.399,1.3850994754033457,6.285446139180172
Metal,0.747,,1,0.6408484270734033,0.747,5,0.0017998661311914,3.311,1.008303416328894,6.1061515729265965
Ceramic,0.6855,,1,0.3920400381315539,0.6855,5,0.0011998541210795,4.355,1.3931793083405983,6.293459961868447
Glass,0.475,,0,0.33960915157292665,0.475,6,0.0015,4.575,1.0805052585926485,6.135390848427073
Paper,0.9545,,1,0.40943755958055295,0.9545,9,0.0008999476165531,8.282,1.8736349176646707,10.545062440419446
Glass,0.252,,1,0.1801715919923737,0.252,6,0.0015,6.244,0.8994487921061585,7.071828408007626
Ceramic,0.7655,,1,0.43779790276453767,0.7655000000000001,5,0.0011998693664271,4.163,1.423397146149074,6.327702097235463
Paper,0.6885,,1,0.2952812202097236,0.6885,9,0.0008997821350762,8.761,1.7417979018449294,10.393218779790276
Paper,0.7695,,1,0.33007626310772165,0.7695000000000001,9,0.000899935022742,8.615,1.7892175551368728,10.439423736892278
Ceramic,0.5,,1,0.2859866539561487,0.5,5,0.0012,4.8,1.2953815756977032,6.214013346043851
Bioplastic,0.0685,,1,0.0228789323164919,0.0685,7,0.0007007299270072,7.904,0.5574592707525213,8.04562106768351
Paper,0.5895,,1,0.2528598665395615,0.5894999999999999,9,0.0008999151823579,8.939,1.6706348777522624,10.336640133460438
Paper,0.4695,,1,0.20138226882745472,0.46950000000000003,9,0.0008998935037273,9.155,1.5578222362802467,10.268117731172545
Metal,0.5155,,1,0.4423260247855101,0.5155000000000001,5,0.0018001939864209,4.144,0.9505352434522764,6.07317397521449
Paper,0.835,,1,0.35819828408007626,0.835,9,0.0009,8.497,1.8223551440757308,10.476801715919924
Plastic,0.5995,,1,0.600095328884652,0.5995,2,0.0021000834028356,0.4820000000000002,0.8563119553376908,2.999404671115348
Ceramic,0.2965,,0,0.16968541468064824,0.2965,5,0.0012006745362563,4.288,1.0994291268999647,5.126814585319352
Ceramic,0.251,,1,0.1434699714013346,0.251,5,0.0011992031872509,5.398,1.03092795614722,6.107530028598665
Glass,0.134,,1,0.09580552907530983,0.134,6,0.0015,6.598,0.6843524829600779,7.03819447092469
Metal,0.194,,1,0.1663489037178265,0.194,5,0.0017989690721649,5.302,0.7283679312813172,6.027651096282174
Bioplastic,0.5905,,1,0.1970924690181125,0.5905,7,0.0007002540220152,7.173,1.9875966629231512,8.393407530981888
Ceramic,0.2205,,1,0.12607244995233557,0.2205,5,0.0011995464852607,5.471,0.9753510436432636,6.094427550047665
Ceramic,0.851,,0,0.48665395614871304,0.851,5,0.0011997649823736,2.958,1.4505996100097498,5.364346043851287
Paper,0.719,,1,0.30838894184938037,0.7190000000000001,9,0.0008998609179415,8.706,1.7605765639589173,10.41061105815062
Bioplastic,0.118,,1,0.03932316491897045,0.118,7,0.0006991525423728,7.835,0.8469517618884707,8.07867683508103
Bioplastic,0.138,,0,0.04599618684461392,0.13799999999999998,7,0.0006992753623188,6.807,0.9452301665034278,7.092003813155386
Paper,0.861,,1,0.3693994280266921,0.861,9,0.0009001161440185,8.45,1.8342587327376116,10.491600571973308
Bioplastic,0.591,,1,0.1970924690181125,0.591,7,0.0006996615905245,7.173,1.989279640622493,8.393907530981888
Metal,0.094,,0,0.0805529075309819,0.094,5,0.0017978723404255,4.662,0.5206230200633579,5.013447092469018
Paper,0.8285,,1,0.3553384175405148,0.8285,9,0.0008998189499094,8.509,1.8195258034125403,10.473161582459484
Glass,0.244,,0,0.1744518589132507,0.244,6,0.0015,5.268,0.8890448072247307,6.069548141086749
Ceramic,0.3355,,1,0.1918493803622498,0.3355,5,0.0011997019374068,5.195,1.1495655724318143,6.14365061963775
Ceramic,0.6325,,1,0.36177311725452815,0.6325000000000001,5,0.0012,4.482,1.3697202725020643,6.270726882745472
Metal,0.422,,1,0.36201143946615827,0.422,5,0.0017997630331753,4.481,0.9133972970184668,6.059988560533841
Paper,0.123,,0,0.052669208770257395,0.123,9,0.0008983739837398,8.779,0.8056634405245081,9.070330791229742
Glass,0.52,,1,0.3717826501429934,0.52,6,0.0015,5.44,1.1022024651444735,7.148217349857006
Plastic,0.8935,,1,0.8944232602478552,0.8935000000000001,2,0.002100167879127,-0.7530000000000001,0.8985107606767962,2.9990767397521445
Glass,0.9135,,1,0.6530028598665396,0.9135,6,0.0014997263273125,4.26,1.2131428028864413,7.26049714013346
Metal,0.6055,,1,0.5195424213536702,0.6054999999999999,5,0.0018001651527663,3.82,0.9773342052623478,6.08595757864633
Bioplastic,0.8575,,1,0.2859866539561487,0.8574999999999999,7,0.0006997084548104,6.8,2.2215794023215607,8.57151334604385
Metal,0.9445,,1,0.8102955195424214,0.9445,5,0.001799894123875,2.6,1.037575138757985,6.134204480457578
Bioplastic,0.9805,,1,0.32721639656816015,0.9804999999999999,7,0.0007001529831718,6.627,2.2950898136784557,8.65328360343184
Metal,0.2035,,1,0.17469018112488086,0.20350000000000001,5,0.0018009828009828,5.267,0.7408346347388512,6.02880981887512
Glass,0.9395,,1,0.6715919923736893,0.9395,6,0.0014997339010111,4.182,1.2176124289597232,7.2679080076263105
Glass,0.761,,1,0.5440896091515729,0.761,6,0.0015,4.7170000000000005,1.1815126174794643,7.216910390848427
Paper,0.7605,,1,0.3262631077216397,0.7605000000000001,9,0.0009000657462195,8.631,1.7841093592754111,10.43423689227836
Metal,0.9175,,1,0.7871782650142993,0.9175000000000001,5,0.0018,2.697,1.034177725245796,6.130321734985701
Glass,0.3345,,1,0.23927550047664445,0.3345,6,0.0015007473841554,5.996,0.9859244169710593,7.095224499523356
Ceramic,0.5515,,1,0.3155386081982841,0.5515,5,0.0012003626473254,4.676,1.327193163569626,6.235961391801716
Paper,0.5445,,1,0.23355576739752146,0.5445,9,0.0008999081726354,9.02,1.6324106887682193,10.310944232602479
Ceramic,0.4705,,1,0.26906577693040995,0.47050000000000003,5,0.0011997874601487,4.871,1.2748405010977655,6.20143422306959
Bioplastic,0.941,,1,0.31387035271687325,0.9410000000000001,7,0.0006997874601487,6.683,2.273658873661177,8.627129647283125
Bioplastic,0.555,,0,0.18517635843660632,0.5549999999999999,7,0.0007,6.223,1.9461641317065013,7.369823641563394
Bioplastic,0.3085,,1,0.10295519542421354,0.3085,7,0.0007001620745542,7.568,1.5200399248473462,8.205544804575787
Glass,0.672,,1,0.4804575786463299,0.6719999999999999,6,0.0015,4.984,1.1577073411069139,7.19154242135367
Glass,0.0565,,1,0.040514775977121074,0.056499999999999995,6,0.001504424778761,6.83,0.4020929443690637,7.015985224022879
Glass,0.777,,1,0.5555290753098189,0.7769999999999999,6,0.0015,4.6690000000000005,1.185302115901985,7.221470924690181
Paper,0.8385,,1,0.359628217349857,0.8385,9,0.0008998211091234,8.491,1.8243005288810537,10.478871782650144
Glass,0.7465,,1,0.5338417540514777,0.7464999999999999,6,0.0015003348961821,4.76,1.1777387577079257,7.212658245948522
Bioplastic,0.976,,0,0.32554814108674934,0.976,7,0.0006997950819672,5.634,2.293512544802867,7.65045185891325
Glass,0.6015,,1,0.4299332697807436,0.6014999999999999,6,0.0014995843724023,5.196,1.13504856988667,7.171566730219256
Paper,0.923,,1,0.39585319351763587,0.923,9,0.0008997833152762,8.339,1.8614380467172928,10.527146806482364
Paper,0.1675,,1,0.0717349857006673,0.1675,9,0.0008985074626865,9.699,0.9753399944490703,10.095765014299333
Paper,0.9625,,1,0.41277407054337467,0.9625,9,0.0008997402597402,8.268,1.8770449897750512,10.549725929456626
Paper,0.7085,,1,0.303860819828408,0.7085,9,0.0008997882851093,8.725,1.7543172430071992,10.404639180171593
Ceramic,0.201,,1,0.11487130600571974,0.20099999999999998,5,0.0011990049751243,5.518,0.9354436557231587,6.08612869399428
Glass,0.3415,,1,0.24404194470924692,0.3415,6,0.0014992679355783,5.976,0.9926115267387088,7.097458055290753
Plastic,0.7175,,1,0.7183031458531935,0.7175,2,0.0021003484320557,-0.0139999999999997,0.8768144221808015,2.9991968541468066
Metal,0.878,,1,0.7533365109628218,0.8779999999999999,5,0.0018001138952164,2.839,1.0289024185890632,6.124663489037179
Ceramic,0.5795,,0,0.3315061963775024,0.5795,5,0.0012001725625539,3.609,1.3429702860930077,5.247993803622498
Ceramic,0.543,,1,0.31053384175405147,0.5429999999999999,5,0.0011998158379373,4.697,1.322668059909439,6.232466158245948
Glass,0.4015,,1,0.2869399428026692,0.40149999999999997,6,0.0014993773349937,5.796,1.0376287262872628,7.114560057197331
Paper,0.6375,,1,0.2733555767397522,0.6375,9,0.0008996078431372,8.853,1.7074875526618152,10.364144423260248
Paper,0.9655,,1,0.4142040038131554,0.9654999999999999,9,0.000900051786639,8.262,1.8776594364108263,10.551295996186845
Bioplastic,0.391,,1,0.13036224976167782,0.391,7,0.0006994884910485,7.453,1.6973267121870472,8.260637750238322
Ceramic,0.972,,0,0.5560057197330792,0.9720000000000001,5,0.0012001028806584,2.667,1.4816943980236867,5.415994280266921
Bioplastic,0.8775,,1,0.2926596758817922,0.8775000000000001,7,0.000699715099715,6.772,2.2347596504005827,8.58484032411821
Plastic,0.565,,1,0.5655386081982842,0.5650000000000001,2,0.0021,0.6269999999999998,0.8489364749695624,2.9994613918017157
Ceramic,0.7735,,1,0.4423260247855101,0.7735000000000001,5,0.0011997414350355,4.144,1.426263842503076,6.33117397521449
Ceramic,0.1765,,1,0.10104861773117255,0.1765,5,0.0012011331444759,5.576,0.8778971076339497,6.075451382268827
Bioplastic,0.257,,0,0.08579599618684462,0.257,7,0.0007003891050583,6.64,1.3832375577219087,7.1712040038131555
Plastic,0.919,,1,0.9199237368922784,0.9189999999999999,2,0.0021001088139281,-0.8599999999999999,0.9010477614730347,2.999076263107722
Bioplastic,0.676,,1,0.22545281220209723,0.6759999999999999,7,0.0006997041420118,7.054,2.0771060339777385,8.450547187797904
Plastic,0.105,,1,0.10510009532888466,0.10500000000000001,2,0.0021,2.559,0.5119451545433419,2.9998999046711154
Paper,0.683,,1,0.2928979980934224,0.683,9,0.0008997071742313,8.771,1.738364673055926,10.390102001906577
Plastic,0.6715,,1,0.6720686367969495,0.6715,2,0.0020997766195085,0.1800000000000001,0.8697413260896407,2.9994313632030503
Plastic,0.977,,1,0.9778360343183985,0.977,2,0.0020997952917093,-1.1029999999999998,0.9064458497324547,2.9991639656816016
Plastic,0.931,,1,0.9318398474737847,0.931,2,0.0020998925886143,-0.91,0.9022718033998521,2.9991601525262155
Bioplastic,0.4415,,1,0.1472831267874166,0.4415,7,0.0006998867497168,7.382,1.7854028527370855,8.294216873212584
Ceramic,0.444,,0,0.2540514775977121,0.44400000000000006,5,0.0012004504504504,3.934,1.2540549273021002,5.189948522402288
Plastic,0.956,,1,0.9568636796949476,0.9560000000000001,2,0.0020998953974895,-1.0149999999999997,0.9045632075046228,2.9991363203050523
Paper,0.467,,0,0.20042897998093423,0.46699999999999997,9,0.0009004282655246,8.159,1.5544439155957481,9.266571020019066
Metal,0.578,,1,0.49594852240228793,0.5780000000000001,5,0.0018001730103806,3.919,0.9698824282172279,6.082051477597712
Paper,0.8775,,1,0.3763107721639657,0.8775000000000001,9,0.000899715099715,8.421,1.8422845992194539,10.501189227836035
Bioplastic,0.2805,,1,0.0936606291706387,0.2805,7,0.0007005347593582,7.607,1.4484100418410044,8.186839370829361
Metal,0.753,,0,0.6460915157292659,0.753,5,0.0018001328021248,2.289,1.009259566856194,5.106908484270734
Paper,0.567,,1,0.24332697807435652,0.567,9,0.000900352733686,8.979,1.6514868804664722,10.323673021925643
Metal,0.7805,,0,0.6696854146806482,0.7805,5,0.001800128122998,2.19,1.0140506564280407,5.110814585319352
Metal,0.792,,0,0.6794566253574833,0.792,5,0.0017998737373737,2.149,1.0160924600990644,5.112543374642517
Paper,0.2315,,1,0.09938036224976168,0.23149999999999998,9,0.0009006479481641,9.583,1.161097298589529,10.13211963775024
Plastic,0.253,,1,0.2533365109628217,0.253,2,0.0021007905138339,1.937,0.7160312963712397,2.9996634890371783
Paper,0.407,,1,0.17469018112488086,0.40700000000000003,9,0.0009004914004914,9.267,1.4816692694777025,10.23230981887512
Bioplastic,0.6405,,1,0.2137750238322212,0.6405000000000001,7,0.0007002341920374,7.103,2.0412714567826216,8.426724976167778
Metal,0.485,,0,0.4161105815061964,0.485,5,0.0018,3.254,0.9397210934613963,5.068889418493804
Glass,0.21,,0,0.15014299332697809,0.21000000000000002,6,0.0015,5.37,0.8395198170731708,6.059857006673022
Plastic,0.3825,,1,0.3829837940896092,0.3825,2,0.0021006535947712,1.393,0.7919520378959833,2.999516205910391
Bioplastic,0.539,,1,0.1799332697807436,0.5389999999999999,7,0.0007003710575139,7.245,1.925458879618593,8.359066730219256
Bioplastic,0.2575,,1,0.08579599618684462,0.2575,7,0.0006990291262135,7.64,1.3859286813750642,8.171704003813156
Glass,0.1265,,1,0.0905624404194471,0.1265,6,0.0015019762845849,6.62,0.6638244122061031,7.035937559580553
Bioplastic,0.3195,,1,0.10653002859866541,0.3195,7,0.0006995305164319,7.553,1.5469905377336717,8.212969971401334
Bioplastic,0.7045,,1,0.2349857006673022,0.7045,7,0.0006997870830376,7.014,2.10307484348321,8.469514299332698
Paper,0.273,,1,0.11701620591039086,0.273,9,0.0008992673992673,9.509,1.2579705688556995,10.15598379408961
Plastic,0.4005,,1,0.40085795996186846,0.40049999999999997,2,0.0020998751560549,1.318,0.7996279025504377,2.9996420400381316
Metal,0.4755,,0,0.4080076263107722,0.4755,5,0.0018002103049421,3.2880000000000003,0.936009570275849,5.067492373689228
Ceramic,0.467,,1,0.2671591992373689,0.46699999999999997,5,0.0012002141327623,4.879,1.2719278203297415,6.19984080076263
Bioplastic,0.0855,,0,0.028598665395614873,0.08549999999999999,7,0.0007017543859649,6.88,0.6648591549295774,7.056901334604385
Plastic,0.415,,0,0.41539561487130605,0.41500000000000004,2,0.0021,0.2569999999999999,0.805206695644132,1.999604385128694
Glass,0.5975,,0,0.4270734032411821,0.5974999999999999,6,0.0014995815899581,4.208,1.1336181949719657,6.170426596758818
Paper,0.6385,,0,0.2738322211630124,0.6385,9,0.0008997650743931,7.851,1.707985464745633,9.364667778836989
Paper,0.97,,0,0.4161105815061964,0.97,9,0.0009,7.254,1.8794421869227926,9.553889418493805
Metal,0.999,,1,0.8570066730219257,0.999,5,0.0017997997997997,2.404,1.0438798685128001,6.141993326978074
Ceramic,0.563,,1,0.32197330791229745,0.563,5,0.0011998223801065,4.649,1.33420761323845,6.241026692087702
Glass,0.223,,1,0.15943755958055292,0.223,6,0.0015,6.331,0.8595517178026824,7.063562440419447
Glass,0.8565,,1,0.6124880838894184,0.8564999999999999,6,0.0015002918855808,4.43,1.2021253679421997,7.244011916110582
Plastic,0.9555,,0,0.9563870352716873,0.9555,2,0.0020999476713762,-2.013,0.9044980372693228,1.9991129647283126
Metal,0.8045,,1,0.6901811248808389,0.8045,5,0.001799875699192,3.104,1.0181210037398962,6.114318875119161
Paper,0.207,,1,0.08889418493803623,0.207,9,0.0009009661835748,9.627,1.0958516275548826,10.118105815061964
Metal,0.275,,1,0.2359389895138227,0.275,5,0.0018,5.01,0.8186010215664018,6.0390610104861775
Bioplastic,0.9005,,1,0.3005243088655863,0.9005000000000001,7,0.0007001665741254,6.739,2.2483029870284423,8.599975691134414
Bioplastic,0.988,,1,0.3295996186844614,0.9880000000000001,7,0.0006998987854251,6.617,2.2998158215910354,8.658400381315538
Glass,0.109,,1,0.07793136320305054,0.10900000000000001,6,0.0015,6.673,0.6125957674792393,7.03106863679695
Metal,0.186,,1,0.15967588179218306,0.186,5,0.0018010752688172,5.33,0.7162775330396476,6.026324118207817
Plastic,0.443,,1,0.44351763584366066,0.44299999999999995,2,0.0021004514672686,1.139,0.8150609488731034,2.9994823641563393
Bioplastic,0.0965,,1,0.03217349857006673,0.0965,7,0.0006994818652849,7.865,0.7301009736747205,8.064326501429932
Plastic,0.077,,1,0.07697807435653004,0.077,2,0.0020974025974025,2.677,0.4350821438190142,3.0000219256434697
Bioplastic,0.6095,,1,0.20328884652049573,0.6094999999999999,7,0.0006997538966365,7.147,2.0096353921106394,8.406211153479505
Glass,0.2755,,1,0.1970924690181125,0.27549999999999997,6,0.0015009074410163,6.173,0.9273207123375581,7.078407530981887
Plastic,0.6635,,1,0.6642040038131554,0.6635,2,0.0021002260738507,0.213,0.8682236636936319,2.9992959961868446
Plastic,0.192,,1,0.19208770257387991,0.192,2,0.0020989583333333,2.194,0.6573368146214098,2.9999122974261203
Paper,0.1825,,1,0.07840800762631078,0.1825,9,0.0009013698630136,9.671,1.0229361474752872,10.104091992373688
Plastic,0.9085,,1,0.909437559580553,0.9085000000000001,2,0.0021001651073197,-0.8159999999999998,0.9000061384455568,2.999062440419447
Glass,0.911,,1,0.6513346043851288,0.9109999999999999,6,0.0015,4.267,1.2125090401573302,7.259665395614871
Plastic,0.3025,,1,0.30266920877025744,0.3025,2,0.002099173553719,1.73,0.7512369791666665,2.999830791229743
Metal,0.757,,1,0.6494280266920878,0.757,5,0.0017998678996036,3.275,1.0101036697831203,6.107571973307912
Metal,0.3065,,0,0.26286939942802673,0.3065,5,0.0017993474714518,3.897,0.844656508603704,5.043630600571973
Plastic,0.2295,,1,0.22974261201143947,0.22949999999999998,2,0.0021002178649237,2.036,0.695997398091934,2.99975738798856
Plastic,0.874,,1,0.874880838894185,0.874,2,0.0021001144164759,-0.6709999999999998,0.8965198259424045,2.9991191611058152
Metal,0.174,,1,0.1491897044804576,0.174,5,0.0017988505747126,5.374,0.6982631981637336,6.024810295519543
Metal,0.4925,,1,0.42254528122020973,0.4925,5,0.0018,4.227,0.9425020523579313,6.06995471877979
Paper,0.465,,1,0.19947569113441374,0.465,9,0.0009,9.163,1.5527136718128283,10.265524308865587
Bioplastic,0.2465,,1,0.08222116301239275,0.2465,7,0.0006997971602434,7.655,1.352751765629087,8.164278836987608
Ceramic,0.2105,,1,0.1203527168732126,0.2105,5,0.0011995249406175,5.495,0.9552866104261301,6.090147283126787
Metal,0.2885,,1,0.24761677788369876,0.2885,5,0.0018006932409012,4.961,0.8299369258192787,6.040883222116301
Paper,0.482,,1,0.2068636796949476,0.48200000000000004,9,0.0009004149377593,9.132,1.5707300403852127,10.275136320305052
Paper,0.4735,,1,0.20305052430886558,0.47350000000000003,9,0.0008996832101372,9.148,1.5624457376533503,10.270449475691134
Metal,0.9295,,1,0.7974261201143947,0.9295,5,0.001799892415277,2.654,1.0357398555343105,6.132073879885605
Metal,0.6045,,1,0.5185891325071498,0.6045,5,0.0017998345740281,3.824,0.9772237632917243,6.08591086749285
Ceramic,0.4785,,1,0.27359389895138225,0.47850000000000004,5,0.0011995820271682,4.852,1.2808025006379178,6.204906101048618
Metal,0.203,,1,0.1742135367016206,0.20299999999999999,5,0.0018004926108374,5.269,0.7402989744481139,6.028786463298379
Bioplastic,0.885,,1,0.2952812202097236,0.885,7,0.0007,6.761,2.238912335704811,8.589718779790276
Ceramic,0.4355,,0,0.2490467111534795,0.43550000000000005,5,0.0011997703788748,3.955,1.247684009285812,5.186453288846521
Bioplastic,0.7105,,1,0.23713060057197333,0.7105,7,0.0007002111189303,7.005,2.107491870493426,8.473369399428027
Glass,0.865,,0,0.6184461391801717,0.865,6,0.0015,3.405,1.2039872619916405,6.246553860819828
Glass,0.2235,,0,0.15967588179218306,0.22349999999999998,6,0.0014988814317673,5.33,0.8606883259911893,6.063824118207816
Plastic,0.954,,0,0.9549571020019065,0.954,2,0.0021001048218029,-2.007,0.9043021732255003,1.9990428979980932
Metal,0.525,,0,0.45042897998093423,0.525,5,0.0018,3.1100000000000003,0.9538015240734327,5.074571020019066
Glass,0.5935,,1,0.4242135367016206,0.5934999999999999,6,0.0014995787700084,5.22,1.1321722131296597,7.169286463298379
Paper,0.41,,1,0.17588179218303146,0.41,9,0.0009,9.262,1.4861437456807187,10.23411820781697
Bioplastic,0.076,,1,0.025262154432793137,0.076,7,0.0006973684210526,7.894,0.6067275494672755,8.050737845567207
Paper,0.791,,1,0.3393708293612965,0.791,9,0.0009001264222503,8.576,1.80030158385767,10.451629170638704
Plastic,0.901,,1,0.9018112488083889,0.901,2,0.0020998890122086,-0.7839999999999998,0.8993710153202017,2.999188751191611
Paper,0.082,,0,0.03527168732125834,0.08199999999999999,9,0.0009024390243902,8.852,0.6061874559548976,9.046728312678743
Bioplastic,0.6695,,1,0.22330791229742614,0.6695,7,0.0006997759522031,7.063,2.0707813651776497,8.446192087702574
Glass,0.3985,,0,0.28503336510962823,0.39849999999999997,6,0.0015006273525721,4.804,1.034975241396385,6.113466634890372
Glass,0.2865,,0,0.2049571020019066,0.28650000000000003,6,0.001500872600349,5.14,0.9394763988746483,6.0815428979980934
Glass,0.857,,1,0.6127264061010487,0.857,6,0.0015,4.429,1.2024249314518825,7.244273593898951
Glass,0.518,,1,0.37035271687321264,0.518,6,0.0015,5.446,1.1013011755168218,7.147647283126787
Glass,0.3,,1,0.21448999046711156,0.3,6,0.0015,6.1,0.9539254319490753,7.0855100095328885
Metal,0.888,,1,0.7619161105815062,0.8880000000000001,5,0.0018001126126126,2.803,1.0302626776530444,6.126083889418494
Paper,0.8405,,0,0.3605815061963775,0.8404999999999999,9,0.0009000594883997,7.487,1.8248670185242677,9.479918493803623
Metal,0.1205,,1,0.1034318398474738,0.12050000000000001,5,0.0018008298755186,5.566,0.5923359887535145,6.017068160152526
Ceramic,0.1145,,1,0.0655386081982841,0.1145,5,0.0012008733624454,5.725,0.6916815433342931,6.048961391801716
Glass,0.175,,1,0.12511916110581509,0.175,6,0.0015,6.475,0.777366080880796,7.049880838894185
Bioplastic,0.1365,,1,0.04551954242135368,0.1365,7,0.0006996336996336,7.809,0.9380183426138226,8.090980457578647
Plastic,0.6635,,1,0.6642040038131554,0.6635,2,0.0021002260738507,0.213,0.8682236636936319,2.9992959961868446
Bioplastic,0.422,,0,0.14084842707340325,0.422,7,0.0007002369668246,6.409,1.7521393231743516,7.281151572926596
Metal,0.1165,,0,0.09985700667302193,0.1165,5,0.0017982832618025,4.581,0.5829167660386358,5.016642993326978
Bioplastic,0.528,,1,0.1761201143946616,0.528,7,0.0006998106060606,7.261,1.9122112894873122,8.351879885605339
Paper,0.843,,1,0.361534795042898,0.843,9,0.0008997627520759,8.483,1.8265145099659197,10.481465204957102
Bioplastic,0.181,,1,0.06029551954242136,0.181,7,0.0006988950276243,7.747,1.1291644365150164,8.12070448045758
Ceramic,0.2585,,1,0.14775977121067685,0.2585,5,0.0011992263056092,5.38,1.0433493651404386,6.110740228789323
Metal,0.5385,,1,0.4621067683508103,0.5385,5,0.0018003714020427,4.061,0.9580030526583566,6.07639323164919
Paper,0.3545,,0,0.1520495710200191,0.3545,9,0.0008998589562764,8.362,1.4064693645990918,9.202450428979981
Paper,0.642,,1,0.27550047664442323,0.642,9,0.0009003115264797,8.844,1.70971820258949,10.366499523355577
Glass,0.876,,1,0.6263107721639658,0.876,6,0.0015,4.372,1.2060952880955504,7.2496892278360345
Ceramic,0.198,,1,0.11320305052430887,0.198,5,0.0011994949494949,5.525,0.9286921529175051,6.084796949475692
Bioplastic,0.6595,,0,0.2199714013346044,0.6595,7,0.0006997725549658,6.077,2.0611217041561147,7.439528598665395
Glass,0.636,,1,0.4547187797902765,0.636,6,0.0015,5.0920000000000005,1.146526894655439,7.181281220209724
Bioplastic,0.3835,,1,0.12797902764537655,0.3835,7,0.0007001303780964,7.463,1.6821722768137153,8.255520972354622
Ceramic,0.2685,,1,0.1534795042897998,0.2685,5,0.0011992551210428,5.356,1.0592572395637458,6.1150204957102
Bioplastic,0.3315,,1,0.11058150619637752,0.3315,7,0.0006998491704374,7.536,1.5742123132639203,8.220918493803623
Glass,0.6055,,0,0.4330314585319352,0.6054999999999999,6,0.0015004128819157,4.183,1.1359554681212551,6.172468541468065
Metal,0.334,,1,0.286463298379409,0.33399999999999996,5,0.0017994011976047,4.798,0.8642476566354217,6.047536701620591
Glass,0.535,,0,0.3825071496663489,0.5349999999999999,6,0.0015,4.395,1.1087918601205176,6.152492850333651
Bioplastic,0.778,,1,0.25953288846520495,0.778,7,0.0006998714652956,6.911,2.163918865173008,8.518467111534795
Plastic,0.287,,0,0.2871782650142994,0.28700000000000003,2,0.0020993031358885,0.7949999999999999,0.7412606179982765,1.9998217349857006
Ceramic,0.4645,,1,0.26572926596758817,0.46449999999999997,5,0.0012002152852529,4.885,1.270065163560537,6.198770734032412
Paper,0.7305,,1,0.31339370829361296,0.7304999999999999,9,0.0009000684462696,8.685,1.767080594949844,10.417106291706386
Metal,0.6855,,0,0.5881792183031459,0.6855,5,0.0018001458789204,2.532,0.996106801496052,5.097320781696855
Bioplastic,0.8925,,1,0.2979027645376549,0.8925000000000001,7,0.0007002801120448,6.75,2.243010301868711,8.594597235462345
Paper,0.174,,1,0.0745948522402288,0.174,9,0.0008994252873563,9.687,0.9965929565929564,10.099405147759771
Metal,0.7915,,1,0.6789799809342232,0.7915,5,0.0017997473152242,3.151,1.0160723245426175,6.1125200190657765
Plastic,0.417,,1,0.417302192564347,0.417,2,0.002099520383693,1.249,0.8061052243619277,2.999697807435653
Bioplastic,0.387,,1,0.12917063870352719,0.387,7,0.0007002583979328,7.458,1.688698003327787,8.257829361296473
Bioplastic,0.2875,,1,0.09604385128693996,0.2875,7,0.0007008695652173,7.596999999999999,1.4665086311694624,8.19145614871306
Glass,0.797,,1,0.5698284080076264,0.7969999999999999,6,0.0015,4.609,1.1898569700419839,7.227171591992374
Plastic,0.5705,,1,0.5710200190657769,0.5705,2,0.002099912357581,0.6040000000000001,0.8501981815598807,2.999479980934223
Plastic,0.4925,,0,0.4928503336510963,0.4925,2,0.0020994923857868,-0.068,0.8307324328670204,1.9996496663489038
Glass,0.303,,1,0.21663489037178268,0.303,6,0.0015,6.091,0.9569381303627876,7.086365109628217
Metal,0.596,,0,0.511439466158246,0.596,5,0.0018003355704697,2.854,0.9747489865918303,5.0845605338417545
Glass,0.722,,0,0.5162059103908484,0.722,6,0.0015,3.834,1.1716862623762376,6.205794089609151
Glass,0.8625,,1,0.6165395614871307,0.8625,6,0.0014997101449275,4.413,1.2037018559169825,7.245960438512869
Plastic,0.0955,,0,0.09556720686367971,0.0955,2,0.0020994764397905,1.599,0.4883231781623202,1.9999327931363202
Glass,0.908,,0,0.6491897044804577,0.908,6,0.0015,3.276,1.2119760783814735,6.258810295519543
Ceramic,0.595,,1,0.340324118207817,0.595,5,0.0012,4.572,1.3512773327560075,6.254675881792183
Bioplastic,0.9185,,1,0.3064823641563394,0.9185000000000001,7,0.0007000544365813,6.714,2.2596306285178236,8.61201763584366
Metal,0.258,,1,0.22140133460438516,0.258,5,0.0018003875968992,5.071,0.8027346878244105,6.036598665395615
Ceramic,0.869,,1,0.4971401334604385,0.869,5,0.0012002301495972,3.914,1.4552697956577267,6.371859866539562
Ceramic,0.1635,,1,0.09342230695900859,0.1635,5,0.0011987767584097,5.608,0.8453006407097092,6.070077693040991
Bioplastic,0.4315,,1,0.14394661582459486,0.43150000000000005,7,0.0006998841251448,7.396,1.768829620945682,8.287553384175405
Plastic,0.503,,1,0.5035748331744518,0.503,2,0.0021003976143141,0.887,0.833368080233752,2.9994251668255485
Bioplastic,0.3735,,1,0.12464251668255483,0.3735,7,0.0007001338688085,7.477,1.6626416295353277,8.248857483317446
Paper,0.8865,,1,0.3803622497616778,0.8865000000000001,9,0.0009001692047377,8.404,1.8454822385393925,10.506137750238322
Ceramic,0.6265,,1,0.3584366062917064,0.6265,5,0.0012003192338387,4.496,1.3666011644832603,6.268063393708293
Bioplastic,0.1115,,0,0.037178265014299335,0.1115,7,0.0006995515695067,6.844,0.812810979847116,7.074321734985701
Bioplastic,0.553,,1,0.18446139180171595,0.553,7,0.0006998191681735,7.226,1.944024798927614,8.368538608198286
Ceramic,0.952,,1,0.5445662535748332,0.952,5,0.0012001050420168,3.715,1.476962212526806,6.407433746425166
Metal,0.912,,0,0.7824118207816969,0.9119999999999999,5,0.0017998903508771,1.717,1.0335310322476097,5.129588179218303
Bioplastic,0.181,,1,0.06029551954242136,0.181,7,0.0006988950276243,7.747,1.1291644365150164,8.12070448045758
Bioplastic,0.4095,,1,0.136558627264061,0.4095,7,0.0006996336996336,7.427,1.7310719322990125,8.27294137273594
Ceramic,0.2365,,1,0.13536701620591038,0.23650000000000002,5,0.0012008456659619,5.432,1.0048136897529365,6.10113298379409
Bioplastic,0.707,,1,0.2359389895138227,0.7070000000000001,7,0.0007001414427157,7.01,2.104548808172531,8.471061010486178
Metal,0.6325,,1,0.5426596758817922,0.6325000000000001,5,0.0018,3.723,0.9841912037380406,6.089840324118208
Ceramic,0.056,,1,0.03193517635843661,0.05600000000000001,5,0.0011964285714285,5.866,0.4244508670520232,6.024064823641563
Plastic,0.639,,1,0.6396568160152527,0.639,2,0.0021001564945226,0.3159999999999998,0.863914164196417,2.9993431839847475
Plastic,0.3225,,0,0.32292659675881796,0.3225,2,0.0021007751937984,0.645,0.7625436718133664,1.9995734032411818
Bioplastic,0.6035,,1,0.20138226882745472,0.6035,7,0.0007000828500414,7.155,2.002440297327218,8.402117731172545
Bioplastic,0.975,,1,0.32530981887511917,0.975,7,0.0007,6.635,2.292446486607643,8.64969018112488
Metal,0.6435,,1,0.5521925643469973,0.6435,5,0.0018003108003108,3.683,0.9866717825038367,6.091307435653002
Paper,0.761,,0,0.3265014299332698,0.761,9,0.0009001314060446,7.63,1.7842847563701385,9.43449857006673
Ceramic,0.9455,,1,0.5407530981887513,0.9455,5,0.001199894235854,3.731,1.4756073793052145,6.404746901811249
Metal,0.3985,,1,0.34199237368922786,0.39849999999999997,5,0.0018005018820577,4.565,0.9015992666882345,6.056507626310772
Bioplastic,0.605,,1,0.20185891325071498,0.605,7,0.0007,7.1530000000000005,2.0042475919785248,8.403141086749285
Plastic,0.0855,,1,0.0855576739752145,0.08549999999999999,2,0.0020994152046783,2.641,0.46077318263549955,2.9999423260247857
Metal,0.216,,1,0.18541468064823644,0.21600000000000003,5,0.0018009259259259,5.222,0.7567935871743487,6.030585319351764
Glass,0.581,,0,0.41539561487130605,0.581,6,0.0015,4.257,1.1272893739017849,6.1656043851286935
Bioplastic,0.4625,,1,0.15419447092469019,0.4625,7,0.0006994594594594,7.353,1.8194730920682545,8.30830552907531
Bioplastic,0.889,,1,0.29671115347950433,0.889,7,0.0007002249718785,6.755,2.240925147182506,8.592288846520495
Bioplastic,0.6155,,0,0.20543374642516685,0.6155,7,0.0007002437043054,6.138,2.0151669787765294,7.410066253574833
Glass,0.5875,,1,0.4199237368922784,0.5875,6,0.0014995744680851,5.238,1.1299734140080673,7.167576263107722
Plastic,0.77,,0,0.7707340324118208,0.77,2,0.0021,-1.234,0.8843113641340048,1.9992659675881792
Glass,0.1335,,1,0.09556720686367971,0.1335,6,0.001501872659176,6.599,0.6826297830855471,7.03793279313632
Ceramic,0.1915,,1,0.10962821734985702,0.1915,5,0.0012010443864229,5.54,0.9135220554797634,6.0818717826501425
Glass,0.925,,1,0.6613441372735939,0.925,6,0.0015,4.225,1.2149564890753148,7.263655862726406
Glass,0.265,,0,0.18946615824594853,0.265,6,0.0015,5.205,0.9154783467808331,6.075533841754051
Ceramic,0.115,,1,0.06577693040991421,0.11499999999999999,5,0.0012,5.724,0.6937032777458308,6.049223069590086
Metal,0.353,,1,0.3029075309818875,0.353,5,0.0018002832861189,4.729,0.8761315509286645,6.050092469018113
Glass,0.148,,1,0.10581506196377503,0.148,6,0.0015,6.556,0.7190921723019916,7.0421849380362245
Glass,0.546,,1,0.390371782650143,0.546,6,0.0014999999999999,5.362,1.113440902021773,7.155628217349857
Ceramic,0.2415,,1,0.13822688274547187,0.2415,5,0.0012008281573498,5.42,1.0137394957983192,6.1032731172545285
Glass,0.8905,,1,0.636558627264061,0.8905,6,0.0014997192588433,4.329000000000001,1.2090008412605966,7.253941372735939
Paper,0.6375,,1,0.2733555767397522,0.6375,9,0.0008996078431372,8.853,1.7074875526618152,10.364144423260248
Metal,0.272,,1,0.23331744518589134,0.272,5,0.0017996323529411,5.021,0.816038896038896,6.038682554814109
Bioplastic,0.935,,1,0.3119637750238322,0.9349999999999999,7,0.0007,6.691,2.2696170311234525,8.623036224976167
Glass,0.109,,1,0.07793136320305054,0.10900000000000001,6,0.0015,6.673,0.6125957674792393,7.03106863679695
Paper,0.678,,1,0.2907530981887512,0.678,9,0.0008997050147492,8.78,1.7351110026835812,10.387246901811249
Bioplastic,0.8165,,1,0.2724022878932317,0.8164999999999999,7,0.0006999387630128,6.857,2.192521438627927,8.544097712106767
Metal,0.8975,,1,0.7700190657769305,0.8975,5,0.0018,2.769,1.031586588505999,6.12748093422307
Ceramic,0.669,,0,0.3827454718779791,0.669,5,0.0012002989536621,3.394,1.3858234597156396,5.286254528122021
Metal,0.893,,0,0.7662059103908484,0.893,5,0.0018001119820828,1.785,1.030932702360645,5.1267940896091515
Paper,0.9145,,1,0.392278360343184,0.9145,9,0.0008999453253143,8.354,1.8576888071262587,10.522221639656816
Ceramic,0.816,,0,0.4666348903717827,0.8160000000000001,5,0.0011997549019607,3.042,1.4400807537012112,5.349365109628217
Ceramic,0.075,,1,0.04289799809342231,0.075,5,0.0012,5.82,0.5248498999332888,6.032102001906578
Ceramic,0.552,,1,0.3157769304099142,0.5519999999999999,5,0.0012001811594202,4.675,1.3276349879628564,6.2362230695900855
Paper,0.1,,0,0.04289799809342231,0.1,9,0.0009,8.82,0.6997998665777184,9.057102001906577
Ceramic,0.0675,,1,0.03860819828408008,0.0675,5,0.0012,5.838,0.48698418156808804,6.02889180171592
Plastic,0.8475,,1,0.8481887511916112,0.8474999999999999,2,0.0020997050147492,-0.5590000000000002,0.8938093801839841,2.999311248808389
Bioplastic,0.9285,,1,0.3098188751191611,0.9285,7,0.0007000538502961,6.7,2.2656350314026517,8.618681124880839
Paper,0.431,,1,0.18493803622497618,0.43099999999999994,9,0.0009002320185614,9.224,1.5126095684175307,10.246061963775023
Metal,0.805,,1,0.6906577693040992,0.805,5,0.0018,3.102,1.018139619001688,6.1143422306959
Metal,0.362,,1,0.31053384175405147,0.362,5,0.001799723756906,4.697,0.8817787066062928,6.051466158245948
Paper,0.29,,0,0.1244041944709247,0.29,9,0.0009,8.478,1.2923109600679694,9.165595805529074
Metal,0.9025,,1,0.7743088655862728,0.9025000000000001,5,0.0018,2.751,1.0322439077577277,6.128191134413727
Ceramic,0.4785,,1,0.27359389895138225,0.47850000000000004,5,0.0011995820271682,4.852,1.2808025006379178,6.204906101048618
Paper,0.778,,0,0.3336510962821735,0.778,9,0.0008997429305912,7.6,1.7940690261595957,9.444348903717827
Metal,0.1135,,0,0.09747378455672069,0.1135,5,0.0018017621145374,4.591,0.5747598358677286,5.016026215443279
Glass,0.9775,,0,0.6989990467111535,0.9775,6,0.0015002557544757,3.067,1.223405714967488,6.278500953288846
Bioplastic,0.3415,,0,0.11391801715919923,0.3415,7,0.0006998535871156,6.522,1.5964059714795011,7.227581982840801
Ceramic,0.125,,1,0.07149666348903717,0.125,5,0.0012,5.7,0.7288771539744302,6.053503336510963
Plastic,0.45,,1,0.45042897998093423,0.45,2,0.0021,1.11,0.8175441634915137,2.999571020019066
Plastic,0.33,,1,0.33031458531935176,0.32999999999999996,2,0.0021,1.614,0.7668808152414709,2.9996854146806484
Metal,0.1175,,1,0.10081029551954243,0.11750000000000001,5,0.0018,5.577,0.5851293615001186,6.0166897044804575
Glass,0.6315,,1,0.45162059103908486,0.6315000000000001,6,0.0015003958828186,5.105,1.1448086062386589,7.1798794089609155
Plastic,0.378,,1,0.37845567206863684,0.378,2,0.0021005291005291,1.412,0.7900418410041841,2.999544327931363
Paper,0.567,,1,0.24332697807435652,0.567,9,0.000900352733686,8.979,1.6514868804664722,10.323673021925643
Plastic,0.9135,,1,0.9144423260247856,0.9135,2,0.0021001642036124,-0.8370000000000002,0.9004947610769157,2.9990576739752144
Paper,0.4355,,1,0.18684461391801718,0.43550000000000005,9,0.0009001148105625,9.216,1.5182436025257562,10.248655386081982
Ceramic,0.8785,,1,0.5023832221163013,0.8785000000000001,5,0.0011997723392145,3.892,1.4583739515746164,6.3761167778836985
Plastic,0.102,,1,0.10200190657769305,0.10200000000000001,2,0.0020980392156862,2.572,0.5049457291175082,2.999998093422307
Plastic,0.7985,,1,0.7993326978074358,0.7985,2,0.0021001878522229,-0.3540000000000001,0.887880538477846,2.999167302192564
Paper,0.061,,1,0.026215443279313633,0.061,9,0.0009016393442622,9.89,0.4833006042296072,10.034784556720686
Ceramic,0.8175,,0,0.46758817921830315,0.8175000000000001,5,0.0012,3.0380000000000003,1.4403048370843132,5.3499118207816965
Ceramic,0.138,,1,0.07888465204957103,0.13799999999999998,5,0.0011992753623188,5.669,0.7714468425259791,6.059115347950429
Bioplastic,0.3605,,0,0.1203527168732126,0.3605,7,0.0007004160887656,6.495,1.636013411204845,7.240147283126787
Bioplastic,0.939,,1,0.31339370829361296,0.9390000000000001,7,0.0007002129925452,6.6850000000000005,2.271442407471463,8.625606291706386
Ceramic,0.184,,0,0.10533841754051479,0.184,5,0.0012010869565217,4.558,0.8960817084493964,5.078661582459485
Metal,0.742,,1,0.636558627264061,0.742,5,0.0017998652291105,3.329,1.0073875622856403,6.105441372735939
Bioplastic,0.9875,,1,0.3295996186844614,0.9875,7,0.0007002531645569,6.617,2.298651947187396,8.657900381315539
Plastic,0.4685,,1,0.4690181124880839,0.46849999999999997,2,0.0021003201707577,1.032,0.8233481320154129,2.9994818875119162
Plastic,0.666,,0,0.6665872259294567,0.666,2,0.0020998498498498,-0.7970000000000002,0.8687856743144935,1.9994127740705432
Bioplastic,0.068,,1,0.022640610104861774,0.068,7,0.0006985294117647,7.905,0.5544656043528955,8.045359389895138
Ceramic,0.8465,,1,0.48427073403241183,0.8465,5,0.0012002362669816,3.968,1.4488146516560614,6.362229265967588
Ceramic,0.6665,,0,0.38131553860819833,0.6665,5,0.0012003000750187,3.4,1.3847464844523667,5.285184461391802
Metal,0.9365,,1,0.8033841754051478,0.9365,5,0.0017997864388681,2.629,1.0366575212367435,6.133115824594852
Ceramic,0.9905,,1,0.5664918970448045,0.9904999999999999,5,0.0011998990408884,3.623,1.4861395980833871,6.424008102955195
Paper,0.769,,1,0.32983794089609153,0.769,9,0.0008998699609882,8.616,1.7890463517409625,10.439162059103909
Plastic,0.1895,,1,0.18970448045757868,0.1895,2,0.0021002638522427,2.204,0.6541148404080289,2.9997955195424213
Metal,0.073,,1,0.0626787416587226,0.073,5,0.0018013698630136,5.737,0.44873718136536767,6.0103212583412775
Bioplastic,0.7415,,1,0.24737845567206865,0.7415,7,0.0006999325691166,6.962,2.134559549945115,8.494121544327932
Paper,0.183,,1,0.07840800762631078,0.183,9,0.0008989071038251,9.671,1.0257387122628907,10.104591992373688
Metal,0.2775,,1,0.23808388941849382,0.27749999999999997,5,0.0018,5.001,0.8208021993514731,6.039416110581506
Metal,0.2135,,1,0.1832697807435653,0.21349999999999997,5,0.0018009367681498,5.231,0.7536984687868078,6.030230219256435
Plastic,0.3485,,0,0.3489037178265014,0.3485,2,0.0021004304160688,0.536,0.7763357400722022,1.9995962821734987
Metal,0.4595,,1,0.394184938036225,0.45949999999999996,5,0.0017997823721436,4.346,0.9298138503086418,6.0653150619637755
Metal,0.786,,1,0.6744518589132508,0.786,5,0.0018002544529262,3.17,1.0149113737075333,6.1115481410867485
Paper,0.0965,,1,0.041468064823641564,0.0965,9,0.000901554404145,9.826,0.6821327493261455,10.055031935176359
Ceramic,0.5705,,0,0.3262631077216397,0.5705,5,0.0011998247151621,3.631,1.3383752655708374,5.24423689227836
Bioplastic,0.5925,,0,0.19780743565300285,0.5925,7,0.0007004219409282,6.17,1.9895406530089632,7.394692564346998
Metal,0.661,,1,0.567206863679695,0.661,5,0.0018003025718608,3.62,0.9906972424632091,6.093793136320304
Metal,0.3865,,1,0.3315061963775024,0.3865,5,0.0017994825355756,4.609,0.8956997680326962,6.054993803622497
Plastic,0.6355,,0,0.6360819828408009,0.6355000000000001,2,0.0020999213217938,-0.669,0.8633549180858642,1.999418017159199
Paper,0.462,,1,0.1982840800762631,0.462,9,0.0009004329004329,9.168,1.5488590604026846,10.263715919923737
Ceramic,0.695,,0,0.39752144899904673,0.6950000000000001,5,0.0012,3.332,1.3969246982180497,5.297478551000953
Plastic,0.41,,1,0.4103908484270734,0.41,2,0.0021,1.278,0.8033059394844976,2.9996091515729266
Glass,0.758,,1,0.5419447092469019,0.758,6,0.0015,4.726,1.1807870507870508,7.216055290753098
Bioplastic,0.762,,1,0.25428979980934224,0.762,7,0.0007001312335958,6.933,2.1507816494013183,8.507710200190658
Plastic,0.167,,0,0.1670638703527169,0.16699999999999998,2,0.0020988023952095,1.299,0.6253185793325003,1.9999361296472828
Bioplastic,0.192,,0,0.06410867492850335,0.192,7,0.0007005208333333,6.731,1.1699564333430148,7.127891325071497
Plastic,0.2665,,1,0.2666825548141087,0.2665,2,0.0020994371482176,1.881,0.7267866891979722,2.9998174451858914
Ceramic,0.692,,0,0.39585319351763587,0.692,5,0.0012001445086705,3.339,1.3955743535518597,5.296146806482365
Metal,0.8705,,0,0.7469018112488084,0.8705,5,0.0018001148765077,1.866,1.0278641377757767,5.123598188751192
Plastic,0.431,,1,0.43136320305052434,0.43099999999999994,2,0.0020997679814385,1.19,0.8111212773591674,2.999636796949476
Plastic,0.909,,1,0.9099142040038132,0.909,2,0.0021001100110011,-0.8180000000000001,0.9000764583726638,2.9990857959961867
Glass,0.1125,,1,0.0805529075309819,0.1125,6,0.0015022222222222,6.662,0.62308606124604,7.031947092469018
Glass,0.7165,,1,0.5123927550047664,0.7165,6,0.0015003489183531,4.85,1.1700007783312578,7.2041072449952335
Ceramic,0.663,,1,0.3791706387035272,0.663,5,0.0011998491704374,4.409,1.383640704267383,6.283829361296473
Glass,0.603,,1,0.4311248808388942,0.603,6,0.0015,5.191,1.1353262137664901,7.171875119161106
Metal,0.9345,,1,0.8017159199237369,0.9345000000000001,5,0.0017998929909042,2.636,1.0363574373612434,6.132784080076263
Plastic,0.571,,1,0.5714966634890373,0.571,2,0.0020998248686514,0.6019999999999999,0.8503392958546279,2.9995033365109625
Metal,0.2095,,1,0.17969494756911344,0.20950000000000002,5,0.001799522673031,5.246,0.7490303340149966,6.029805052430887
Metal,0.393,,0,0.3372259294566254,0.393,5,0.0018002544529262,3.585,0.898848795377739,5.055774070543374
Paper,0.7105,,1,0.30481410867492853,0.7105,9,0.0009000703729767,8.721,1.7551265748263276,10.40568589132507
Ceramic,0.442,,1,0.2528598665395615,0.442,5,0.0012002262443438,4.939,1.2526219100364717,6.189140133460438
Plastic,0.848,,1,0.8489037178265014,0.8480000000000001,2,0.0021002358490566,-0.5619999999999998,0.8936628491058872,2.9990962821734986
Metal,0.0995,,1,0.08531935176358436,0.0995,5,0.0017989949748743,5.642,0.5369110082304527,6.014180648236415
Bioplastic,0.386,,0,0.12869399428026693,0.386,7,0.0006994818652849,6.46,1.6878449353897458,7.257306005719733
Metal,0.787,,1,0.6751668255481412,0.787,5,0.0017998729351969,3.167,1.015265326200578,6.111833174451859
Paper,0.0645,,1,0.02764537654909438,0.0645,9,0.0008992248062015,9.884,0.5053061986557132,10.036854623450907
Ceramic,0.726,,1,0.4151572926596759,0.726,5,0.0011997245179063,4.258,1.4092783123612138,6.310842707340324
Plastic,0.275,,1,0.27526215443279317,0.275,2,0.0021,1.845,0.7328210339133747,2.9997378455672066
Metal,0.155,,0,0.13298379408960917,0.155,5,0.0018,4.442,0.6652823240589197,5.022016205910391
Bioplastic,0.696,,1,0.2321258341277407,0.696,7,0.0006997126436781,7.026,2.0955912743972442,8.463874165872259
Bioplastic,0.895,,1,0.29861773117254525,0.8949999999999999,7,0.0007,6.747,2.245258878392921,8.596382268827455
Glass,0.5815,,0,0.41563393708293617,0.5815,6,0.001499570077386,4.256,1.127738029210575,6.165866062917064
Ceramic,0.9725,,0,0.5562440419447093,0.9724999999999999,5,0.0012,2.666,1.481918216153399,5.416255958055291
Bioplastic,0.7205,,1,0.24046711153479502,0.7205,7,0.0007002081887578,6.991,2.1162102757944843,8.480032888465207
Metal,0.9165,,1,0.7862249761677789,0.9164999999999999,5,0.0017997817785051,2.701,1.0341617813155488,6.130275023832221
Paper,0.171,,1,0.07340324118207818,0.17099999999999999,9,0.0009005847953216,9.692,0.9861407366684991,10.097596758817922
Glass,0.5285,,1,0.37774070543374644,0.5285,6,0.0014995269631031,5.415,1.1062486281552428,7.150759294566254
Ceramic,0.8225,,1,0.47044804575786464,0.8225,5,0.0012,4.026,1.4418490975935827,6.352051954242135
Paper,0.6745,,1,0.2893231649189705,0.6745,9,0.0008999258710155,8.786,1.7324938785504407,10.38517683508103
Glass,0.132,,1,0.09437559580552908,0.132,6,0.0015,6.604,0.6790975968612064,7.037624404194471
Metal,0.243,,1,0.20853193517635846,0.24300000000000002,5,0.0018004115226337,5.125,0.787600803336938,6.034468064823642
Glass,0.2965,,1,0.21186844613918018,0.2965,6,0.0014991568296795,6.111,0.9507213816292219,7.08463155386082
Paper,0.3065,,1,0.13155386081982842,0.3065,9,0.000900489396411,9.448,1.3236661177439275,10.174946139180172
Plastic,0.908,,1,0.9089609151572927,0.908,2,0.0021002202643171,-0.8140000000000001,0.8999357520786092,2.9990390848427073
Plastic,0.65,,1,0.6506196377502383,0.65,2,0.0021,0.27,0.8659512319024638,2.9993803622497617
Glass,0.4845,,1,0.3465204957102002,0.4845,6,0.001500515995872,5.546,1.0850565755764303,7.1379795042898
Plastic,0.0585,,1,0.05862726406101049,0.058499999999999996,2,0.0021025641025641,2.754,0.3687890625,2.9998727359389896
Glass,0.75,,1,0.5362249761677789,0.75,6,0.0015,4.75,1.1788282888822295,7.213775023832222
Glass,0.447,,1,0.3195900857959962,0.44699999999999995,6,0.0015,5.659,1.0653254572304893,7.127409914204004
Glass,0.979,,1,0.699952335557674,0.9789999999999999,6,0.0014999999999999,4.063000000000001,1.2238229160459988,7.279047664442326
Paper,0.0975,,0,0.041706387035271686,0.0975,9,0.0008974358974358,8.825,0.6880423814328961,9.05579361296473
Paper,0.2655,,1,0.11391801715919923,0.26549999999999996,9,0.0009001883239171,9.522,1.2411296791443849,10.151581982840801
Bioplastic,0.265,,1,0.08841754051477599,0.265,7,0.0007,7.629,1.406450796863142,8.176582459485225
Paper,0.3445,,1,0.14775977121067685,0.3445,9,0.000899854862119,9.38,1.3904597922277797,10.196740228789324
Metal,0.501,,1,0.4299332697807436,0.501,5,0.0018003992015968,4.196,0.9454020507285482,6.071066730219257
Plastic,0.907,,1,0.9077693040991421,0.907,2,0.0020997794928335,-0.8090000000000002,0.9000075675164355,2.9992306959008577
Glass,0.401,,1,0.2867016205910391,0.40099999999999997,6,0.0015,5.797,1.036975224947615,7.114298379408961
Paper,0.6555,,0,0.2812202097235462,0.6555,9,0.0009000762776506,7.82,1.7194786196549139,9.374279790276454
Paper,0.229,,1,0.09818875119161107,0.229,9,0.0008995633187772,9.588,1.1554641654641655,10.130811248808389
Plastic,0.2325,,0,0.23284080076263108,0.2325,2,0.0021010752688172,1.023,0.698532149505943,1.999659199237369
Metal,0.108,,1,0.09270734032411822,0.10800000000000001,5,0.0018009259259259,5.611,0.560435320306703,6.015292659675882
Bioplastic,0.158,,0,0.052669208770257395,0.158,7,0.0006993670886075,6.779,1.0349172650640024,7.1053307912297425
Paper,0.199,,1,0.08531935176358436,0.199,9,0.0008994974874371,9.642,1.0738220164609054,10.113680648236416
Ceramic,0.817,,0,0.4673498570066731,0.817,5,0.0012001223990208,3.039,1.4400285642275055,5.349650142993327
Glass,0.7145,,1,0.5107244995233555,0.7144999999999999,6,0.0014996501049685,4.857,1.1699219542651995,7.203775500476644
Metal,0.1505,,1,0.12917063870352719,0.1505,5,0.0018006644518272,5.458,0.6567158901830282,6.021329361296473
Ceramic,0.3075,,1,0.17588179218303146,0.3075,5,0.0012,5.2620000000000005,1.1146078092605392,6.1316182078169685
Plastic,0.4985,,0,0.4990467111534795,0.49850000000000005,2,0.0021003009027081,-0.0939999999999998,0.8321554742202419,1.9994532888465204
Glass,0.7465,,1,0.5338417540514777,0.7464999999999999,6,0.0015003348961821,4.76,1.1777387577079257,7.212658245948522
Plastic,0.153,,1,0.1532411820781697,0.153,2,0.0021013071895424,2.357,0.6041671372106154,2.99975881792183
Ceramic,0.66,,1,0.3775023832221163,0.6599999999999999,5,0.0012,4.416,1.3821920543022557,6.282497616777884
Paper,0.638,,1,0.27359389895138225,0.638,9,0.0008996865203761,8.852,1.7077366675172236,10.364406101048617
Bioplastic,0.6455,,1,0.21544327931363205,0.6455,7,0.0007002323780015,7.096,2.0463266847990327,8.430056720686368
Paper,0.7005,,1,0.3005243088655863,0.7005,9,0.0009000713775874,8.739,1.7489575151731522,10.399975691134413
Glass,0.949,,1,0.6785033365109628,0.9490000000000001,6,0.0015,4.1530000000000005,1.219005693993755,7.270496663489037
Metal,0.393,,1,0.3372259294566254,0.393,5,0.0018002544529262,4.585,0.898848795377739,6.055774070543374
Bioplastic,0.9185,,1,0.3064823641563394,0.9185000000000001,7,0.0007000544365813,6.714,2.2596306285178236,8.61201763584366
Plastic,0.8055,,0,0.8062440419447093,0.8055,2,0.0020999379267535,-1.383,0.8888334297585861,1.9992559580552904
Bioplastic,0.5085,,1,0.16968541468064824,0.5085,7,0.0007000983284169,7.288,1.8855302226935313,8.338814585319351
Metal,0.5235,,1,0.44923736892278365,0.5235000000000001,5,0.001800382043935,4.115,0.9531398073418381,6.074262631077216
Plastic,0.444,,0,0.4444709246901811,0.44400000000000006,2,0.0021002252252252,0.135,0.8154705418891711,1.9995290753098187
Paper,0.486,,1,0.20853193517635846,0.48600000000000004,9,0.0009002057613168,9.125,1.575201606673876,10.277468064823642
Paper,0.787,,1,0.3377025738798856,0.787,9,0.000900254129606,8.583,1.798024610693673,10.449297426120115
Ceramic,0.72,,1,0.41182078169685415,0.72,5,0.0012,4.272,1.4067424101322406,6.308179218303145
Plastic,0.2075,,1,0.20781696854146808,0.20750000000000002,2,0.0021012048192771,2.128,0.6741018891297614,2.999683031458532
Glass,0.4285,,1,0.3064823641563394,0.4285,6,0.0015005834305717,5.714,1.054166275797373,7.12201763584366
Plastic,0.936,,1,0.9368446139180172,0.9359999999999999,2,0.0020998931623931,-0.931,0.902738932561026,2.999155386081983
Paper,0.4515,,1,0.19375595805529075,0.45149999999999996,9,0.0009003322259136,9.187,1.5369901022229433,10.257744041944708
Plastic,0.226,,1,0.2261677788369876,0.22599999999999998,2,0.0020995575221238,2.051,0.6928949291246529,2.9998322211630124
Metal,0.9745,,1,0.8360343183984748,0.9744999999999999,5,0.0017998973832734,2.492,1.0410943069559018,6.1384656816015255
Plastic,0.5045,,1,0.5050047664442326,0.5045,2,0.0021000991080277,0.8809999999999998,0.8338777278815094,2.9994952335557676
Paper,0.8395,,1,0.36010486177311724,0.8394999999999999,9,0.0008999404407385,8.489,1.8245840671293896,10.479395138226883
Plastic,0.101,,0,0.10104861773117255,0.101,2,0.00209900990099,1.576,0.5023660502607871,1.9999513822688275
Plastic,0.5605,,0,0.5610104861773118,0.5605,2,0.0020999107939339,-0.3540000000000001,0.8479441880588405,1.9994895138226885
Paper,0.463,,1,0.19852240228789322,0.46299999999999997,9,0.0008995680345572,9.167,1.5509723774548938,10.264477597712107
Ceramic,0.64,,1,0.3660629170638704,0.64,5,0.0012,4.464,1.3732051544283084,6.273937082936129
Metal,0.143,,1,0.12273593898951383,0.143,5,0.0018006993006993,5.485,0.6420158356516156,6.020264061010486
Ceramic,0.929,,0,0.5314585319351763,0.9289999999999999,5,0.0012002152852529,2.77,1.471197161835749,5.397541468064824
Glass,0.385,,0,0.27526215443279317,0.385,6,0.0015,4.845,1.0259494474787245,6.1097378455672064
Glass,0.2595,,1,0.18541468064823644,0.2595,6,0.0014990366088631,6.222,0.9092034068136272,7.074085319351764
Plastic,0.183,,1,0.1832697807435653,0.183,2,0.0021010928961748,2.231,0.646027258960121,2.9997302192564343
Plastic,0.0715,,1,0.07149666348903717,0.0715,2,0.002097902097902,2.7,0.416917732073374,3.0000033365109626
Paper,0.7195,,1,0.3086272640610105,0.7195,9,0.0008999305072967,8.705,1.7607733582176603,10.41087273593899
Bioplastic,0.154,,1,0.05147759771210677,0.154,7,0.0007012987012987,7.784,1.0166519823788545,8.102522402287892
Plastic,0.3725,,1,0.37297426120114396,0.3725,2,0.0021006711409395,1.435,0.7875692834828177,2.999525738798856
Ceramic,0.2735,,1,0.1563393708293613,0.27349999999999997,5,0.001199268738574,5.344,1.0669449609520265,6.117160629170639
Ceramic,0.478,,0,0.2733555767397522,0.47800000000000004,5,0.001199790794979,3.853,1.2802808630154474,5.204644423260247
Glass,0.369,,1,0.2638226882745472,0.369,6,0.0015,5.893,1.0142303157343113,7.105177311725453
Bioplastic,0.333,,1,0.11105815061963777,0.333,7,0.0006996996996996,7.534,1.5777642276422763,8.221941849380363
Plastic,0.8765,,1,0.8772640610104863,0.8765000000000001,2,0.0020998288648031,-0.681,0.8968916743891138,2.999235938989514
Metal,0.3575,,1,0.3067206863679695,0.35750000000000004,5,0.0018,4.713,0.878981600843783,6.05077931363203
Glass,0.272,,1,0.19447092469018112,0.272,6,0.0014999999999999,6.184,0.9236905147296861,7.077529075309819
Paper,0.3675,,1,0.15753098188751194,0.3675,9,0.0008993197278911,9.339,1.4270127706829536,10.209969018112488
Paper,0.9615,,1,0.41253574833174456,0.9615,9,0.0009001560062402,8.269,1.875966706965498,10.548964251668256
Metal,0.8645,,1,0.7416587225929457,0.8644999999999999,5,0.0017998843262001,2.888,1.0271384075206704,6.122841277407054
Plastic,0.9865,,1,0.9873689227836034,0.9865,2,0.0020998479472883,-1.1429999999999998,0.9072357866128962,2.9991310772163966
Metal,0.9745,,0,0.8360343183984748,0.9744999999999999,5,0.0017998973832734,1.492,1.0410943069559018,5.1384656816015255
Metal,0.5685,,1,0.48784556720686373,0.5685,5,0.0018003518029903,3.953,0.9670907321819507,6.080654432793136
Bioplastic,0.339,,1,0.11320305052430887,0.339,7,0.0007005899705014,7.525,1.5900335345405767,8.225796949475692
Metal,0.769,,1,0.6596758817921831,0.769,5,0.0017997399219765,3.232,1.0122738110176936,6.109324118207817
Glass,0.0885,,0,0.06339370829361297,0.0885,6,0.001502824858757,5.734,0.5416365227537921,6.025106291706387
Ceramic,0.6065,,1,0.34699714013346045,0.6065,5,0.0012003297609233,4.5440000000000005,1.3568319471102581,6.25950285986654
Paper,0.288,,1,0.12345090562440421,0.288,9,0.0008993055555555,9.482,1.2888737201365186,10.164549094375596
Plastic,0.091,,1,0.09103908484270735,0.091,2,0.002098901098901,2.618,0.47634231536926136,2.999960915157293
Ceramic,0.7385,,1,0.4223069590085796,0.7384999999999999,5,0.0011997291807718,4.228,1.4139195108596458,6.31619304099142
Paper,0.636,,1,0.2728789323164919,0.636,9,0.0009001572327044,8.855,1.7056474498274317,10.363121067683508
Paper,0.832,,1,0.3570066730219257,0.8320000000000001,9,0.0009002403846153,8.502,1.8205423445974136,10.474993326978074
Plastic,0.1795,,1,0.17969494756911344,0.1795,2,0.002100278551532,2.246,0.641770620313565,2.9998050524308866
Plastic,0.745,,0,0.7457102001906578,0.745,2,0.0021,-1.129,0.8809164177422082,1.9992897998093424
Metal,0.693,,1,0.5946139180171592,0.693,5,0.0018001443001443,3.505,0.9976765250806284,6.098386081982841
Paper,0.6625,,1,0.2840800762631077,0.6625,9,0.0008996226415094,8.808,1.7249007197815835,10.378419923736892
Ceramic,0.893,,1,0.5107244995233555,0.893,5,0.0011998880179171,3.857,1.4621977678919849,6.382275500476644
Plastic,0.179,,0,0.1792183031458532,0.179,2,0.0021005586592178,1.248,0.6410754523728234,1.9997816968541466
Ceramic,0.3355,,1,0.1918493803622498,0.3355,5,0.0011997019374068,5.195,1.1495655724318143,6.14365061963775
Paper,0.31,,1,0.13298379408960917,0.31,9,0.0009,9.442,1.3305646481178395,10.177016205910391
Plastic,0.255,,1,0.2552430886558627,0.255,2,0.0021,1.929,0.7178183281899906,2.999756911344137
Paper,0.5095,,1,0.21854146806482366,0.5095,9,0.0008999018645731,9.083,1.599477779440371,10.290958531935175
Paper,0.733,,1,0.3143469971401335,0.733,9,0.0008997271487039,8.681000000000001,1.7690486598412516,10.418653002859868
Glass,0.95,,1,0.6792183031458533,0.95,6,0.0015,4.15,1.2191705407389282,7.270781696854147
Paper,0.8275,,1,0.35510009532888465,0.8275,9,0.0009003021148036,8.51,1.818281315458735,10.472399904671116
Plastic,0.599,,1,0.5996186844613919,0.599,2,0.0021001669449081,0.484,0.8561806785665621,2.999381315538608
Bioplastic,0.999,,1,0.3334127740705434,0.999,7,0.0007002002002002,6.601,2.3049620587264923,8.665587225929455
Bioplastic,0.745,,1,0.24857006673021925,0.745,7,0.0007,6.957,2.137303432243949,8.496429933269782
Metal,0.409,,1,0.35081029551954246,0.409,5,0.0017995110024449,4.5280000000000005,0.9072552336646225,6.058189704480458
Ceramic,0.995,,1,0.569113441372736,0.9949999999999999,5,0.0012,3.612,1.487042313719903,6.425886558627264
Bioplastic,0.054,,1,0.01811248808388942,0.054000000000000006,7,0.0007037037037037,7.924,0.45719128329297826,8.03588751191611
Glass,0.684,,1,0.48903717826501436,0.6839999999999999,6,0.0015,4.948,1.161217025408642,7.194962821734986
Plastic,0.1735,,1,0.17373689227836034,0.17350000000000002,2,0.0021008645533141,2.271,0.6338203029775379,2.99976310772164
Plastic,0.3215,,1,0.32173498570066733,0.3215,2,0.0020995334370139,1.65,0.7623270795660035,2.9997650142993324
Ceramic,0.513,,1,0.2933746425166826,0.513,5,0.0011998050682261,4.769,1.3041003271537621,6.219625357483317
Plastic,0.4225,,1,0.4227836034318399,0.4225,2,0.0020994082840236,1.226,0.8081737782640407,2.99971639656816
Paper,0.992,,1,0.42564346997140134,0.992,9,0.0009002016129032,8.214,1.8872107363075807,10.5663565300286
Metal,0.0795,,0,0.06816015252621545,0.0795,5,0.0017987421383647,4.714,0.4727636054421768,5.011339847473785
Metal,0.4265,,1,0.3658245948522402,0.4265,5,0.0017995310668229,4.465,0.9155806814693542,6.06067540514776
Bioplastic,0.8945,,0,0.2983794089609152,0.8945000000000001,7,0.0006998323085522,5.748,2.2453469729600384,7.596120591039084
Bioplastic,0.9035,,1,0.30147759771210675,0.9035,7,0.0007000553403431,6.735,2.2504368989671137,8.602022402287893
Plastic,0.8065,,1,0.8071973307912298,0.8065,2,0.0020998140111593,-0.387,0.889001733830715,2.99930266920877
Ceramic,0.0945,,1,0.054099142040038135,0.0945,5,0.0012010582010582,5.773,0.6132415712960099,6.040400857959962
Plastic,0.603,,0,0.603670162059104,0.603,2,0.0021003316749585,-0.5329999999999999,0.85693558219874,1.9993298379408957
Plastic,0.364,,1,0.3643946615824595,0.364,2,0.0021002747252747,1.471,0.7838160730781074,2.9996053384175405
Glass,0.499,,1,0.35676835081029556,0.499,6,0.0015,5.503,1.092457476781801,7.142231649189704
Bioplastic,0.757,,1,0.2526215443279314,0.757,7,0.0007001321003963,6.94,2.1467775074344417,8.504378455672068
Plastic,0.8725,,1,0.8732125834127742,0.8724999999999999,2,0.0020997134670487,-0.6640000000000001,0.8965153296111272,2.999287416587226
Ceramic,0.83,,1,0.4747378455672069,0.8300000000000001,5,0.0012,4.008,1.4441366727483829,6.355262154432793
Metal,0.7965,,1,0.6832697807435654,0.7965,5,0.0017997489014438,3.133,1.0168910119880727,6.113230219256435
Ceramic,0.6995,,1,0.4001429933269781,0.6995,5,0.0012001429592566,4.321,1.3986000190603258,6.299357006673023
Plastic,0.804,,0,0.8048141086749285,0.8039999999999999,2,0.0021001243781094,-1.3769999999999998,0.8885803086972553,1.9991858913250713
Paper,0.4885,,1,0.20948522402287895,0.4885,9,0.0008996929375639,9.121,1.578427537347913,10.27901477597712
Metal,0.118,,0,0.10128693994280268,0.118,5,0.0018008474576271,4.575,0.5862278001420791,5.016713060057198
Glass,0.2805,,1,0.20066730219256435,0.2805,6,0.0015008912655971,6.158,0.9329248573240332,7.0798326978074355
Plastic,0.9885,,1,0.9895138226882746,0.9884999999999999,2,0.0021001517450682,-1.152,0.9072854142969637,2.9989861773117257
Bioplastic,0.343,,0,0.11439466158245949,0.343,7,0.0006997084548104,6.52,1.599853268119164,7.22860533841754
Bioplastic,0.1305,,0,0.04361296472831268,0.1305,7,0.0007011494252873,6.817,0.9086923332227015,7.086887035271687
Plastic,0.1375,,1,0.13775023832221162,0.1375,2,0.0021018181818181,2.422,0.5783380112269447,2.9997497616777884
Ceramic,0.5455,,1,0.3119637750238322,0.5455,5,0.0011998166819431,4.691,1.3241455513132014,6.233536224976167
Paper,0.871,,1,0.37368922783603437,0.8710000000000001,9,0.0009001148105625,8.432,1.8387583014691085,10.497310772163965
Ceramic,0.666,,1,0.3808388941849381,0.666,5,0.0011996996996996,4.402,1.3850793021411578,6.285161105815062
Metal,0.3645,,1,0.3126787416587226,0.3645,5,0.0017997256515775,4.688,0.8832536382536381,6.051821258341277
Bioplastic,0.3035,,1,0.10128693994280268,0.3035,7,0.0007001647446457,7.575,1.5077977740942459,8.202213060057197
Glass,0.129,,0,0.09223069590085797,0.129,6,0.0015,5.613,0.6710686833622613,6.036769304099142
Ceramic,0.9035,,1,0.5166825548141087,0.9035,5,0.0011997786386275,3.832,1.465097387540578,6.3868174451858915
Plastic,0.6935,,0,0.694232602478551,0.6935,2,0.00210021629416,-0.9129999999999998,0.873169897377423,1.9992673975214492
Ceramic,0.888,,1,0.507864632983794,0.8880000000000001,5,0.0011998873873873,3.869,1.4608515643378033,6.380135367016206
Plastic,0.2325,,1,0.23284080076263108,0.2325,2,0.0021010752688172,2.023,0.698532149505943,2.9996591992373687
Metal,0.7275,,1,0.6241658722592947,0.7275,5,0.0018,3.381,1.0046040939906535,6.103334127740705
Paper,0.0735,,1,0.031458531935176365,0.0735,9,0.0008979591836734,9.868,0.5591116751269035,10.042041468064824
Glass,0.0985,,1,0.07030505243088656,0.0985,6,0.001497461928934,6.705,0.5783739154771901,7.028194947569113
Metal,0.499,,1,0.4280266920877026,0.499,5,0.0017995991983967,4.204,0.9450279833905036,6.070973307912297
Bioplastic,0.567,,0,0.18922783603431842,0.567,7,0.000700176366843,6.206,1.960392221489782,7.377772163965682
Paper,0.9875,,1,0.42373689227836037,0.9875,9,0.0009002531645569,8.222,1.8854887149617763,10.563763107721641
Plastic,0.643,,1,0.6437082936129648,0.643,2,0.0021003110419906,0.2989999999999999,0.8645862975068896,2.999291706387035
Ceramic,0.1235,,1,0.07054337464251668,0.12350000000000001,5,0.0011983805668016,5.704,0.7241559530463947,6.052956625357483
Paper,0.2795,,0,0.11987607244995234,0.27949999999999997,9,0.0008998211091234,8.497,1.2711706048124864,9.159623927550049
Glass,0.7765,,1,0.5550524308865588,0.7765,6,0.0014996780424983,4.670999999999999,1.1854012952048314,7.221447569113442
Plastic,0.926,,1,0.9268350810295519,0.9259999999999999,2,0.0020998920086393,-0.8889999999999998,0.9018001206888548,2.999164918970448
Bioplastic,0.5115,,0,0.17063870352716873,0.5115000000000001,7,0.0006999022482893,6.284,1.8899735822472703,7.3408612964728315
Bioplastic,0.1375,,1,0.04599618684461392,0.1375,7,0.0007018181818181,7.807,0.9418054195233431,8.091503813155386
Glass,0.295,,1,0.2109151572926597,0.29500000000000004,6,0.0015,6.115,0.9488118963667024,7.08408484270734
Metal,0.561,,1,0.4814108674928504,0.561,5,0.0018003565062388,3.98,0.9648942449581898,6.07958913250715
Plastic,0.881,,1,0.8817921830314587,0.881,2,0.002099886492622,-0.7000000000000002,0.897338576560831,2.9992078169685414
Bioplastic,0.286,,1,0.09532888465204958,0.286,7,0.0006993006993006,7.6,1.4641971693509026,8.19067111534795
Paper,0.2155,,0,0.09246901811248809,0.21549999999999997,9,0.0009002320185614,8.612,1.1196607231302622,9.123030981887512
Glass,0.4505,,1,0.32197330791229745,0.4505,6,0.0014994450610432,5.649,1.0676030724048344,7.128526692087703
Ceramic,0.318,,0,0.18183984747378457,0.318,5,0.0011996855345911,4.237,1.1283003551496702,5.136160152526215
Paper,0.882,,1,0.37845567206863684,0.882,9,0.0009002267573696,8.411999999999999,1.8434309623430962,10.503544327931364
Paper,0.987,,0,0.42349857006673025,0.9869999999999999,9,0.0009002026342451,7.223,1.8853919694072654,9.56350142993327
Ceramic,0.239,,0,0.13679694947569113,0.23900000000000002,5,0.0012008368200836,4.426,1.009303542673108,5.102203050524309
Glass,0.6645,,0,0.4752144899904671,0.6645,6,0.0015003762227238,4.006,1.1552212462711302,6.189285510009533
Paper,0.917,,1,0.39346997140133466,0.917,9,0.0009002181025081,8.349,1.8582691007437457,10.523530028598666
Paper,0.7415,,1,0.31816015252621543,0.7415,9,0.00090020229265,8.665,1.7732440442266046,10.423339847473784
Metal,0.6925,,1,0.594137273593899,0.6925,5,0.0018,3.507,0.9976412827027398,6.098362726406101
Glass,0.189,,1,0.13512869399428026,0.189,6,0.0014999999999999,6.433,0.8038151226434218,7.053871306005719
Glass,0.831,,1,0.594137273593899,0.8310000000000001,6,0.0015,4.507,1.1971695392432877,7.236862726406102
Glass,0.516,,1,0.3689227836034319,0.516,6,0.0015,5.452,1.1003943891034762,7.147077216396568
Bioplastic,0.173,,1,0.05767397521448999,0.173,7,0.0006994219653179,7.758,1.0972007255139056,8.11532602478551
Metal,0.3605,,0,0.3093422306959009,0.3605,5,0.0018002773925104,3.702,0.8806811830461106,5.051157769304099
Bioplastic,0.8655,,1,0.2888465204957102,0.8654999999999999,7,0.0007001733102253,6.788,2.2258139249816127,8.57665347950429
Bioplastic,0.544,,1,0.18160152526215445,0.544,7,0.0007003676470588,7.237999999999999,1.931807718348003,8.362398474737846
Plastic,0.0815,,0,0.0815061963775024,0.08149999999999999,2,0.0020981595092024,1.658,0.4490204831932772,1.9999938036224978
Metal,0.986,,1,0.8460438512869399,0.986,5,0.0018002028397565,2.45,1.0422349858927853,6.139956148713059
Glass,0.9385,,1,0.6711153479504289,0.9385,6,0.0015002663825253,4.184,1.217068240820868,7.2673846520495715
Bioplastic,0.387,,0,0.12917063870352719,0.387,7,0.0007002583979328,6.458,1.688698003327787,7.257829361296473
Plastic,0.7495,,1,0.7502383222116302,0.7495,2,0.0021000667111407,-0.1480000000000001,0.8815175468101805,2.99926167778837
Bioplastic,0.1665,,0,0.05552907530981888,0.1665,7,0.0006996996996996,6.767,1.0705393809377872,7.110970924690181
Plastic,0.877,,1,0.8777407054337465,0.877,2,0.0020997719498289,-0.6829999999999998,0.8969658265490177,2.9992592945662535
Plastic,0.4015,,0,0.401811248808389,0.40149999999999997,2,0.0020996264009962,0.314,0.8001016337386017,1.999688751191611
Paper,0.5405,,1,0.2318875119161106,0.5405,9,0.000900092506938,9.027,1.6285638374263964,10.30861248808389
Plastic,0.371,,0,0.3713060057197331,0.371,2,0.002099730458221,0.4419999999999999,0.7871743527508089,1.999693994280267
Metal,0.5365,,1,0.46020019065776935,0.5365,5,0.0017996272134203,4.069,0.9576933548881135,6.076299809342231
Plastic,0.459,,1,0.45948522402287895,0.45899999999999996,2,0.0021002178649237,1.072,0.8203970011927074,2.9995147759771212
Paper,0.5625,,1,0.24118207816968543,0.5625,9,0.0008995555555555,8.988,1.6486797988264879,10.321317921830314
Bioplastic,0.7475,,0,0.24928503336510965,0.7474999999999999,7,0.0006996655518394,5.954,2.1400859716157203,7.49821496663489
Metal,0.278,,1,0.23856053384175405,0.27799999999999997,5,0.0018003597122302,4.9990000000000006,0.8211234689567787,6.039439466158245
Plastic,0.668,,1,0.6687321258341278,0.6679999999999999,2,0.0021002994011976,0.1939999999999999,0.8689632936507935,2.9992678741658723
Glass,0.764,,1,0.546234509056244,0.764,6,0.0014999999999999,4.708,1.182233367753356,7.217765490943756
Ceramic,0.367,,1,0.2099618684461392,0.367,5,0.001200272479564,5.119,1.184016607719514,6.157038131553861
Ceramic,0.8165,,1,0.4671115347950429,0.8164999999999999,5,0.0012002449479485,4.04,1.439752059169608,6.349388465204957
Paper,0.4775,,0,0.2049571020019066,0.47750000000000004,9,0.0009005235602094,8.14,1.5657939981244138,9.272542897998093
Paper,0.1105,,0,0.04742612011439467,0.1105,9,0.0009004524886877,8.801,0.749527966375687,9.063073879885605
Ceramic,0.3335,,1,0.19065776930409917,0.3335,5,0.00119940029985,5.2,1.1473975073794687,6.1428422306959005
Plastic,0.0605,,1,0.06053384175405148,0.0605,2,0.002099173553719,2.746,0.3768675771971496,2.999966158245949
Plastic,0.7455,,1,0.746186844613918,0.7455,2,0.0020999329309188,-0.1309999999999997,0.881011096716048,2.9993131553860817
Glass,0.378,,0,0.2702573879885605,0.378,6,0.0014999999999999,4.866,1.0209114315139032,6.10774261201144
Glass,0.1795,,1,0.1282173498570067,0.1795,6,0.0014986072423398,6.462,0.7865309106098578,7.051282650142993
Bioplastic,0.2195,,1,0.07316491897044805,0.21949999999999997,7,0.0006993166287015,7.693,1.2675777594274702,8.146335081029552
Bioplastic,0.618,,1,0.20614871306005722,0.618,7,0.0006998381877022,7.135,2.018626809901915,8.411851286939942
Glass,0.299,,1,0.2137750238322212,0.29900000000000004,6,0.0015,6.103,0.9529120461795534,7.085224976167779
Metal,0.913,,0,0.7833651096282174,0.913,5,0.0018001095290251,1.713,1.0335477256785195,5.129634890371783
Plastic,0.122,,1,0.12202097235462346,0.122,2,0.0020983606557377,2.488,0.5494976384714468,2.9999790276453764
Paper,0.206,,1,0.08841754051477599,0.20600000000000002,9,0.0009004854368932,9.629,1.093316468504933,10.117582459485224
Bioplastic,0.113,,1,0.037654909437559586,0.11299999999999999,7,0.0006991150442477,7.842,0.8208933518005539,8.07534509056244
Plastic,0.1175,,1,0.1174928503336511,0.11750000000000001,2,0.0020978723404255,2.507,0.5402476440937979,3.000007149666349
Ceramic,0.42,,1,0.24022878932316494,0.42000000000000004,5,0.0012,4.992,1.2344634351358925,6.179771210676835
Bioplastic,0.9505,,1,0.317206863679695,0.9505000000000001,7,0.000700157811678,6.6690000000000005,2.2782463155489547,8.633293136320304
Plastic,0.144,,1,0.14418493803622498,0.144,2,0.0021006944444444,2.395,0.5897169627171579,2.9998150619637753
Paper,0.851,,0,0.3651096282173499,0.851,9,0.0009001175088131,7.468,1.829676163148186,9.485890371782649
Glass,0.1105,,1,0.07912297426120116,0.1105,6,0.0015022624434389,6.668,0.6168946248004257,7.031377025738799
Paper,0.4085,,1,0.1751668255481411,0.4085,9,0.0008996328029375,9.265,1.4845539580807205,10.23333317445186
Plastic,0.88,,0,0.8808388941849381,0.8800000000000001,2,0.0021,-1.6960000000000002,0.8971911750413063,1.9991611058150618
Paper,0.5015,,0,0.21520495710200194,0.5015,9,0.0009002991026919,8.097,1.5910282776349611,9.286295042897999
Metal,0.6865,,1,0.5888941849380362,0.6865,5,0.0017997086671522,3.529,0.9965245969694873,6.097605815061963
Ceramic,0.2475,,1,0.14156339370829363,0.2475,5,0.0012,5.406,1.024575769534333,6.105936606291706
Glass,0.5065,,1,0.3622497616777884,0.5065000000000001,6,0.0015004935834155,5.48,1.0957279851515778,7.144250238322211
Plastic,0.68,,1,0.680648236415634,0.6799999999999999,2,0.0021,0.1440000000000001,0.8710709488338013,2.999351763584366
Plastic,0.5725,,1,0.5731649189704481,0.5725,2,0.0021004366812227,0.5950000000000002,0.8504602421581817,2.999335081029552
Glass,0.442,,1,0.31601525262154434,0.442,6,0.0015,5.674,1.062461044912924,7.125984747378456
Bioplastic,0.961,,1,0.3205433746425167,0.961,7,0.0006997918834547,6.655,2.285138841663833,8.640456625357483
Paper,0.559,,1,0.23975214489990468,0.5589999999999999,9,0.0008998211091234,8.994,1.6453170594837259,10.319247855100095
Ceramic,0.297,,1,0.16992373689227835,0.29700000000000004,5,0.0012003367003367,5.287,1.1003107893342754,6.127076263107721
Ceramic,0.4555,,1,0.26048617731172546,0.45549999999999996,5,0.0011997804610318,4.907,1.263571334126669,6.195013822688274
Plastic,0.534,,1,0.534556720686368,0.534,2,0.0021001872659176,0.7570000000000001,0.8415323368136409,2.999443279313632
Metal,0.634,,1,0.5438512869399429,0.634,5,0.0017996845425867,3.718,0.9846994373704471,6.090148713060057
Ceramic,0.4925,,1,0.2816968541468065,0.4925,5,0.0012,4.818,1.2902909590409588,6.210803145853193
Bioplastic,0.9885,,1,0.32983794089609153,0.9884999999999999,7,0.0007000505816894,6.616,2.2997039254823686,8.658662059103909
Ceramic,0.702,,1,0.40157292659675886,0.702,5,0.0012001424501424,4.315,1.3995970730780192,6.300427073403241
Glass,0.613,,0,0.4382745471877979,0.613,6,0.0015,4.161,1.138824050296644,6.1747254528122015
Paper,0.408,,1,0.17492850333651097,0.40800000000000003,9,0.0008995098039215,9.266,1.4840221914008322,10.233071496663488
Ceramic,0.111,,0,0.06339370829361297,0.11100000000000002,5,0.0011981981981981,4.734,0.679340723453909,5.047606291706387
Plastic,0.672,,1,0.6725452812202097,0.6719999999999999,2,0.0020997023809523,0.1779999999999999,0.8698519249753207,2.99945471877979
Glass,0.7585,,1,0.5424213536701621,0.7585,6,0.0015003295978905,4.724,1.1806892714052528,7.216078646329837
Glass,0.653,,1,0.4668732125834128,0.653,6,0.0015,5.041,1.1519330698730346,7.186126787416588
Paper,0.3835,,1,0.1644423260247855,0.3835,9,0.0008996088657105,9.31,1.450221701514059,10.219057673975215
Bioplastic,0.5505,,1,0.18374642516682557,0.5505,7,0.000700272479564,7.229,1.940112548294977,8.366753574833174
Glass,0.068,,0,0.04861773117254528,0.068,6,0.0014999999999999,5.796,0.4575497113534317,6.019382268827455
Ceramic,0.9515,,1,0.544327931363203,0.9515,5,0.0012002101944298,3.716,1.4767325048084037,6.407172068636797
Bioplastic,0.399,,0,0.13322211630123929,0.399,7,0.0007005012531328,6.441,1.7108154506437767,7.26577788369876
Ceramic,0.54,,1,0.30886558627264066,0.54,5,0.0012,4.704,1.320727442294241,6.231134413727359
Ceramic,0.086,,1,0.04909437559580553,0.086,5,0.0011976744186046,5.794,0.5768158567774935,6.036905624404195
Plastic,0.6315,,1,0.6320305052430887,0.6315000000000001,2,0.0020997624703087,0.3479999999999998,0.8626689673134523,2.9994694947569114
Bioplastic,0.5255,,1,0.17540514775977123,0.5255,7,0.0007002854424357,7.264,1.9080979577708548,8.350094852240229
Ceramic,0.139,,1,0.0795996186844614,0.13899999999999998,5,0.0012014388489208,5.666,0.7739437367303609,6.059400381315539
Paper,0.2755,,1,0.11820781696854148,0.27549999999999997,9,0.0009001814882032,9.504,1.2625578855395367,10.157292183031458
Paper,0.192,,1,0.08245948522402288,0.192,9,0.0009010416666666,9.654,1.0522884012539184,10.109540514775977
Glass,0.641,,1,0.45829361296472837,0.641,6,0.0015,5.077,1.148141381371126,7.182706387035272
Bioplastic,0.708,,0,0.23617731172545284,0.708,7,0.0006998587570621,6.009,2.106031475967673,7.471822688274547
Metal,0.6145,,0,0.5271687321258343,0.6144999999999999,5,0.0017998372660699,2.788,0.979800121599027,5.087331267874165
Ceramic,0.419,,0,0.23975214489990468,0.41900000000000004,5,0.0012004773269689,3.994,1.2332519640852975,5.179247855100096
Ceramic,0.3265,,1,0.18684461391801718,0.3265,5,0.0012006125574272,5.216,1.1382469258889996,6.139655386081983
Paper,0.2365,,1,0.10152526215443279,0.23650000000000002,9,0.0009006342494714,9.574,1.1735501419110692,10.134974737845567
Ceramic,0.7815,,1,0.4470924690181125,0.7815000000000001,5,0.0012002559181062,4.1240000000000006,1.4284605331939364,6.3344075309818875
Ceramic,0.993,,1,0.5679218303145853,0.993,5,0.0011998992950654,3.617,1.486700920573753,6.425078169685415
Bioplastic,0.804,,1,0.26835081029551955,0.8039999999999999,7,0.0007002487562189,6.8740000000000006,2.1827018633540374,8.53564918970448
Glass,0.2935,,1,0.20972354623450906,0.2935,6,0.0014991482112436,6.12,0.9476192674669129,7.083776453765491
Plastic,0.2495,,0,0.2497616777883699,0.2495,2,0.0021002004008016,0.952,0.7133428727173616,1.9997383222116298
Metal,0.4005,,1,0.3436606291706387,0.40049999999999997,5,0.0018002496878901,4.558,0.902717017619252,6.056839370829361
Ceramic,0.7645,,1,0.43732125834127744,0.7645,5,0.0012001308044473,4.165,1.4227987226115497,6.327178741658723
Plastic,0.898,,1,0.8989513822688274,0.898,2,0.0021002227171492,-0.7719999999999998,0.8989426471991603,2.9990486177311726
Plastic,0.464,,0,0.4644899904671116,0.46399999999999997,2,0.0021002155172413,0.0509999999999999,0.8219809169973823,1.9995100095328884
Bioplastic,0.8705,,1,0.2905147759771211,0.8705,7,0.0007001723147616,6.781,2.2291089954839496,8.579985224022879
Glass,0.7165,,1,0.5123927550047664,0.7165,6,0.0015003489183531,4.85,1.1700007783312578,7.2041072449952335
Metal,0.285,,0,0.24451858913250718,0.28500000000000003,5,0.0018,3.974,0.8272412838959601,5.040481410867493
Plastic,0.9355,,1,0.936367969494757,0.9355,2,0.0020999465526456,-0.9289999999999998,0.9026716644437289,2.999132030505243
Ceramic,0.7055,,1,0.40347950428979984,0.7055,5,0.0011998582565556,4.307,1.4012486982864716,6.3020204957102
Glass,0.303,,1,0.21663489037178268,0.303,6,0.0015,6.091,0.9569381303627876,7.086365109628217
Ceramic,0.081,,1,0.046234509056244044,0.081,5,0.0011975308641975,5.806,0.5539048239895698,6.034765490943756
Glass,0.9645,,1,0.6894661582459485,0.9644999999999999,6,0.0014997407983411,4.107,1.2217116464408622,7.275033841754052
Bioplastic,0.0555,,0,0.018589132507149667,0.05550000000000001,7,0.0007027027027027,6.922,0.46800241157556277,7.036910867492851
Ceramic,0.302,,1,0.17278360343183985,0.302,5,0.0012003311258278,5.275,1.1071046653852874,6.12921639656816
Plastic,0.5125,,1,0.5128693994280268,0.5125,2,0.0020995121951219,0.8479999999999999,0.8362303624202829,2.9996306005719733
Glass,0.325,,1,0.23236415633937083,0.325,6,0.0015,6.025,0.977843109135236,7.092635843660629
Paper,0.313,,1,0.13417540514775977,0.313,9,0.0008993610223642,9.437,1.3366049257073072,10.178824594852241
Paper,0.3295,,0,0.14132507149666348,0.3295,9,0.0008998482549317,8.407,1.3653782342484693,9.188174928503337
Glass,0.8125,,1,0.5810295519542422,0.8125,6,0.0015003076923076,4.561999999999999,1.1930466125419932,7.231470448045758
Glass,0.49,,1,0.3503336510962822,0.49000000000000005,6,0.0015,5.53,1.088082133784928,7.139666348903718
Plastic,0.1375,,1,0.13775023832221162,0.1375,2,0.0021018181818181,2.422,0.5783380112269447,2.9997497616777884
Ceramic,0.149,,1,0.08531935176358436,0.149,5,0.0012013422818791,5.642,0.8040174897119341,6.063680648236415
Ceramic,0.2375,,1,0.13584366062917064,0.2375,5,0.0012,5.43,1.0070230396119644,6.101656339370829
Metal,0.3085,,0,0.2647759771210677,0.3085,5,0.0018006482982171,3.889,0.8457245524630863,5.043724022878933
Glass,0.25,,0,0.17874165872259296,0.25,6,0.0015,5.25,0.8968878248974008,6.071258341277407
Paper,0.459,,1,0.19685414680648236,0.45899999999999996,9,0.0008997821350762,9.174,1.5462138728323698,10.262145853193518
Metal,0.053,,1,0.04551954242135368,0.053000000000000005,5,0.0018018867924528,5.809,0.36421225024566,6.007480457578646
Metal,0.0965,,1,0.082697807435653,0.0965,5,0.0017979274611398,5.6530000000000005,0.5281946256196192,6.013802192564347
Paper,0.4645,,1,0.1992373689227836,0.46449999999999997,9,0.0008998923573735,9.164,1.5522793883402355,10.265262631077215
Bioplastic,0.5155,,1,0.17206863679694948,0.5155000000000001,7,0.0007002909796314,7.278,1.894742466713385,8.34343136320305
Glass,0.0525,,1,0.037654909437559586,0.052500000000000005,6,0.0015047619047619,6.842,0.38138850415512465,7.01484509056244
Ceramic,0.3475,,0,0.19876072449952337,0.34750000000000003,5,0.0012,4.166,1.1631381620931716,5.148739275500477
Paper,0.61,,0,0.2616777883698761,0.61,9,0.0009,7.902,1.6865840801265155,9.348322211630123
Bioplastic,0.6055,,0,0.2020972354623451,0.6054999999999999,7,0.0007002477291494,6.152,2.004321552540233,7.403402764537655
Glass,0.4465,,1,0.31911344137273595,0.4465,6,0.0014994400895856,5.661,1.06534402365518,7.127386558627264
Paper,0.9145,,1,0.392278360343184,0.9145,9,0.0008999453253143,8.354,1.8576888071262587,10.522221639656816
Ceramic,0.443,,1,0.2533365109628217,0.44299999999999995,5,0.0011997742663656,4.937,1.2537623094563604,6.189663489037178
Metal,0.389,,1,0.3336510962821735,0.389,5,0.0017994858611825,4.6,0.8970345130797979,6.055348903717826
Plastic,0.371,,1,0.3713060057197331,0.371,2,0.002099730458221,1.442,0.7871743527508089,2.9996939942802667
Ceramic,0.4725,,1,0.2702573879885605,0.4725,5,0.0012,4.866,1.2761392893923789,6.20224261201144
Glass,0.086,,1,0.06148713060057198,0.086,6,0.0015,6.742,0.5325501770956316,7.0245128693994285
Plastic,0.072,,0,0.07197330791229743,0.072,2,0.0020972222222222,1.698,0.41866962305986694,2.000026692087703
Glass,0.19,,1,0.13584366062917064,0.19,6,0.0014999999999999,6.43,0.8056184316895716,7.05415633937083
Glass,0.471,,0,0.33674928503336515,0.471,6,0.0015,4.587,1.0784219142202334,6.134250714966635
Glass,0.8915,,1,0.6375119161105816,0.8915,6,0.0015002804262478,4.325,1.208794028307374,7.253988083889418
Ceramic,0.815,,1,0.4661582459485224,0.8150000000000001,5,0.0012,4.0440000000000005,1.439526856373127,6.348841754051478
Plastic,0.3625,,0,0.36272640610104867,0.3625,2,0.0020993103448275,0.478,0.78340028842192,1.9997735938989512
Ceramic,0.1575,,1,0.09008579599618685,0.1575,5,0.0012,5.622,0.8285732196589769,6.067414204003813
Bioplastic,0.274,,1,0.0915157292659676,0.274,7,0.0007007299270072,7.616,1.430691886510702,8.182484270734033
Paper,0.305,,1,0.13083889418493805,0.305,9,0.0009,9.451,1.3212678092091676,10.174161105815061
Glass,0.796,,1,0.569113441372736,0.796,6,0.0015,4.612,1.1896338509759226,7.226886558627264
Ceramic,0.0805,,0,0.04599618684461392,0.0805,5,0.0011987577639751,4.807,0.5513842637936663,5.034503813155386
Bioplastic,0.7875,,1,0.26286939942802673,0.7875,7,0.0007003174603174,6.897,2.1702022855641663,8.524630600571973
Glass,0.2915,,1,0.20853193517635846,0.2915,6,0.0015008576329331,6.125,0.9447968484473968,7.082968064823642
Metal,0.437,,1,0.37488083889418494,0.437,5,0.001799771167048,4.427,0.9202308541603934,6.062119161105815
Bioplastic,0.7085,,1,0.23641563393708295,0.7085,7,0.0007000705716302,7.008,2.10602578634174,8.472084366062917
Glass,0.589,,1,0.421115347950429,0.589,6,0.0014999999999999,5.2330000000000005,1.1302679959754869,7.167884652049572
Metal,0.1035,,1,0.08889418493803623,0.1035,5,0.0018019323671497,5.627,0.5479258137774413,6.014605815061964
Plastic,0.77,,1,0.7707340324118208,0.77,2,0.0021,-0.2339999999999999,0.8843113641340048,2.999265967588179
Paper,0.0735,,1,0.031458531935176365,0.0735,9,0.0008979591836734,9.868,0.5591116751269035,10.042041468064824
Metal,0.911,,0,0.7816968541468065,0.9109999999999999,5,0.0018002195389681,1.7200000000000002,1.0332349443183046,5.129303145853193
Plastic,0.775,,1,0.7757387988560535,0.775,2,0.0021,-0.2549999999999999,0.8849670712458498,2.9992612011439466
Plastic,0.1985,,0,0.19876072449952337,0.1985,2,0.0021007556675062,1.166,0.6644112954690491,1.9997392755004768
Ceramic,0.5005,,1,0.28622497616777887,0.5005,5,0.0011998001998001,4.799,1.2958768357398494,6.21427502383222
Ceramic,0.643,,1,0.3677311725452812,0.643,5,0.0011998444790046,4.457,1.3747212880872313,6.275268827454719
Glass,0.49,,0,0.3503336510962822,0.49000000000000005,6,0.0015,4.53,1.088082133784928,6.139666348903718
Metal,0.314,,1,0.26930409914204,0.314,5,0.0017993630573248,4.87,0.85024780588539,6.04469590085796
Glass,0.3075,,1,0.2197330791229743,0.3075,6,0.0014991869918699,6.078,0.9617397137745973,7.0877669208770255
Glass,0.4355,,0,0.31124880838894187,0.43550000000000005,6,0.0014994259471871,4.694,1.0589696337505796,6.124251191611059
Paper,0.816,,1,0.3500953288846521,0.8160000000000001,9,0.0009001225490196,8.531,1.812949274594938,10.465904671115348
Bioplastic,0.6705,,1,0.22378455672068637,0.6705,7,0.0007002237136465,7.061,2.0708214338289412,8.446715443279315
Plastic,0.219,,1,0.21925643469971404,0.219,2,0.0021004566210045,2.08,0.685968945954016,2.9997435653002857
Glass,0.7105,,1,0.507864632983794,0.7105,6,0.0014996481351161,4.869,1.1688457617815418,7.202635367016206
Bioplastic,0.1065,,1,0.035510009532888465,0.1065,7,0.0006995305164319,7.851,0.7859198030249736,8.070989990467112
Paper,0.701,,1,0.3007626310772164,0.701,9,0.0009001426533523,8.738,1.7491650808753565,10.400237368922784
Paper,0.9125,,1,0.39156339370829363,0.9125,9,0.0009002739726027,8.357,1.8563221177155047,10.520936606291706
Metal,0.7685,,1,0.659437559580553,0.7685,5,0.0018002602472348,3.233,1.01193309483462,6.1090624404194465
Glass,0.225,,1,0.16086749285033367,0.225,6,0.0015,6.325,0.8625068518180157,7.064132507149666
Metal,0.881,,1,0.7559580552907532,0.881,5,0.0018002270147559,2.828,1.0292560418754872,6.125041944709247
Plastic,0.995,,1,0.995948522402288,0.9949999999999999,2,0.0021,-1.1790000000000005,0.907889357630583,2.999051477597712
Glass,0.66,,1,0.4718779790276454,0.6599999999999999,6,0.0015,5.02,1.1540923487247874,7.188122020972354
Metal,0.934,,1,0.8012392755004767,0.9339999999999999,5,0.0017997858672376,2.638,1.0363507510048655,6.132760724499524
Ceramic,0.3805,,0,0.21758817921830317,0.3805,5,0.0011997371879106,4.087,1.1980924508479662,5.162911820781696
Ceramic,0.851,,0,0.48665395614871304,0.851,5,0.0011997649823736,2.958,1.4505996100097498,5.364346043851287
Bioplastic,0.091,,1,0.03026692087702574,0.091,7,0.0006978021978021,7.873,0.6985656787413099,8.060733079122976
Plastic,0.52,,1,0.5204957102001907,0.52,2,0.0021,0.8159999999999998,0.8380396374251037,2.9995042897998094
Plastic,0.281,,0,0.2812202097235462,0.281,2,0.0020996441281138,0.8200000000000001,0.7371067766941737,1.9997797902764538
Ceramic,0.8185,,1,0.46806482364156343,0.8185,5,0.0011997556505803,4.036,1.4408566873636517,6.350435176358436
Metal,0.6015,,1,0.5159675881792184,0.6014999999999999,5,0.0017996674979218,3.835,0.9765124197167838,6.085532411820782
Glass,0.6885,,1,0.49237368922783603,0.6885,6,0.0015003631082062,4.934,1.1622730930157708,7.196126310772164
Plastic,0.1795,,1,0.17969494756911344,0.1795,2,0.002100278551532,2.246,0.641770620313565,2.9998050524308866
Paper,0.0665,,1,0.028598665395614873,0.0665,9,0.0009022556390977,9.88,0.517112676056338,10.037901334604385
Glass,0.91,,1,0.6506196377502383,0.9099999999999999,6,0.0015,4.27,1.2123317246634493,7.259380362249762
Plastic,0.4205,,0,0.42087702573879887,0.4205,2,0.0020998810939357,0.2339999999999999,0.8072922767203513,1.9996229742612013
Plastic,0.295,,1,0.2952812202097236,0.29500000000000004,2,0.0021,1.761,0.7463041119016038,2.9997187797902765
Paper,0.78,,1,0.334604385128694,0.78,9,0.0009,8.596,1.7947356876508005,10.445395614871305
Bioplastic,0.1685,,1,0.05624404194470925,0.1685,7,0.000700296735905,7.764,1.0784411226357535,8.112255958055291
Glass,0.676,,1,0.48331744518589137,0.6759999999999999,6,0.0015,4.972,1.158888707305115,7.192682554814109
Glass,0.204,,1,0.14585319351763584,0.20400000000000001,6,0.0015,6.388,0.829763474214812,7.058146806482364
Glass,0.72,,1,0.5147759771210677,0.72,6,0.0015,4.84,1.1711583191192432,7.205224022878932
Metal,0.676,,1,0.5800762631077218,0.6759999999999999,5,0.0018002958579881,3.566,0.9940061676478832,6.095923736892279
Glass,0.402,,0,0.28741658722592944,0.40199999999999997,6,0.0015,4.7940000000000005,1.0376427165354332,6.114583412774071
Metal,0.3935,,1,0.3377025738798856,0.3935,5,0.0018005082592121,4.583,0.8990123053468365,6.055797426120114
Ceramic,0.342,,1,0.19566253574833176,0.34199999999999997,5,0.0012002923976608,5.179,1.1567241657262612,6.146337464251668
Glass,0.414,,1,0.29599618684461393,0.414,6,0.0015,5.758,1.0454646124217621,7.1180038131553856
Metal,0.198,,1,0.16992373689227835,0.198,5,0.001800505050505,5.287,0.7335405262228502,6.028076263107722
Ceramic,0.494,,1,0.28265014299332697,0.49400000000000005,5,0.0012004048582995,4.814,1.2909965122072746,6.211349857006673
Bioplastic,0.7975,,1,0.26620591039084845,0.7975,7,0.0007003134796238,6.883,2.177736561239099,8.531294089609151
Ceramic,0.9505,,1,0.5436129647283128,0.9505000000000001,5,0.0011998947922146,3.719,1.476819225357328,6.406887035271687
Paper,0.631,,1,0.27073403241182076,0.631,9,0.0009001584786053,8.864,1.7020287991771663,10.36026596758818
Ceramic,0.9045,,1,0.5173975214489991,0.9045,5,0.0012001105583195,3.829,1.4650204585810236,6.387102478551
Plastic,0.12,,1,0.12011439466158247,0.12,2,0.0021,2.496,0.5451710697271546,2.9998856053384175
Plastic,0.4275,,0,0.4280266920877026,0.42750000000000005,2,0.0021005847953216,0.2039999999999999,0.809618162123127,1.9994733079122975
Paper,0.189,,1,0.08102955195424215,0.189,9,0.0008994708994708,9.66,1.0440284360189573,10.107970448045759
Paper,0.434,,1,0.1861296472831268,0.434,9,0.0008997695852534,9.219,1.5167949358654003,10.247870352716873
Ceramic,0.783,,1,0.4478074356530029,0.783,5,0.0011998722860791,4.121,1.4293343774471416,6.335192564346998
Ceramic,0.783,,1,0.4478074356530029,0.783,5,0.0011998722860791,4.121,1.4293343774471416,6.335192564346998
Bioplastic,0.1295,,1,0.043136320305052434,0.1295,7,0.0006988416988416,7.819,0.9047319347319347,8.086363679694948
Glass,0.5375,,1,0.3844137273593899,0.5375,6,0.001500465116279,5.3870000000000005,1.1095887041227983,7.15308627264061
Plastic,0.8605,,1,0.8612964728312679,0.8605,2,0.0020999418942475,-0.6139999999999999,0.8951452796509323,2.9992035271687323
Plastic,0.7635,,0,0.7642993326978075,0.7635,2,0.0021001964636542,-1.207,0.8833745105608558,1.9992006673021927
Ceramic,0.4285,,1,0.2449952335557674,0.4285,5,0.0011995332555425,4.972,1.2420461453440175,6.183504766444233
Ceramic,0.5225,,1,0.2988560533841754,0.5225,5,0.0012,4.746,1.3099964149139578,6.223643946615825
Paper,0.345,,1,0.14799809342230696,0.34500000000000003,9,0.0009,9.379,1.3911397270805306,10.197001906577693
Glass,0.3775,,1,0.2700190657769304,0.3775,6,0.0015006622516556,5.867,1.0202176993430374,7.10748093422307
Ceramic,0.933,,1,0.5336034318398475,0.933,5,0.0011998928188638,3.761,1.4725299029564434,6.399396568160152
Paper,0.355,,1,0.1522878932316492,0.355,9,0.0009,9.361,1.4071226147742297,10.20271210676835
Ceramic,0.991,,1,0.5667302192564347,0.991,5,0.0011997981836528,3.622,1.4863583071203887,6.424269780743565
Metal,0.7435,,0,0.6379885605338418,0.7434999999999999,5,0.0018002689979825,2.323,1.0074681909190724,5.1055114394661585
Glass,0.5575,,0,0.39871306005719737,0.5575,6,0.0015004484304932,4.327,1.1178772818503295,6.158786939942803
Paper,0.951,,0,0.4080076263107722,0.951,9,0.000900105152471,7.288,1.872019140551698,9.542992373689229
Glass,0.9265,,1,0.6625357483317446,0.9265000000000001,6,0.0015002698327037,4.220000000000001,1.2150250031253909,7.263964251668256
Glass,0.8475,,1,0.605815061963775,0.8474999999999999,6,0.0014997050147492,4.458,1.200739465153971,7.241684938036225
Plastic,0.205,,1,0.2051954242135367,0.205,2,0.0021,2.139,0.6717007652662813,2.9998045757864635
Glass,0.9655,,1,0.690419447092469,0.9654999999999999,6,0.0015002589331952,4.103,1.2215033468009406,7.27508055290753
Plastic,0.345,,1,0.3453288846520496,0.34500000000000003,2,0.0021,1.551,0.7747083377930002,2.9996711153479505
Glass,0.5205,,0,0.3722592945662536,0.5205,6,0.0015004803073967,4.438,1.1021487686717804,6.1482407054337465
Paper,0.3,,1,0.12869399428026693,0.3,9,0.0009,9.46,1.3117965819091286,10.171306005719734
Glass,0.3535,,1,0.2526215443279314,0.35350000000000004,6,0.0014992927864214,5.94,1.002491213841579,7.100878455672069
Ceramic,0.7535,,1,0.4308865586272641,0.7535000000000001,5,0.0011997345719973,4.192,1.4193239360746992,6.322613441372736
Bioplastic,0.505,,1,0.1684938036224976,0.505,7,0.0007,7.293,1.8808627729451446,8.336506196377501
Ceramic,0.381,,1,0.2178265014299333,0.381,5,0.0011994750656167,5.086,1.1987672465506898,6.163173498570067
Paper,0.592,,1,0.2540514775977121,0.592,9,0.0009003378378378,8.934,1.6720732364028,10.337948522402288
Bioplastic,0.5305,,1,0.1770734032411821,0.5305,7,0.0007002827521206,7.257,1.9146550834336826,8.353426596758817
Ceramic,0.094,,1,0.05386081982840801,0.094,5,0.0012021276595744,5.774,0.6109417596034696,6.040139180171592
Ceramic,0.2315,,1,0.1325071496663489,0.23149999999999998,5,0.0012008639308855,5.444,0.9956683066830667,6.098992850333651
Metal,0.152,,1,0.13036224976167782,0.152,5,0.0017993421052631,5.453,0.6598303331264224,6.021637750238322
Metal,0.149,,1,0.12774070543374644,0.149,5,0.0017986577181208,5.464,0.654252825449979,6.021259294566254
Metal,0.5765,,1,0.49451858913250724,0.5765,5,0.0017996530789245,3.925,0.969692135011625,6.081981410867493
Glass,0.406,,1,0.29027645376549094,0.40599999999999997,6,0.0015,5.782,1.0402882266731803,7.115723546234509
Bioplastic,0.924,,1,0.30838894184938037,0.924,7,0.0007002164502164,6.706,2.2625490196078433,8.61561105815062
Plastic,0.1665,,1,0.16658722592945663,0.1665,2,0.002099099099099,2.301,0.6245610584659397,2.9999127740705434
Plastic,0.9135,,1,0.9144423260247856,0.9135,2,0.0021001642036124,-0.8370000000000002,0.9004947610769157,2.9990576739752144
Metal,0.5815,,1,0.4988083889418494,0.5815,5,0.0017996560619088,3.907,0.9710952797898591,6.08269161105815
Ceramic,0.1445,,0,0.082697807435653,0.14450000000000002,5,0.0012006920415224,4.6530000000000005,0.7909235585703106,5.061802192564347
Metal,0.05,,1,0.04289799809342231,0.05,5,0.0018,5.82,0.3498999332888592,6.007102001906578
Paper,0.142,,1,0.06101048617731173,0.142,9,0.0009014084507042,9.744,0.8819301361752515,10.080989513822688
Ceramic,0.9695,,0,0.5545757864632984,0.9695,5,0.0012001031459515,2.673,1.4811119201922376,5.414924213536701
Metal,0.1025,,0,0.08794089609151573,0.1025,5,0.0018,4.631,0.5453842252092315,5.014559103908485
Bioplastic,0.3365,,0,0.11224976167778837,0.3365,7,0.0006998514115898,6.529,1.5853963620031442,7.224250238322211
Metal,0.5935,,1,0.5092945662535748,0.5934999999999999,5,0.0018003369839932,3.863,0.9740772901509817,6.084205433746424
Plastic,0.8925,,1,0.8932316491897045,0.8925000000000001,2,0.0020997198879551,-0.7480000000000002,0.8985819176504464,2.9992683508102953
Bioplastic,0.525,,1,0.1751668255481411,0.525,7,0.0007,7.265,1.9079334834574746,8.34983317445186
Paper,0.9225,,1,0.39585319351763587,0.9225,9,0.00090027100271,8.339,1.8604296837450733,10.526646806482363
Ceramic,0.742,,1,0.4244518589132507,0.742,5,0.0012001347708894,4.219,1.4148105062255747,6.317548141086749
Ceramic,0.9735,,0,0.5567206863679695,0.9734999999999999,5,0.0011997945557267,2.664,1.4823653650747568,5.416779313632031
Metal,0.112,,1,0.09604385128693996,0.11200000000000002,5,0.0017991071428571,5.597,0.5713007537077559,6.01595614871306
Plastic,0.816,,1,0.8167302192564347,0.8160000000000001,2,0.0020998774509803,-0.427,0.8901201060676962,2.999269780743565
Bioplastic,0.8275,,1,0.27621544327931363,0.8275,7,0.0007003021148036,6.841,2.199537564930951,8.551284556720686
Metal,0.751,,1,0.6444232602478552,0.751,5,0.0018002663115845,3.296,1.0088346779357151,6.106576739752145
Plastic,0.074,,1,0.07411820781696854,0.074,2,0.0021013513513513,2.689,0.4249986312619764,2.9998817921830314
Paper,0.7995,,1,0.3429456625357484,0.7995,9,0.000899937460913,8.561,1.8049617992037015,10.456554337464251
Metal,0.606,,1,0.5200190657769305,0.606,5,0.0018003300330033,3.818,0.9773892988929889,6.08598093422307
Ceramic,0.415,,1,0.23736892278360344,0.41500000000000004,5,0.0012,5.004,1.2301073749646794,6.177631077216397
Paper,0.0575,,1,0.024547187797902766,0.057499999999999996,9,0.000895652173913,9.897,0.4616724071947952,10.032952812202096
Metal,0.058,,0,0.0498093422306959,0.057999999999999996,5,0.001801724137931,4.791,0.38715876551065853,5.008190657769304
Bioplastic,0.1995,,1,0.06649189704480458,0.1995,7,0.0006992481203007,7.721,1.198256513026052,8.133008102955197
Metal,0.402,,0,0.34485224022878935,0.40199999999999997,5,0.001799751243781,3.553,0.9036708453873352,5.057147759771211
Ceramic,0.889,,1,0.5085795996186845,0.889,5,0.0012002249718785,3.866,1.4607785087719298,6.380420400381316
Glass,0.701,,1,0.5011916110581507,0.701,6,0.0015,4.897,1.1660176008879726,7.1998083889418485
Metal,0.1955,,1,0.16777883698760723,0.1955,5,0.0018005115089514,5.296,0.7300800996796013,6.027721163012393
Ceramic,0.065,,1,0.037178265014299335,0.065,5,0.0012,5.844,0.4738359972202919,6.027821734985701
Glass,0.095,,1,0.06792183031458532,0.095,6,0.0014999999999999,6.715,0.5657394266250355,7.0270781696854145
Paper,0.9645,,1,0.4137273593898952,0.9644999999999999,9,0.0008999481596682,8.264,1.8774550009278155,10.550772640610104
Paper,0.213,,1,0.09127740705433747,0.213,9,0.0008990610328638,9.617,1.1135659107899325,10.121722592945662
Bioplastic,0.3375,,1,0.1124880838894185,0.3375,7,0.0006992592592592,7.528,1.5883243606998654,8.225011916110581
Plastic,0.8145,,1,0.8153002859866539,0.8145,2,0.0021000613873542,-0.4209999999999998,0.8898718950164037,2.9991997140133457
Plastic,0.362,,1,0.3622497616777884,0.362,2,0.0020994475138121,1.48,0.7831264178181068,2.999750238322212
Glass,0.9655,,1,0.690419447092469,0.9654999999999999,6,0.0015002589331952,4.103,1.2215033468009406,7.27508055290753
Bioplastic,0.12,,1,0.04003813155386082,0.12,7,0.0007,7.832,0.8569094622191966,8.07996186844614
Glass,0.83,,1,0.5934223069590087,0.8300000000000001,6,0.0015,4.51,1.1969617816882046,7.236577693040991
Bioplastic,0.395,,0,0.13179218303145857,0.395,7,0.0007,6.447,1.7041126876413735,7.263207816968541
Glass,0.607,,1,0.4339847473784557,0.607,6,0.0015,5.179,1.1367365884138176,7.1730152526215445
Glass,0.7535,,1,0.53860819828408,0.7535000000000001,6,0.0014996682149966,4.74,1.1799096880131366,7.21489180171592
Bioplastic,0.5175,,1,0.17278360343183985,0.5175,7,0.0007004830917874,7.275,1.8971081600559148,8.34471639656816
Glass,0.8305,,1,0.5936606291706388,0.8305,6,0.0014996989765201,4.509,1.1972713529856387,7.236839370829361
Glass,0.7555,,0,0.5402764537654909,0.7555,6,0.0015003309066843,3.733,1.1799590560559816,6.215223546234508
Ceramic,0.5455,,1,0.3119637750238322,0.5455,5,0.0011998166819431,4.691,1.3241455513132014,6.233536224976167
Metal,0.919,,1,0.78836987607245,0.9189999999999999,5,0.0017997823721436,2.692,1.0344790213542223,6.130630123927549
Ceramic,0.2635,,1,0.15061963775023834,0.26349999999999996,5,0.0011992409867172,5.368,1.051394066184861,6.112880362249761
Metal,0.103,,1,0.08841754051477599,0.10300000000000001,5,0.0018009708737864,5.629,0.5466582342524665,6.014582459485224
Ceramic,0.1125,,1,0.06434699714013346,0.1125,5,0.0012,5.73,0.6845272621809745,6.048153002859866
Paper,0.2345,,1,0.1005719733079123,0.23450000000000001,9,0.0008997867803837,9.578,1.1691563688212927,10.133928026692088
Metal,0.3835,,1,0.3291229742612012,0.3835,5,0.0018005215123859,4.619,0.8936832167055426,6.054377025738798
Metal,0.2145,,1,0.1839847473784557,0.2145,5,0.0017995337995337,5.228,0.7553222557905337,6.030515252621544
Plastic,0.066,,1,0.06601525262154434,0.066,2,0.0020984848484848,2.723,0.3975538329026701,2.9999847473784556
Paper,0.072,,1,0.030981887511916113,0.072,9,0.0009027777777777,9.87,0.5496943231441047,10.041018112488082
Ceramic,0.327,,1,0.1870829361296473,0.327,5,0.0012003058103975,5.215,1.1390436659472023,6.139917063870353
Metal,0.4885,,1,0.419208770257388,0.4885,5,0.0018004094165813,4.241,0.9408546773157073,6.069291229742612
Metal,0.7935,,1,0.6808865586272641,0.7935,5,0.001800252047889,3.143,1.0161527192821826,6.112613441372735
Ceramic,0.4365,,1,0.2497616777883699,0.4365,5,0.0012004581901489,4.952,1.2479926410466065,6.18673832221163
Bioplastic,0.627,,1,0.20924690181124883,0.627,7,0.0007001594896331,7.122,2.027506165228113,8.41775309818875
Bioplastic,0.845,,1,0.2819351763584366,0.845,7,0.0007,6.817,2.2124173218519902,8.563064823641563
Ceramic,0.416,,1,0.2378455672068637,0.41600000000000004,5,0.0011995192307692,5.002,1.231331828442438,6.178154432793137
Paper,0.0635,,1,0.02716873212583413,0.0635,9,0.0008976377952755,9.886,0.4993365817091454,10.036331267874166
Metal,0.224,,1,0.19208770257387991,0.22400000000000003,5,0.0017991071428571,5.194,0.7668929503916448,6.03191229742612
Plastic,0.6075,,1,0.6079599618684463,0.6075,2,0.0020995884773662,0.4489999999999998,0.8580993738638658,2.9995400381315536
Plastic,0.957,,1,0.9578169685414681,0.9570000000000001,2,0.0020997910135841,-1.019,0.9046933717838958,2.9991830314585317
Paper,0.84,,1,0.3603431839847474,0.8400000000000001,9,0.0009,8.488,1.8247256160695797,10.479656816015252
Paper,0.294,,0,0.12607244995233557,0.294,9,0.0008996598639455,8.471,1.3004680581910182,9.167927550047665
Paper,0.5105,,1,0.21901811248808392,0.5105000000000001,9,0.0009000979431929,9.081,1.6002226206484387,10.291481887511916
Bioplastic,0.248,,1,0.082697807435653,0.248,7,0.0006995967741935,7.653,1.3574328202452386,8.165302192564349
Ceramic,0.2695,,1,0.15419447092469019,0.26949999999999996,5,0.0012003710575139,5.353,1.0602118882430152,6.11530552907531
Paper,0.6205,,1,0.26620591039084845,0.6205,9,0.0009000805801772,8.883,1.6944019263308603,10.354294089609152
Paper,0.8485,,1,0.36391801715919925,0.8484999999999999,9,0.0008998232174425,8.473,1.8289869516079316,10.484581982840801
Glass,0.906,,1,0.6477597712106768,0.906,6,0.0015,4.282,1.2116190719020907,7.258240228789322
Metal,0.53,,0,0.4547187797902765,0.53,5,0.0018,3.092,0.9554390788795325,5.075281220209724
Paper,0.8605,,1,0.36916110581506195,0.8605,9,0.0009000581057524,8.451,1.8341247587117748,10.491338894184938
Glass,0.488,,1,0.3489037178265014,0.488,6,0.0015,5.536,1.0870928010193248,7.139096282173498
Ceramic,0.5485,,1,0.31363203050524313,0.5485,5,0.0011996353691886,4.684,1.3260578474302833,6.234867969494757
Ceramic,0.0575,,1,0.032888465204957106,0.057499999999999996,5,0.0012,5.862,0.4326936872309899,6.024611534795043
Ceramic,0.9445,,1,0.5402764537654909,0.9445,5,0.0012001058761249,3.733,1.4751440482394105,6.404223546234508
Metal,0.864,,1,0.7411820781696854,0.8640000000000001,5,0.0017997685185185,2.89,1.0271260199456032,6.122817921830315
Ceramic,0.9195,,1,0.5259771210676835,0.9195,5,0.001200108754758,3.793,1.4689035254701897,6.393522878932317
Plastic,0.152,,1,0.1520495710200191,0.152,2,0.0020986842105263,2.362,0.603055975794251,2.999950428979981
Paper,0.5315,,0,0.2280743565300286,0.5315000000000001,9,0.0009002822201317,8.043,1.6200595670492521,9.303425643469971
Metal,0.6235,,1,0.5350333651096283,0.6235,5,0.0018003207698476,3.755,0.9818381745853036,6.088466634890372
Paper,0.248,,1,0.10629170638703528,0.248,9,0.000899193548387,9.554,1.202181146025878,10.141708293612965
Glass,0.1355,,0,0.09675881792183033,0.1355,6,0.0014981549815498,5.594,0.6886603682170542,6.03874118207817
Plastic,0.2805,,1,0.280743565300286,0.2805,2,0.0020998217468805,1.822,0.7367163244867302,2.999756434699714
Glass,0.261,,1,0.18660629170638707,0.261,6,0.0015,6.217,0.910656910028272,7.074393708293613
Ceramic,0.524,,1,0.29980934223069594,0.524,5,0.0012003816793893,4.742,1.3106247019551738,6.224190657769304
Metal,0.3975,,1,0.3410390848427074,0.3975,5,0.0018,4.569,0.9012806657300335,6.056460915157293
Glass,0.455,,1,0.32530981887511917,0.45499999999999996,6,0.0015,5.635,1.0698083604169,7.1296901811248805
Paper,0.2645,,1,0.11344137273593899,0.2645,9,0.0008998109640831,9.524,1.2392161679321125,10.15105862726406
Paper,0.273,,1,0.11701620591039086,0.273,9,0.0008992673992673,9.509,1.2579705688556995,10.15598379408961
Ceramic,0.169,,1,0.09675881792183033,0.16899999999999998,5,0.0012011834319526,5.594,0.8589195736434106,6.072241182078169
Bioplastic,0.165,,1,0.05505243088655863,0.16499999999999998,7,0.0007,7.769,1.0641561635413463,8.10994756911344
Glass,0.4535,,1,0.3243565300285987,0.4535,6,0.0015005512679162,5.639,1.0686768504998314,7.129143469971401
Bioplastic,0.838,,1,0.2795519542421354,0.8380000000000001,7,0.0006998806682577,6.827,2.207866382016828,8.558448045757865
Glass,0.195,,0,0.1394184938036225,0.195,6,0.0014999999999999,5.415,0.814473422257615,6.055581506196377
Ceramic,0.551,,1,0.3150619637750239,0.5509999999999999,5,0.0011996370235934,4.678,1.3275126320624708,6.235938036224976
Bioplastic,0.649,,1,0.21663489037178268,0.649,7,0.0007003081664098,7.091,2.0496793617341558,8.432365109628218
Bioplastic,0.294,,1,0.09818875119161107,0.294,7,0.0007006802721088,7.588,1.4834343434343433,8.19581124880839
Ceramic,0.55,,0,0.3145853193517636,0.55,5,0.0012,3.68,1.3266268107610946,5.235414680648236
Ceramic,0.995,,1,0.569113441372736,0.9949999999999999,5,0.0012,3.612,1.487042313719903,6.425886558627264
Glass,0.5715,,1,0.40848427073403243,0.5715,6,0.0014995625546806,5.286,1.1239285714285714,7.163015729265968
Plastic,0.6875,,0,0.6882745471877979,0.6875,2,0.0021003636363636,-0.8879999999999999,0.8721580602249366,1.999225452812202
Metal,0.415,,1,0.35605338417540516,0.41500000000000004,5,0.0018,4.506,0.9099811872909699,6.058946615824595
Paper,0.6695,,1,0.2871782650142994,0.6695,9,0.000899925317401,8.795,1.7291776437276865,10.3823217349857
Plastic,0.858,,1,0.8589132507149667,0.858,2,0.0021002331002331,-0.6040000000000001,0.8947628988965105,2.9990867492850333
Ceramic,0.2805,,1,0.16039084842707343,0.2805,5,0.0011996434937611,5.327,1.0772267984623833,6.120109151572927
Ceramic,0.572,,1,0.32721639656816015,0.572,5,0.0012001748251748,4.627,1.338899921901149,6.24478360343184
Glass,0.1255,,1,0.08984747378455672,0.1255,6,0.0015019920318725,6.623,0.6610569922169218,7.035652526215443
Ceramic,0.24,,1,0.13727359389895138,0.24,5,0.0012,5.424,1.0114905584572116,6.102726406101048
Glass,0.415,,1,0.29671115347950433,0.41500000000000004,6,0.0015,5.755,1.046101165445152,7.118288846520496
Ceramic,0.0825,,1,0.04718779790276454,0.08249999999999999,5,0.0012,5.802,0.5605084196891191,6.035312202097235
Paper,0.6135,,1,0.26310772163965684,0.6134999999999999,9,0.0008997555012224,8.896,1.6895812549225513,10.350392278360344
Bioplastic,0.949,,1,0.3167302192564347,0.9490000000000001,7,0.0007002107481559,6.671,2.2772526592702733,8.632269780743565
Ceramic,0.7085,,0,0.4051477597712107,0.7085,5,0.0011997177134791,3.3,1.402559916965465,5.303352240228789
Ceramic,0.1395,,1,0.07983794089609153,0.1395,5,0.0012007168458781,5.665,0.7756983832494037,6.059662059103909
Plastic,0.4035,,0,0.40395614871306007,0.4035,2,0.0021003717472118,0.3049999999999999,0.8006649011633407,1.9995438512869401
Paper,0.6885,,0,0.2952812202097236,0.6885,9,0.0008997821350762,7.761,1.7417979018449294,9.393218779790276
Glass,0.677,,1,0.48403241182078177,0.6769999999999999,6,0.0015,4.968999999999999,1.159182241083816,7.192967588179218
Bioplastic,0.115,,1,0.03836987607244995,0.11499999999999999,7,0.0007,7.839,0.8311057526696519,8.07663012392755
Metal,0.4725,,1,0.4053860819828408,0.4725,5,0.0018,4.299,0.9349287937376213,6.067113918017159
Glass,0.298,,1,0.21306005719733082,0.298,6,0.0015,6.106,0.9518940316686966,7.084939942802669
Paper,0.748,,1,0.32078169685414687,0.748,9,0.0008997326203208,8.654,1.7776438604440412,10.427218303145853
Glass,0.834,,0,0.59628217349857,0.834,6,0.0014999999999999,3.498,1.197790251916758,6.23771782650143
Plastic,0.7835,,0,0.7843183984747378,0.7835,2,0.0021001914486279,-1.291,0.8859931008462243,1.9991816015252621
Ceramic,0.802,,1,0.4587702573879886,0.8019999999999999,5,0.0012001246882793,4.075,1.4352947197816257,6.343229742612011
Bioplastic,0.779,,1,0.26000953288846523,0.779,7,0.0007002567394094,6.909,2.16383159009665,8.518990467111534
Plastic,0.236,,0,0.23617731172545284,0.236,2,0.0020995762711864,1.009,0.7020104919892244,1.999822688274547
Plastic,0.8015,,1,0.8021925643469973,0.8015000000000001,2,0.0020998128509045,-0.3660000000000001,0.8883912721893491,2.9993074356530025
Bioplastic,0.1675,,1,0.055767397521449005,0.1675,7,0.0006985074626865,7.766,1.0753212974296205,8.11173260247855
Ceramic,0.8635,,0,0.49380362249761683,0.8634999999999999,5,0.0011997683844817,2.928,1.4541844597848768,5.369696377502383
Ceramic,0.1865,,0,0.10676835081029552,0.1865,5,0.0012010723860589,4.552,0.9019755647763945,5.079731649189704
Bioplastic,0.726,,1,0.24213536701620592,0.726,7,0.0006997245179063,6.984,2.1219671217609357,8.483864632983794
Bioplastic,0.7275,,0,0.24261201143946617,0.7275,7,0.0006996563573883,5.982,2.1233931552587646,7.4848879885605335
Bioplastic,0.243,,1,0.08102955195424215,0.24300000000000002,7,0.0006995884773662,7.66,1.3423222748815167,8.161970448045759
Bioplastic,0.7965,,1,0.26572926596758817,0.7965,7,0.0006999372253609,6.885,2.177840479603806,8.530770734032412
Metal,0.498,,0,0.4273117254528122,0.49800000000000005,5,0.0018002008032128,3.207,0.9444129078911688,5.070688274547188
Paper,0.1035,,1,0.04432793136320305,0.1035,9,0.0008985507246376,9.814,0.7171169088507265,10.059172068636798
Paper,0.2515,,1,0.10795996186844616,0.2515,9,0.0009005964214711,9.547,1.209367407746963,10.143540038131555
Metal,0.171,,1,0.14680648236415636,0.17099999999999999,5,0.0018011695906432,5.384,0.6928505214368481,6.024193517635844
Glass,0.8395,,1,0.600095328884652,0.8394999999999999,6,0.0014997022036926,4.482,1.1991224128540305,7.239404671115349
Ceramic,0.0765,,1,0.04385128693994281,0.0765,5,0.0012026143790849,5.816,0.5317992047713718,6.032648713060057
Ceramic,0.6115,,0,0.34985700667302194,0.6115,5,0.0012003270645952,3.532,1.359320830684467,5.261642993326978
Ceramic,0.4165,,1,0.23832221163012393,0.4165,5,0.0012004801920768,5.0,1.2310749506903351,6.178177788369876
Bioplastic,0.3885,,0,0.12964728312678744,0.38849999999999996,7,0.0007001287001287,6.456,1.6917247820672474,7.258852716873212
Metal,0.052,,1,0.044566253574833174,0.052000000000000005,5,0.0017980769230769,5.813,0.3596966699637323,6.007433746425167
Glass,0.195,,1,0.1394184938036225,0.195,6,0.0014999999999999,6.415,0.814473422257615,7.055581506196377
Bioplastic,0.9425,,1,0.3143469971401335,0.9425000000000001,7,0.0006997347480106,6.681,2.2746635223743246,8.628153002859866
Metal,0.95,,1,0.8150619637750238,0.95,5,0.0018,2.58,1.0381810605271382,6.134938036224977
Paper,0.1335,,0,0.057197330791229746,0.1335,9,0.0008988764044943,8.76,0.849251061249242,9.07630266920877
Ceramic,0.4355,,1,0.2490467111534795,0.43550000000000005,5,0.0011997703788748,4.955,1.247684009285812,6.186453288846521
Paper,0.2005,,1,0.08603431839847474,0.20049999999999998,9,0.0009002493765586,9.639,1.077758134768127,10.114465681601525
Ceramic,0.426,,1,0.24356530028598666,0.426,5,0.0011995305164319,4.978,1.2399389567147614,6.182434699714014
Bioplastic,0.7265,,1,0.24237368922783603,0.7264999999999999,7,0.0006999311768754,6.9830000000000005,2.1219504385354306,8.484126310772163
Ceramic,0.6655,,1,0.38060057197330793,0.6655,5,0.0011998497370398,4.4030000000000005,1.3847257760587124,6.284899428026692
Bioplastic,0.42,,0,0.14013346043851288,0.42000000000000004,7,0.0007,6.412,1.7490273918221517,7.279866539561487
Metal,0.265,,0,0.22735938989513824,0.265,5,0.0018,4.046,0.809507862550961,5.037640610104861
Glass,0.327,,1,0.23379408960915157,0.327,6,0.0015,6.019,0.979645866057404,7.093205910390848
Paper,0.8945,,1,0.3836987607244996,0.8945000000000001,9,0.0008999441028507,8.39,1.849291486007095,10.510801239275501
Glass,0.509,,0,0.36391801715919925,0.509,6,0.0014999999999999,4.473,1.0971766156375218,6.145081982840801
Metal,0.565,,1,0.48474737845567206,0.5650000000000001,5,0.0017999999999999,3.966,0.9662292142158463,6.080252621544329
Ceramic,0.435,,1,0.2488083889418494,0.43499999999999994,5,0.0012,4.956,1.2471030336157418,6.18619161105815
Bioplastic,0.2685,,1,0.0896091515729266,0.2685,7,0.0007001862197392,7.624,1.4160708898944192,8.178890848427073
Ceramic,0.4275,,1,0.24451858913250718,0.42750000000000005,5,0.0012,4.974,1.2408619258439402,6.182981410867493
Paper,0.2605,,1,0.11177311725452813,0.2605,9,0.0009001919385796,9.531,1.2300900292595094,10.148726882745473
Bioplastic,0.872,,1,0.29099142040038134,0.8720000000000001,7,0.000700114678899,6.779,2.23022796537852,8.581008579599619
Metal,0.74,,1,0.6348903717826502,0.74,5,0.0018,3.336,1.006952912180568,6.10510962821735
Glass,0.4835,,1,0.3455672068636797,0.4835,6,0.0014994829369183,5.55,1.0851337184424477,7.13793279313632
