material,weight_capacity,fragility,recyclability,co2_score,strength,biodegradability
Plastic,520,Low,1,1.092,2.6,2
Metal,334,Low,1,0.601,1.67,5
Paper,1706,Low,1,1.535,8.53,9
Bioplastic,1566,Medium,1,1.096,7.83,7
Paper,1564,Low,0,1.408,7.82,9
Paper,1916,High,1,1.724,9.58,9
Paper,717,Medium,1,0.645,3.585,9
Ceramic,1886,High,0,2.263,9.43,5
Paper,1371,High,0,1.234,6.855,9
Ceramic,970,Medium,1,1.164,4.85,5
Paper,314,Low,1,0.283,1.57,9
Ceramic,1006,Low,0,1.207,5.03,5
Metal,363,High,1,0.653,1.815,5
Paper,971,High,1,0.874,4.855,9
Glass,704,Medium,1,1.056,3.52,6
Ceramic,1869,High,1,2.243,9.345,5
Ceramic,1820,Medium,1,2.184,9.1,5
Ceramic,772,Medium,0,0.926,3.86,5
Paper,1492,Medium,1,1.343,7.46,9
Paper,580,High,1,0.522,2.9,9
Glass,272,Medium,1,0.408,1.36,6
Glass,1417,Low,1,2.126,7.085,6
Plastic,259,Medium,0,0.544,1.295,2
Paper,358,High,1,0.322,1.79,9
Paper,940,Low,1,0.846,4.7,9
Paper,566,Low,0,0.509,2.83,9
Plastic,1998,Medium,1,4.196,9.99,2
Metal,268,Medium,1,0.482,1.34,5
Glass,1717,Low,1,2.575,8.585,6
Paper,1532,Low,0,1.379,7.66,9
Glass,583,Low,1,0.875,2.915,6
Ceramic,610,Low,1,0.732,3.05,5
Plastic,1790,Low,0,3.759,8.95,2
Bioplastic,1074,Medium,1,0.752,5.37,7
Metal,730,Medium,0,1.314,3.65,5
Paper,921,Medium,1,0.829,4.605,9
Ceramic,765,Medium,1,0.918,3.825,5
Plastic,370,Medium,1,0.777,1.85,2
Paper,297,Low,1,0.267,1.485,9
Bioplastic,1940,High,1,1.358,9.7,7
Plastic,1948,Medium,1,4.091,9.74,2
Plastic,1705,Medium,1,3.58,8.525,2
Glass,1811,Low,1,2.716,9.055,6
Metal,1201,High,1,2.162,6.005,5
Metal,296,Low,1,0.533,1.48,5
Bioplastic,1349,Low,1,0.944,6.745,7
Ceramic,554,Low,1,0.665,2.77,5
Plastic,691,Medium,1,1.451,3.455,2
Ceramic,1106,High,1,1.327,5.53,5
Glass,871,Medium,1,1.306,4.355,6
Glass,586,Low,1,0.879,2.93,6
Paper,1566,High,1,1.409,7.83,9
Bioplastic,1477,Medium,1,1.034,7.385,7
Paper,295,Medium,1,0.266,1.475,9
Bioplastic,855,Medium,1,0.599,4.275,7
Ceramic,1198,Low,1,1.438,5.99,5
Bioplastic,1356,Medium,1,0.949,6.78,7
Paper,1761,Low,1,1.585,8.805,9
Plastic,639,High,1,1.342,3.195,2
Glass,1053,Low,1,1.579,5.265,6
Metal,257,High,1,0.463,1.285,5
Ceramic,1191,Low,1,1.429,5.955,5
Plastic,1490,Medium,1,3.129,7.45,2
Ceramic,609,Medium,1,0.731,3.045,5
Metal,1245,High,0,2.241,6.225,5
Bioplastic,1481,Medium,0,1.037,7.405,7
Plastic,1450,Low,1,3.045,7.25,2
Ceramic,787,Low,1,0.944,3.935,5
Ceramic,1405,Low,1,1.686,7.025,5
Plastic,737,Medium,1,1.548,3.685,2
Ceramic,709,Low,1,0.851,3.545,5
Metal,526,Medium,1,0.947,2.63,5
Glass,1614,High,0,2.421,8.07,6
Glass,479,Medium,1,0.719,2.395,6
Plastic,735,Medium,1,1.544,3.675,2
Bioplastic,1310,Low,1,0.917,6.55,7
Paper,950,Low,1,0.855,4.75,9
Ceramic,1157,High,0,1.388,5.785,5
Bioplastic,1781,Low,1,1.247,8.905,7
Glass,723,Low,1,1.085,3.615,6
Plastic,450,Medium,1,0.945,2.25,2
Ceramic,268,Low,1,0.322,1.34,5
Metal,379,Low,1,0.682,1.895,5
Glass,1547,High,0,2.321,7.735,6
Ceramic,1509,Low,1,1.811,7.545,5
Glass,1285,Low,1,1.927,6.425,6
Paper,955,Low,1,0.86,4.775,9
Glass,1622,Medium,1,2.433,8.11,6
Paper,394,Low,1,0.355,1.97,9
Paper,380,Medium,0,0.342,1.9,9
Glass,1135,Medium,1,1.702,5.675,6
Plastic,1407,Medium,1,2.955,7.035,2
Plastic,803,Low,1,1.686,4.015,2
Ceramic,471,Low,0,0.565,2.355,5
Ceramic,876,High,0,1.051,4.38,5
Metal,198,Low,1,0.356,0.99,5
Metal,1903,Low,0,3.425,9.515,5
Metal,1471,High,0,2.648,7.355,5
Ceramic,1414,Low,1,1.697,7.07,5
Metal,1346,Low,0,2.423,6.73,5
Metal,1183,Low,1,2.129,5.915,5
Metal,1185,Medium,1,2.133,5.925,5
Plastic,1166,Medium,1,2.449,5.83,2
Plastic,1778,Low,0,3.734,8.89,2
Glass,1426,Medium,1,2.139,7.13,6
Ceramic,456,Medium,1,0.547,2.28,5
Metal,1818,Medium,1,3.272,9.09,5
Ceramic,214,Medium,0,0.257,1.07,5
Bioplastic,336,Low,1,0.235,1.68,7
Paper,272,High,1,0.245,1.36,9
Bioplastic,505,High,1,0.353,2.525,7
Metal,524,Low,1,0.943,2.62,5
Ceramic,1763,High,1,2.116,8.815,5
Glass,536,Medium,1,0.804,2.68,6
Glass,1661,Medium,1,2.491,8.305,6
Plastic,1726,Medium,1,3.625,8.63,2
Glass,1618,Low,1,2.427,8.09,6
Bioplastic,1671,Low,1,1.17,8.355,7
Bioplastic,866,Low,1,0.606,4.33,7
Glass,1513,Low,1,2.269,7.565,6
Plastic,675,Low,1,1.417,3.375,2
Ceramic,226,High,1,0.271,1.13,5
Plastic,116,Medium,1,0.244,0.58,2
Bioplastic,867,Medium,1,0.607,4.335,7
Paper,1829,High,0,1.646,9.145,9
Ceramic,1841,Medium,1,2.209,9.205,5
Glass,559,Medium,1,0.839,2.795,6
Bioplastic,191,Low,1,0.134,0.955,7
Ceramic,1542,High,1,1.85,7.71,5
Paper,1447,Medium,1,1.302,7.235,9
Bioplastic,1779,Low,1,1.245,8.895,7
Paper,1866,Low,1,1.679,9.33,9
Bioplastic,1072,Medium,1,0.75,5.36,7
Plastic,277,Low,1,0.582,1.385,2
Glass,1352,Low,1,2.028,6.76,6
Plastic,1369,Low,0,2.875,6.845,2
Ceramic,1372,High,1,1.646,6.86,5
Plastic,1898,High,1,3.986,9.49,2
Bioplastic,549,Low,1,0.384,2.745,7
Paper,1294,Low,1,1.165,6.47,9
Ceramic,894,Low,0,1.073,4.47,5
Paper,303,Low,1,0.273,1.515,9
Bioplastic,314,Medium,1,0.22,1.57,7
Paper,507,Low,1,0.456,2.535,9
Ceramic,1932,High,1,2.318,9.66,5
Ceramic,819,Low,1,0.983,4.095,5
Ceramic,848,Low,1,1.018,4.24,5
Bioplastic,310,Medium,1,0.217,1.55,7
Plastic,502,Low,1,1.054,2.51,2
Bioplastic,1059,High,1,0.741,5.295,7
Ceramic,1876,Medium,1,2.251,9.38,5
Plastic,794,Low,1,1.667,3.97,2
Metal,139,Low,0,0.25,0.695,5
Glass,1942,Medium,1,2.913,9.71,6
Glass,726,Low,1,1.089,3.63,6
Glass,1678,Low,1,2.517,8.39,6
Glass,648,High,1,0.972,3.24,6
Plastic,1244,Medium,1,2.612,6.22,2
Bioplastic,580,High,0,0.406,2.9,7
Glass,188,High,1,0.282,0.94,6
Metal,1365,Low,1,2.457,6.825,5
Glass,1583,Medium,0,2.374,7.915,6
Bioplastic,870,High,1,0.609,4.35,7
Plastic,399,Medium,0,0.838,1.995,2
Ceramic,1935,High,1,2.322,9.675,5
Ceramic,1552,High,1,1.862,7.76,5
Glass,119,Low,1,0.178,0.595,6
Glass,471,Medium,1,0.707,2.355,6
Plastic,1733,Low,1,3.639,8.665,2
Ceramic,168,High,1,0.202,0.84,5
Bioplastic,1619,Medium,1,1.133,8.095,7
Metal,542,High,1,0.976,2.71,5
Paper,848,High,1,0.763,4.24,9
Paper,671,Low,1,0.604,3.355,9
Paper,1339,High,1,1.205,6.695,9
Plastic,428,Medium,1,0.899,2.14,2
Plastic,1779,Medium,1,3.736,8.895,2
Bioplastic,745,High,1,0.521,3.725,7
Metal,244,Medium,1,0.439,1.22,5
Ceramic,1389,Medium,1,1.667,6.945,5
Bioplastic,1001,Low,1,0.701,5.005,7
Ceramic,942,Low,1,1.13,4.71,5
Plastic,295,Medium,1,0.62,1.475,2
Ceramic,1860,Low,1,2.232,9.3,5
Ceramic,889,Low,1,1.067,4.445,5
Bioplastic,838,Medium,1,0.587,4.19,7
Metal,1930,High,1,3.474,9.65,5
Bioplastic,1279,Low,1,0.895,6.395,7
Bioplastic,1576,Low,0,1.103,7.88,7
Metal,154,High,1,0.277,0.77,5
Metal,1800,Medium,1,3.24,9,5
Glass,446,High,1,0.669,2.23,6
Paper,737,Medium,1,0.663,3.685,9
Metal,1573,Low,1,2.831,7.865,5
Bioplastic,1070,Low,0,0.749,5.35,7
Plastic,1303,Low,0,2.736,6.515,2
Glass,1157,Medium,1,1.736,5.785,6
Glass,952,Medium,1,1.428,4.76,6
Bioplastic,480,Low,1,0.336,2.4,7
Plastic,278,Medium,1,0.584,1.39,2
Paper,270,Low,1,0.243,1.35,9
Paper,1814,High,0,1.633,9.07,9
Bioplastic,1954,Low,1,1.368,9.77,7
Metal,1185,Low,1,2.133,5.925,5
Bioplastic,852,Low,1,0.596,4.26,7
Paper,1732,Medium,0,1.559,8.66,9
Metal,1231,Medium,0,2.216,6.155,5
Ceramic,931,Low,1,1.117,4.655,5
Glass,1071,Medium,1,1.607,5.355,6
Ceramic,1825,Low,1,2.19,9.125,5
Ceramic,909,Medium,1,1.091,4.545,5
Plastic,583,Low,1,1.224,2.915,2
Ceramic,601,Medium,1,0.721,3.005,5
Ceramic,409,High,1,0.491,2.045,5
Plastic,547,Low,0,1.149,2.735,2
Glass,629,High,1,0.944,3.145,6
Metal,1087,High,1,1.957,5.435,5
Plastic,1112,High,1,2.335,5.56,2
Bioplastic,908,Low,1,0.636,4.54,7
Glass,1206,Medium,0,1.809,6.03,6
Plastic,1259,Low,1,2.644,6.295,2
Metal,138,Medium,0,0.248,0.69,5
Plastic,986,Low,1,2.071,4.93,2
Glass,1227,Low,1,1.841,6.135,6
Metal,519,High,0,0.934,2.595,5
Ceramic,1814,Low,1,2.177,9.07,5
Metal,1255,Medium,1,2.259,6.275,5
Paper,658,Medium,1,0.592,3.29,9
Plastic,158,Medium,1,0.332,0.79,2
Paper,1021,Low,0,0.919,5.105,9
Bioplastic,1306,Medium,1,0.914,6.53,7
Bioplastic,1565,Medium,1,1.095,7.825,7
Bioplastic,1234,Medium,1,0.864,6.17,7
Plastic,1012,Medium,1,2.125,5.06,2
Metal,426,Medium,0,0.767,2.13,5
Bioplastic,477,Low,1,0.334,2.385,7
Paper,540,High,0,0.486,2.7,9
Plastic,772,Medium,1,1.621,3.86,2
Bioplastic,579,High,1,0.405,2.895,7
Metal,255,Low,1,0.459,1.275,5
Metal,696,High,1,1.253,3.48,5
Plastic,338,Low,1,0.71,1.69,2
Glass,162,Low,1,0.243,0.81,6
Glass,1256,Medium,0,1.884,6.28,6
Bioplastic,251,Low,1,0.176,1.255,7
Paper,586,High,1,0.527,2.93,9
Paper,1655,High,1,1.49,8.275,9
Metal,1734,Medium,1,3.121,8.67,5
Paper,903,Medium,1,0.813,4.515,9
Bioplastic,1177,High,1,0.824,5.885,7
Glass,404,Low,1,0.606,2.02,6
Bioplastic,468,Low,1,0.328,2.34,7
Bioplastic,257,Low,1,0.18,1.285,7
Paper,1589,Medium,0,1.43,7.945,9
Paper,1951,High,1,1.756,9.755,9
Ceramic,502,Medium,0,0.602,2.51,5
Bioplastic,1810,High,1,1.267,9.05,7
Bioplastic,1832,Low,1,1.282,9.16,7
Metal,333,Low,1,0.599,1.665,5
Paper,1454,Low,0,1.309,7.27,9
Bioplastic,800,Low,0,0.56,4,7
Metal,359,Low,1,0.646,1.795,5
Plastic,1921,Low,1,4.034,9.605,2
Glass,1441,Medium,0,2.162,7.205,6
Ceramic,1491,Low,1,1.789,7.455,5
Glass,1875,High,1,2.812,9.375,6
Plastic,180,Low,1,0.378,0.9,2
Plastic,1105,Low,1,2.321,5.525,2
Paper,445,Low,1,0.401,2.225,9
Glass,1555,Low,1,2.333,7.775,6
Glass,294,Medium,1,0.441,1.47,6
Bioplastic,1752,Medium,0,1.226,8.76,7
Paper,1279,Medium,1,1.151,6.395,9
Ceramic,290,High,1,0.348,1.45,5
Glass,684,Low,1,1.026,3.42,6
Bioplastic,578,Low,1,0.405,2.89,7
Ceramic,977,High,0,1.172,4.885,5
Plastic,170,Low,0,0.357,0.85,2
Metal,624,Medium,1,1.123,3.12,5
Plastic,280,Low,0,0.588,1.4,2
Bioplastic,858,Medium,1,0.601,4.29,7
Paper,1327,Low,0,1.194,6.635,9
Metal,419,Medium,1,0.754,2.095,5
Ceramic,1901,Medium,0,2.281,9.505,5
Ceramic,1038,Medium,1,1.246,5.19,5
Glass,1413,Medium,1,2.119,7.065,6
Paper,154,Medium,0,0.139,0.77,9
Plastic,645,High,1,1.355,3.225,2
Paper,666,Medium,1,0.599,3.33,9
Ceramic,1148,Low,1,1.378,5.74,5
Glass,813,Medium,1,1.22,4.065,6
Bioplastic,208,Low,1,0.146,1.04,7
Glass,1403,Medium,1,2.104,7.015,6
Plastic,1730,High,1,3.633,8.65,2
Ceramic,1224,Medium,1,1.469,6.12,5
Bioplastic,1625,Medium,1,1.137,8.125,7
Bioplastic,1409,Low,1,0.986,7.045,7
Plastic,1149,Medium,0,2.413,5.745,2
Ceramic,1120,Low,0,1.344,5.6,5
Glass,239,High,1,0.358,1.195,6
Ceramic,1503,Low,1,1.804,7.515,5
Metal,312,Medium,1,0.562,1.56,5
Glass,217,Low,1,0.326,1.085,6
Plastic,923,Medium,1,1.938,4.615,2
Plastic,1973,Low,0,4.143,9.865,2
Metal,274,Low,1,0.493,1.37,5
Glass,292,High,1,0.438,1.46,6
Ceramic,473,Medium,1,0.568,2.365,5
Bioplastic,1278,High,1,0.895,6.39,7
Ceramic,1801,High,0,2.161,9.005,5
Ceramic,1138,Low,0,1.366,5.69,5
Glass,1811,Medium,1,2.716,9.055,6
Metal,1282,Medium,1,2.308,6.41,5
Metal,1256,Medium,1,2.261,6.28,5
Plastic,830,Low,0,1.743,4.15,2
Ceramic,1087,Medium,1,1.304,5.435,5
Plastic,1056,Low,1,2.218,5.28,2
Ceramic,997,Medium,1,1.196,4.985,5
Glass,1983,High,1,2.974,9.915,6
Plastic,1538,Medium,1,3.23,7.69,2
Bioplastic,1791,Medium,1,1.254,8.955,7
Bioplastic,516,Low,1,0.361,2.58,7
Ceramic,327,Medium,1,0.392,1.635,5
Metal,386,Medium,1,0.695,1.93,5
Metal,1546,Low,1,2.783,7.73,5
Plastic,1611,Low,1,3.383,8.055,2
Glass,723,High,1,1.085,3.615,6
Ceramic,184,Medium,0,0.221,0.92,5
Metal,1140,High,0,2.052,5.7,5
Bioplastic,171,High,1,0.12,0.855,7
Ceramic,902,High,1,1.082,4.51,5
Bioplastic,879,Low,1,0.615,4.395,7
Bioplastic,1229,Low,1,0.86,6.145,7
Glass,554,Medium,1,0.831,2.77,6
Glass,538,High,1,0.807,2.69,6
Glass,1112,Medium,1,1.668,5.56,6
Bioplastic,351,Low,1,0.246,1.755,7
Bioplastic,1685,Medium,1,1.179,8.425,7
Paper,689,Medium,1,0.62,3.445,9
Metal,413,Low,1,0.743,2.065,5
Ceramic,819,Medium,1,0.983,4.095,5
Glass,1993,Medium,1,2.99,9.965,6
Glass,1660,Medium,1,2.49,8.3,6
Bioplastic,1377,Medium,1,0.964,6.885,7
Metal,1503,Low,1,2.705,7.515,5
Metal,1442,Medium,1,2.596,7.21,5
Paper,1378,Low,0,1.24,6.89,9
Bioplastic,1814,Low,1,1.27,9.07,7
Metal,684,Low,1,1.231,3.42,5
Bioplastic,1159,Medium,1,0.811,5.795,7
Ceramic,537,High,1,0.644,2.685,5
Paper,1307,Low,1,1.176,6.535,9
Metal,1177,High,1,2.119,5.885,5
Glass,1369,Medium,1,2.054,6.845,6
Ceramic,1455,Medium,1,1.746,7.275,5
Paper,1117,Low,1,1.005,5.585,9
Bioplastic,1308,High,0,0.916,6.54,7
Paper,1191,High,1,1.072,5.955,9
Glass,502,Low,1,0.753,2.51,6
Paper,1336,Medium,1,1.202,6.68,9
Glass,591,High,0,0.886,2.955,6
Plastic,1437,Medium,1,3.018,7.185,2
Plastic,603,Medium,0,1.266,3.015,2
Paper,1069,Low,1,0.962,5.345,9
Glass,1365,High,1,2.047,6.825,6
Paper,487,Low,1,0.438,2.435,9
Bioplastic,700,Low,1,0.49,3.5,7
Plastic,378,Medium,1,0.794,1.89,2
Ceramic,711,Medium,1,0.853,3.555,5
Metal,952,Medium,0,1.714,4.76,5
Paper,646,Low,1,0.581,3.23,9
Ceramic,413,Low,0,0.496,2.065,5
Plastic,1946,High,1,4.087,9.73,2
Paper,1810,Low,1,1.629,9.05,9
Bioplastic,1940,High,0,1.358,9.7,7
Ceramic,932,Low,0,1.118,4.66,5
Plastic,1790,Low,1,3.759,8.95,2
Glass,1081,Low,1,1.621,5.405,6
Ceramic,1253,Medium,0,1.504,6.265,5
Ceramic,1690,Medium,1,2.028,8.45,5
Ceramic,1389,High,1,1.667,6.945,5
Paper,866,Low,0,0.779,4.33,9
Ceramic,1629,High,0,1.955,8.145,5
Bioplastic,580,Low,0,0.406,2.9,7
Plastic,1658,Low,1,3.482,8.29,2
Paper,878,Low,1,0.79,4.39,9
Glass,1651,Medium,1,2.477,8.255,6
Plastic,651,Medium,1,1.367,3.255,2
Ceramic,692,Medium,0,0.83,3.46,5
Bioplastic,527,High,1,0.369,2.635,7
Paper,1083,Low,1,0.975,5.415,9
Paper,161,High,1,0.145,0.805,9
Bioplastic,1516,Low,1,1.061,7.58,7
Paper,910,Low,1,0.819,4.55,9
Metal,963,High,0,1.733,4.815,5
Paper,362,Medium,0,0.326,1.81,9
Glass,1254,Low,1,1.881,6.27,6
Metal,1565,Low,0,2.817,7.825,5
Metal,1036,Low,0,1.865,5.18,5
Plastic,1317,Low,1,2.766,6.585,2
Bioplastic,673,Low,0,0.471,3.365,7
Metal,889,Low,1,1.6,4.445,5
Ceramic,1392,Low,1,1.67,6.96,5
Paper,778,Low,1,0.7,3.89,9
Plastic,1110,Low,1,2.331,5.55,2
Metal,981,Low,1,1.766,4.905,5
Glass,1144,Medium,1,1.716,5.72,6
Metal,1030,Low,0,1.854,5.15,5
Bioplastic,1784,High,1,1.249,8.92,7
Glass,1567,High,1,2.35,7.835,6
Plastic,1486,Medium,0,3.121,7.43,2
Ceramic,1429,Low,1,1.715,7.145,5
Plastic,561,Low,1,1.178,2.805,2
Bioplastic,1141,Low,0,0.799,5.705,7
Paper,793,Low,0,0.714,3.965,9
Metal,1817,Medium,1,3.271,9.085,5
Bioplastic,1982,Medium,1,1.387,9.91,7
Bioplastic,760,High,1,0.532,3.8,7
Plastic,1369,Medium,0,2.875,6.845,2
Paper,1754,Medium,1,1.579,8.77,9
Glass,1414,Low,1,2.121,7.07,6
Glass,172,Medium,1,0.258,0.86,6
Metal,1974,Medium,1,3.553,9.87,5
Metal,913,High,0,1.643,4.565,5
Paper,279,Low,1,0.251,1.395,9
Ceramic,1858,Medium,1,2.23,9.29,5
Paper,1252,Low,1,1.127,6.26,9
Glass,1654,Low,0,2.481,8.27,6
Glass,1395,Low,1,2.092,6.975,6
Bioplastic,1589,Medium,1,1.112,7.945,7
Ceramic,1502,Medium,0,1.802,7.51,5
Glass,1629,Low,1,2.443,8.145,6
Paper,1017,Low,0,0.915,5.085,9
Glass,690,High,1,1.035,3.45,6
Glass,794,Low,1,1.191,3.97,6
Metal,356,High,0,0.641,1.78,5
Bioplastic,1283,Low,1,0.898,6.415,7
Bioplastic,698,Medium,1,0.489,3.49,7
Glass,765,Low,1,1.147,3.825,6
Metal,953,Low,1,1.715,4.765,5
Bioplastic,1756,Medium,1,1.229,8.78,7
Metal,1516,High,1,2.729,7.58,5
Metal,1698,Medium,0,3.056,8.49,5
Metal,1589,Medium,1,2.86,7.945,5
Ceramic,864,Medium,1,1.037,4.32,5
Metal,1868,Medium,1,3.362,9.34,5
Paper,1960,Medium,0,1.764,9.8,9
Ceramic,1780,Low,1,2.136,8.9,5
Plastic,1077,Low,1,2.262,5.385,2
Metal,497,Low,1,0.895,2.485,5
Ceramic,1284,Medium,1,1.541,6.42,5
Metal,1738,Low,1,3.128,8.69,5
Bioplastic,290,Medium,1,0.203,1.45,7
Bioplastic,1389,High,1,0.972,6.945,7
Glass,963,Low,1,1.444,4.815,6
Ceramic,1166,Low,1,1.399,5.83,5
Glass,1619,Low,1,2.429,8.095,6
Paper,939,Low,1,0.845,4.695,9
Paper,135,Low,1,0.121,0.675,9
Metal,1878,Low,0,3.38,9.39,5
Bioplastic,394,Low,1,0.276,1.97,7
Paper,1385,Low,1,1.246,6.925,9
Glass,379,Low,1,0.569,1.895,6
Paper,1036,Low,1,0.932,5.18,9
Bioplastic,424,High,1,0.297,2.12,7
Plastic,1261,Low,1,2.648,6.305,2
Ceramic,1870,Medium,1,2.244,9.35,5
Paper,100,Medium,1,0.09,0.5,9
Glass,1996,High,1,2.994,9.98,6
Plastic,1975,Medium,1,4.147,9.875,2
Glass,1396,Medium,1,2.094,6.98,6
Ceramic,1057,Low,1,1.268,5.285,5
Paper,503,Medium,0,0.453,2.515,9
Metal,1353,Low,1,2.435,6.765,5
Paper,1648,Low,1,1.483,8.24,9
Paper,956,Low,1,0.86,4.78,9
Plastic,1333,Low,0,2.799,6.665,2
Metal,450,Low,1,0.81,2.25,5
Ceramic,518,Low,0,0.622,2.59,5
Plastic,1799,Low,0,3.778,8.995,2
Plastic,1962,High,1,4.12,9.81,2
Plastic,1543,High,1,3.24,7.715,2
Bioplastic,117,Medium,1,0.082,0.585,7
Plastic,657,Low,1,1.38,3.285,2
Ceramic,1035,Low,1,1.242,5.175,5
Plastic,583,High,1,1.224,2.915,2
Paper,1480,Low,1,1.332,7.4,9
Ceramic,435,Low,0,0.522,2.175,5
Ceramic,1289,Medium,1,1.547,6.445,5
Plastic,331,High,1,0.695,1.655,2
Paper,138,High,0,0.124,0.69,9
Plastic,1993,Medium,1,4.185,9.965,2
Paper,892,Low,1,0.803,4.46,9
Metal,1637,Medium,0,2.947,8.185,5
Glass,524,Low,1,0.786,2.62,6
Glass,1166,Low,0,1.749,5.83,6
Bioplastic,473,Medium,1,0.331,2.365,7
Plastic,1022,Medium,1,2.146,5.11,2
Glass,1561,Medium,1,2.341,7.805,6
Paper,1887,High,1,1.698,9.435,9
Glass,763,Low,0,1.145,3.815,6
Paper,580,High,1,0.522,2.9,9
Paper,942,Medium,1,0.848,4.71,9
Ceramic,1329,Low,1,1.595,6.645,5
Metal,1792,Low,0,3.226,8.96,5
Plastic,1265,Medium,1,2.656,6.325,2
Bioplastic,394,Low,1,0.276,1.97,7
Bioplastic,877,Medium,0,0.614,4.385,7
Bioplastic,1303,High,1,0.912,6.515,7
Paper,994,High,0,0.895,4.97,9
Paper,1003,Low,0,0.903,5.015,9
Ceramic,1464,Medium,0,1.757,7.32,5
Bioplastic,1031,Medium,0,0.722,5.155,7
Metal,1800,Medium,0,3.24,9,5
Metal,1537,Medium,1,2.767,7.685,5
Metal,495,High,1,0.891,2.475,5
Paper,1038,Medium,1,0.934,5.19,9
Ceramic,535,Medium,1,0.642,2.675,5
Glass,552,Low,1,0.828,2.76,6
Bioplastic,605,High,1,0.423,3.025,7
Bioplastic,268,Medium,1,0.188,1.34,7
Glass,382,High,1,0.573,1.91,6
Glass,594,Low,1,0.891,2.97,6
Glass,1748,High,1,2.622,8.74,6
Ceramic,761,High,1,0.913,3.805,5
Plastic,1992,Medium,0,4.183,9.96,2
Metal,1550,High,1,2.79,7.75,5
Ceramic,590,Medium,1,0.708,2.95,5
Paper,1560,High,1,1.404,7.8,9
Glass,1290,Medium,1,1.935,6.45,6
Glass,528,Low,1,0.792,2.64,6
Plastic,1628,Low,1,3.419,8.14,2
Metal,792,Medium,1,1.426,3.96,5
Ceramic,390,Low,0,0.468,1.95,5
Bioplastic,1603,Medium,1,1.122,8.015,7
Ceramic,1866,Medium,1,2.239,9.33,5
Bioplastic,1858,Low,1,1.301,9.29,7
Paper,1071,Low,1,0.964,5.355,9
Paper,899,Medium,1,0.809,4.495,9
Plastic,701,Medium,0,1.472,3.505,2
Metal,362,Medium,1,0.652,1.81,5
Paper,267,Medium,1,0.24,1.335,9
Paper,754,Low,1,0.679,3.77,9
Glass,1826,Low,1,2.739,9.13,6
Ceramic,1635,Medium,1,1.962,8.175,5
Paper,1759,Medium,1,1.583,8.795,9
Metal,1464,Medium,1,2.635,7.32,5
Ceramic,137,Medium,0,0.164,0.685,5
Bioplastic,714,Low,1,0.5,3.57,7
Glass,590,Medium,1,0.885,2.95,6
Ceramic,615,Low,0,0.738,3.075,5
Ceramic,1475,Medium,0,1.77,7.375,5
Metal,925,Low,0,1.665,4.625,5
Metal,594,Medium,1,1.069,2.97,5
Glass,849,Medium,1,1.274,4.245,6
Plastic,1985,Low,0,4.168,9.925,2
Paper,489,Medium,0,0.44,2.445,9
Glass,932,High,1,1.398,4.66,6
Plastic,598,High,1,1.256,2.99,2
Paper,1443,Low,1,1.299,7.215,9
Ceramic,618,Low,0,0.742,3.09,5
Bioplastic,1158,High,0,0.811,5.79,7
Metal,1843,Low,1,3.317,9.215,5
Ceramic,1474,High,1,1.769,7.37,5
Glass,1454,High,0,2.181,7.27,6
Metal,508,Medium,1,0.914,2.54,5
Glass,1818,Low,1,2.727,9.09,6
Ceramic,1718,Medium,1,2.062,8.59,5
Plastic,822,High,1,1.726,4.11,2
Ceramic,1101,Low,1,1.321,5.505,5
Plastic,487,Low,1,1.023,2.435,2
Plastic,237,Medium,1,0.498,1.185,2
Glass,1894,High,0,2.841,9.47,6
Paper,1835,High,1,1.651,9.175,9
Glass,450,High,0,0.675,2.25,6
Glass,1412,Medium,1,2.118,7.06,6
Bioplastic,1201,Low,1,0.841,6.005,7
Plastic,435,Low,0,0.913,2.175,2
Metal,1998,Low,1,3.596,9.99,5
Ceramic,616,Low,1,0.739,3.08,5
Glass,1674,Low,1,2.511,8.37,6
Ceramic,725,High,1,0.87,3.625,5
Paper,1036,High,1,0.932,5.18,9
Glass,186,Medium,1,0.279,0.93,6
Paper,1074,Medium,0,0.967,5.37,9
Plastic,612,Medium,1,1.285,3.06,2
Glass,1111,Medium,1,1.667,5.555,6
Bioplastic,1581,Low,1,1.107,7.905,7
Glass,130,Low,0,0.195,0.65,6
Paper,396,Low,1,0.356,1.98,9
Metal,260,Medium,1,0.468,1.3,5
Metal,847,Low,0,1.525,4.235,5
Paper,1518,High,1,1.366,7.59,9
Ceramic,218,Low,1,0.262,1.09,5
Paper,1605,High,1,1.444,8.025,9
Paper,783,High,1,0.705,3.915,9
Ceramic,1700,Low,1,2.04,8.5,5
Plastic,884,Medium,1,1.856,4.42,2
Metal,1620,Medium,1,2.916,8.1,5
Metal,965,Low,0,1.737,4.825,5
Ceramic,1803,Low,1,2.164,9.015,5
Plastic,1227,Medium,1,2.577,6.135,2
Metal,1885,High,1,3.393,9.425,5
Paper,1150,Low,1,1.035,5.75,9
Glass,700,High,1,1.05,3.5,6
Bioplastic,1717,Low,1,1.202,8.585,7
Ceramic,1980,High,1,2.376,9.9,5
Bioplastic,1263,Medium,0,0.884,6.315,7
Ceramic,1488,Medium,0,1.786,7.44,5
Paper,324,Medium,0,0.292,1.62,9
Glass,580,Medium,1,0.87,2.9,6
Glass,1528,Low,1,2.292,7.64,6
Plastic,1370,Low,1,2.877,6.85,2
Bioplastic,1871,Low,0,1.31,9.355,7
Bioplastic,238,Medium,1,0.167,1.19,7
Metal,1483,High,1,2.669,7.415,5
Ceramic,1008,Low,0,1.21,5.04,5
Metal,887,Medium,0,1.597,4.435,5
Paper,1111,High,0,1,5.555,9
Paper,1964,Medium,1,1.768,9.82,9
Metal,1243,Low,1,2.237,6.215,5
Metal,1020,Medium,1,1.836,5.1,5
Bioplastic,1066,High,1,0.746,5.33,7
Ceramic,1171,Medium,1,1.405,5.855,5
Ceramic,1815,Low,1,2.178,9.075,5
Bioplastic,1451,Low,1,1.016,7.255,7
Glass,592,Low,1,0.888,2.96,6
Paper,538,Medium,1,0.484,2.69,9
Metal,1196,Low,1,2.153,5.98,5
Paper,392,Medium,1,0.353,1.96,9
Glass,174,Low,0,0.261,0.87,6
Glass,503,Low,1,0.754,2.515,6
Paper,1789,Low,1,1.61,8.945,9
Metal,1540,Low,1,2.772,7.7,5
Paper,1050,Low,0,0.945,5.25,9
Ceramic,811,Low,1,0.973,4.055,5
Plastic,994,High,1,2.087,4.97,2
Paper,1780,Medium,1,1.602,8.9,9
Plastic,1710,Medium,1,3.591,8.55,2
Glass,1437,Medium,1,2.155,7.185,6
Paper,1018,Low,0,0.916,5.09,9
Glass,1878,Low,1,2.817,9.39,6
Metal,698,High,1,1.256,3.49,5
Bioplastic,181,Low,1,0.127,0.905,7
Plastic,298,Medium,1,0.626,1.49,2
Ceramic,1250,Low,1,1.5,6.25,5
Paper,222,Medium,1,0.2,1.11,9
Ceramic,1064,Low,1,1.277,5.32,5
Ceramic,116,Low,1,0.139,0.58,5
Plastic,916,Medium,1,1.924,4.58,2
Bioplastic,1670,Medium,1,1.169,8.35,7
Plastic,813,Low,1,1.707,4.065,2
Bioplastic,178,Medium,1,0.125,0.89,7
Glass,753,Low,1,1.129,3.765,6
Paper,1473,Medium,1,1.326,7.365,9
Plastic,1023,Low,1,2.148,5.115,2
Ceramic,1063,Low,1,1.276,5.315,5
Paper,387,High,1,0.348,1.935,9
Glass,1442,Medium,1,2.163,7.21,6
Metal,1811,Low,1,3.26,9.055,5
Glass,1458,Low,1,2.187,7.29,6
Bioplastic,1384,Low,0,0.969,6.92,7
Ceramic,1609,Medium,1,1.931,8.045,5
Bioplastic,440,Low,0,0.308,2.2,7
Ceramic,932,High,1,1.118,4.66,5
Ceramic,640,High,0,0.768,3.2,5
Paper,1668,Medium,1,1.501,8.34,9
Bioplastic,635,High,0,0.445,3.175,7
Paper,1351,Low,1,1.216,6.755,9
Bioplastic,1652,Low,0,1.156,8.26,7
Plastic,823,Medium,0,1.728,4.115,2
Plastic,877,Medium,1,1.842,4.385,2
Paper,949,Low,0,0.854,4.745,9
Glass,999,Low,1,1.498,4.995,6
Plastic,616,Low,1,1.294,3.08,2
Bioplastic,454,Medium,1,0.318,2.27,7
Bioplastic,911,High,1,0.638,4.555,7
Metal,1023,High,0,1.841,5.115,5
Metal,1112,Low,0,2.002,5.56,5
Glass,860,Low,1,1.29,4.3,6
Metal,974,Medium,1,1.753,4.87,5
Glass,1670,High,1,2.505,8.35,6
Bioplastic,1601,Low,0,1.121,8.005,7
Bioplastic,1271,Medium,1,0.89,6.355,7
Metal,1565,High,1,2.817,7.825,5
Metal,1293,Medium,1,2.327,6.465,5
Metal,1038,Low,0,1.868,5.19,5
Paper,1279,Low,1,1.151,6.395,9
Paper,1609,Medium,1,1.448,8.045,9
Glass,1932,Low,0,2.898,9.66,6
Ceramic,131,Low,1,0.157,0.655,5
Ceramic,1408,Low,1,1.69,7.04,5
Glass,769,Medium,0,1.153,3.845,6
Paper,1955,Medium,1,1.76,9.775,9
Ceramic,736,Medium,1,0.883,3.68,5
Plastic,349,Medium,1,0.733,1.745,2
Paper,1700,Low,1,1.53,8.5,9
Ceramic,1984,Medium,1,2.381,9.92,5
Plastic,539,Medium,1,1.132,2.695,2
Ceramic,404,High,1,0.485,2.02,5
Plastic,875,Low,1,1.837,4.375,2
Ceramic,1638,Medium,1,1.966,8.19,5
Glass,386,Medium,1,0.579,1.93,6
Plastic,595,High,0,1.25,2.975,2
Ceramic,931,Medium,1,1.117,4.655,5
Plastic,421,High,1,0.884,2.105,2
Plastic,1703,Medium,1,3.576,8.515,2
Plastic,406,Medium,1,0.853,2.03,2
Plastic,1103,Low,1,2.316,5.515,2
Paper,1418,High,1,1.276,7.09,9
Plastic,204,Low,1,0.428,1.02,2
Plastic,443,Medium,1,0.93,2.215,2
Metal,743,High,0,1.337,3.715,5
Bioplastic,1607,Low,1,1.125,8.035,7
Plastic,1272,Low,1,2.671,6.36,2
Ceramic,166,High,0,0.199,0.83,5
Bioplastic,615,Low,1,0.43,3.075,7
Plastic,267,Low,1,0.561,1.335,2
Glass,869,Low,0,1.304,4.345,6
Plastic,563,Medium,1,1.182,2.815,2
Metal,1281,Medium,0,2.306,6.405,5
Bioplastic,2000,Medium,1,1.4,10,7
Paper,495,Medium,0,0.446,2.475,9
Glass,893,Low,1,1.339,4.465,6
Glass,1272,Medium,1,1.908,6.36,6
Metal,343,Low,1,0.617,1.715,5
Bioplastic,957,Low,1,0.67,4.785,7
Ceramic,398,Medium,1,0.478,1.99,5
Metal,676,Medium,1,1.217,3.38,5
Ceramic,1622,Medium,1,1.946,8.11,5
Glass,1398,Low,1,2.097,6.99,6
Ceramic,1805,High,1,2.166,9.025,5
Glass,345,Low,0,0.517,1.725,6
Bioplastic,1073,Low,1,0.751,5.365,7
Plastic,564,Medium,1,1.184,2.82,2
Metal,1887,High,0,3.397,9.435,5
Ceramic,160,High,0,0.192,0.8,5
Plastic,682,Low,1,1.432,3.41,2
Ceramic,1929,High,0,2.315,9.645,5
Bioplastic,322,Low,1,0.225,1.61,7
Bioplastic,532,Medium,1,0.372,2.66,7
Ceramic,1196,Medium,0,1.435,5.98,5
Bioplastic,1975,Medium,1,1.383,9.875,7
Bioplastic,434,High,1,0.304,2.17,7
Bioplastic,1106,Low,1,0.774,5.53,7
Bioplastic,1048,Low,0,0.734,5.24,7
Paper,1694,Medium,1,1.525,8.47,9
Metal,471,High,1,0.848,2.355,5
Glass,1248,Medium,1,1.872,6.24,6
Plastic,834,Medium,1,1.751,4.17,2
Paper,338,Medium,0,0.304,1.69,9
Metal,1341,High,1,2.414,6.705,5
Glass,488,Medium,1,0.732,2.44,6
Metal,1002,High,0,1.804,5.01,5
Glass,1678,Low,0,2.517,8.39,6
Bioplastic,143,Medium,0,0.1,0.715,7
Paper,774,Low,1,0.697,3.87,9
Metal,519,Low,1,0.934,2.595,5
Bioplastic,1444,High,1,1.011,7.22,7
Bioplastic,795,Medium,1,0.556,3.975,7
Paper,135,Low,1,0.121,0.675,9
Ceramic,1557,Medium,1,1.868,7.785,5
Plastic,1984,Low,1,4.166,9.92,2
Metal,1845,Medium,1,3.321,9.225,5
Ceramic,331,Low,1,0.397,1.655,5
Metal,1101,Medium,1,1.982,5.505,5
Ceramic,808,Low,1,0.97,4.04,5
Glass,713,Medium,1,1.069,3.565,6
Ceramic,1104,Medium,0,1.325,5.52,5
Bioplastic,144,Low,1,0.101,0.72,7
Glass,1247,Medium,1,1.871,6.235,6
Paper,762,Low,1,0.686,3.81,9
Plastic,582,High,1,1.222,2.91,2
Plastic,1380,Low,1,2.898,6.9,2
Ceramic,1700,Medium,1,2.04,8.5,5
Glass,1906,Medium,0,2.859,9.53,6
Paper,1475,Low,1,1.327,7.375,9
Bioplastic,924,Low,1,0.647,4.62,7
Metal,1926,High,1,3.467,9.63,5
Metal,1820,Medium,1,3.276,9.1,5
Metal,333,High,0,0.599,1.665,5
Bioplastic,1115,Low,0,0.78,5.575,7
Ceramic,1635,Medium,0,1.962,8.175,5
Plastic,1161,Medium,1,2.438,5.805,2
Glass,666,Medium,1,0.999,3.33,6
Metal,1307,Low,1,2.353,6.535,5
Paper,584,High,1,0.526,2.92,9
Glass,455,Low,1,0.682,2.275,6
Glass,1542,Medium,1,2.313,7.71,6
Bioplastic,303,Medium,1,0.212,1.515,7
Plastic,1934,Medium,1,4.061,9.67,2
Bioplastic,636,High,1,0.445,3.18,7
Paper,574,Medium,1,0.517,2.87,9
Plastic,1156,Low,1,2.428,5.78,2
Bioplastic,1120,High,1,0.784,5.6,7
Paper,1181,Low,1,1.063,5.905,9
Paper,417,Low,1,0.375,2.085,9
Plastic,1277,Medium,1,2.682,6.385,2
Ceramic,975,Low,1,1.17,4.875,5
Paper,1842,Medium,1,1.658,9.21,9
Glass,798,Medium,0,1.197,3.99,6
Paper,1476,Medium,1,1.328,7.38,9
Bioplastic,537,High,0,0.376,2.685,7
Paper,359,Medium,1,0.323,1.795,9
Plastic,1753,Medium,1,3.681,8.765,2
Plastic,936,Low,1,1.966,4.68,2
Glass,1260,Low,1,1.89,6.3,6
Paper,1739,High,0,1.565,8.695,9
Bioplastic,1732,High,1,1.212,8.66,7
Bioplastic,265,High,1,0.185,1.325,7
Metal,1738,Medium,1,3.128,8.69,5
Paper,1716,Medium,1,1.544,8.58,9
Bioplastic,1946,Medium,1,1.362,9.73,7
Paper,1892,Medium,1,1.703,9.46,9
Paper,1410,Medium,1,1.269,7.05,9
Glass,1926,Medium,1,2.889,9.63,6
Metal,1390,Medium,1,2.502,6.95,5
Metal,1689,High,1,3.04,8.445,5
Metal,1045,High,1,1.881,5.225,5
Plastic,917,Medium,0,1.926,4.585,2
Glass,1266,Low,1,1.899,6.33,6
Metal,555,Low,0,0.999,2.775,5
Plastic,1206,Low,1,2.533,6.03,2
Plastic,987,Low,1,2.073,4.935,2
Metal,1310,Medium,1,2.358,6.55,5
Metal,1419,High,1,2.554,7.095,5
Metal,1890,High,1,3.402,9.45,5
Paper,1158,Low,1,1.042,5.79,9
Bioplastic,293,High,0,0.205,1.465,7
Ceramic,363,Low,1,0.436,1.815,5
Paper,1557,Low,1,1.401,7.785,9
Paper,1335,Low,1,1.202,6.675,9
Ceramic,1344,Low,1,1.613,6.72,5
Glass,965,High,1,1.448,4.825,6
Ceramic,1862,Medium,1,2.234,9.31,5
Metal,483,Medium,1,0.869,2.415,5
Bioplastic,1564,High,1,1.095,7.82,7
Bioplastic,1779,High,1,1.245,8.895,7
Glass,1286,Low,1,1.929,6.43,6
Paper,1228,Low,0,1.105,6.14,9
Bioplastic,453,Low,1,0.317,2.265,7
Metal,822,Low,0,1.48,4.11,5
Metal,1706,Low,1,3.071,8.53,5
Paper,1366,Low,1,1.229,6.83,9
Glass,1649,Medium,1,2.474,8.245,6
Ceramic,1597,Medium,1,1.916,7.985,5
Paper,1862,High,1,1.676,9.31,9
Paper,149,Low,1,0.134,0.745,9
Ceramic,566,Medium,1,0.679,2.83,5
Plastic,251,Medium,1,0.527,1.255,2
Paper,855,Low,1,0.769,4.275,9
Ceramic,1007,Medium,1,1.208,5.035,5
Glass,1026,Low,0,1.539,5.13,6
Metal,1993,Medium,1,3.587,9.965,5
Glass,1844,Medium,1,2.766,9.22,6
Ceramic,1496,Medium,1,1.795,7.48,5
Metal,1844,Medium,0,3.319,9.22,5
Plastic,768,Medium,1,1.613,3.84,2
Bioplastic,1901,Low,1,1.331,9.505,7
Bioplastic,1983,Medium,1,1.388,9.915,7
Glass,144,Low,0,0.216,0.72,6
Ceramic,1636,Medium,0,1.963,8.18,5
Paper,1163,Low,1,1.047,5.815,9
Ceramic,1344,Low,1,1.613,6.72,5
Ceramic,238,Low,1,0.286,1.19,5
Plastic,1547,High,1,3.249,7.735,2
Paper,384,High,1,0.346,1.92,9
Metal,868,Medium,1,1.562,4.34,5
Paper,1875,Low,1,1.688,9.375,9
Bioplastic,1869,Low,1,1.308,9.345,7
Glass,1426,Medium,0,2.139,7.13,6
Bioplastic,1418,Low,1,0.993,7.09,7
Plastic,884,Low,0,1.856,4.42,2
Paper,1944,Low,0,1.75,9.72,9
Ceramic,1280,Medium,0,1.536,6.4,5
Glass,601,Low,0,0.901,3.005,6
Glass,1237,Medium,1,1.855,6.185,6
Paper,1434,High,1,1.291,7.17,9
Bioplastic,1258,Low,1,0.881,6.29,7
Plastic,259,Low,0,0.544,1.295,2
Glass,802,High,1,1.203,4.01,6
Plastic,1885,Medium,1,3.958,9.425,2
Paper,777,Medium,1,0.699,3.885,9
Bioplastic,592,High,1,0.414,2.96,7
Ceramic,174,Low,1,0.209,0.87,5
Plastic,538,Low,1,1.13,2.69,2
Bioplastic,667,Low,1,0.467,3.335,7
Glass,612,Medium,1,0.918,3.06,6
Metal,1072,Low,1,1.93,5.36,5
Bioplastic,233,Low,0,0.163,1.165,7
Plastic,1634,Medium,1,3.431,8.17,2
Bioplastic,1982,Low,1,1.387,9.91,7
Paper,423,Low,0,0.381,2.115,9
Paper,470,Low,1,0.423,2.35,9
Metal,1936,Medium,0,3.485,9.68,5
Plastic,1640,Medium,0,3.444,8.2,2
Paper,1584,Low,1,1.426,7.92,9
Metal,742,Low,1,1.336,3.71,5
Ceramic,1992,Medium,1,2.39,9.96,5
Metal,1434,Medium,1,2.581,7.17,5
Paper,1005,Medium,1,0.904,5.025,9
Bioplastic,391,Medium,0,0.274,1.955,7
Metal,711,Low,1,1.28,3.555,5
Metal,1172,Medium,1,2.11,5.86,5
Ceramic,1295,Medium,1,1.554,6.475,5
Glass,1307,Medium,1,1.96,6.535,6
Bioplastic,508,High,1,0.356,2.54,7
Paper,788,Medium,1,0.709,3.94,9
Plastic,1603,Medium,0,3.366,8.015,2
Glass,1522,High,0,2.283,7.61,6
Plastic,1877,Medium,1,3.942,9.385,2
Plastic,1116,Low,1,2.344,5.58,2
Ceramic,1572,Low,1,1.886,7.86,5
Paper,1154,Medium,1,1.039,5.77,9
Ceramic,541,Medium,1,0.649,2.705,5
Glass,1273,Medium,1,1.909,6.365,6
Glass,450,Medium,0,0.675,2.25,6
Ceramic,465,Low,0,0.558,2.325,5
Plastic,1067,Low,1,2.241,5.335,2
Plastic,1407,Low,1,2.955,7.035,2
Ceramic,1687,Low,1,2.024,8.435,5
Glass,935,Low,0,1.403,4.675,6
Bioplastic,1277,Medium,1,0.894,6.385,7
Plastic,1388,Low,1,2.915,6.94,2
Paper,580,Medium,1,0.522,2.9,9
Bioplastic,1070,Medium,1,0.749,5.35,7
Bioplastic,598,Medium,1,0.419,2.99,7
Glass,771,Medium,1,1.157,3.855,6
Paper,1984,Low,0,1.786,9.92,9
Metal,830,Low,1,1.494,4.15,5
Glass,1100,Medium,0,1.65,5.5,6
Metal,564,High,1,1.015,2.82,5
Paper,1229,High,1,1.106,6.145,9
Ceramic,336,Low,1,0.403,1.68,5
Glass,1008,Medium,1,1.512,5.04,6
Bioplastic,1180,Medium,1,0.826,5.9,7
Metal,1900,Medium,1,3.42,9.5,5
Plastic,420,Low,1,0.882,2.1,2
Ceramic,782,High,1,0.938,3.91,5
Plastic,1677,Low,1,3.522,8.385,2
Glass,1616,Medium,1,2.424,8.08,6
Bioplastic,417,High,1,0.292,2.085,7
Bioplastic,417,Medium,1,0.292,2.085,7
Bioplastic,550,Low,1,0.385,2.75,7
Plastic,1023,Medium,0,2.148,5.115,2
Plastic,1875,Low,0,3.938,9.375,2
Bioplastic,559,Medium,1,0.391,2.795,7
Ceramic,442,Medium,1,0.53,2.21,5
Ceramic,1774,Medium,1,2.129,8.87,5
Paper,1201,High,1,1.081,6.005,9
Glass,352,Medium,1,0.528,1.76,6
Paper,127,Low,1,0.114,0.635,9
Ceramic,1595,Low,1,1.914,7.975,5
Glass,950,Medium,1,1.425,4.75,6
Plastic,1099,Low,1,2.308,5.495,2
Paper,165,Low,1,0.148,0.825,9
Ceramic,862,Low,1,1.034,4.31,5
Ceramic,1741,Medium,0,2.089,8.705,5
Ceramic,1823,Medium,1,2.188,9.115,5
Ceramic,1965,Low,1,2.358,9.825,5
Paper,434,High,1,0.391,2.17,9
Bioplastic,792,Low,1,0.554,3.96,7
Plastic,1468,High,1,3.083,7.34,2
Ceramic,148,Medium,1,0.178,0.74,5
Metal,605,Medium,0,1.089,3.025,5
Glass,253,Low,1,0.38,1.265,6
Bioplastic,412,Low,0,0.288,2.06,7
Paper,1153,Medium,1,1.038,5.765,9
Paper,129,Medium,1,0.116,0.645,9
Bioplastic,888,Low,1,0.622,4.44,7
Paper,1673,Low,1,1.506,8.365,9
Glass,444,Medium,1,0.666,2.22,6
Paper,1559,Low,1,1.403,7.795,9
Glass,816,Low,0,1.224,4.08,6
Ceramic,265,Medium,1,0.318,1.325,5
Paper,903,High,1,0.813,4.515,9
Plastic,1914,High,0,4.019,9.57,2
Ceramic,1115,Medium,1,1.338,5.575,5
Ceramic,787,High,1,0.944,3.935,5
Paper,1724,High,0,1.552,8.62,9
Ceramic,747,Low,0,0.896,3.735,5
Paper,969,Medium,1,0.872,4.845,9
Glass,929,Low,0,1.393,4.645,6
Bioplastic,846,High,1,0.592,4.23,7
Ceramic,1358,High,0,1.63,6.79,5
Metal,440,Medium,1,0.792,2.2,5
Ceramic,1818,Medium,0,2.182,9.09,5
Metal,531,High,1,0.956,2.655,5
Paper,988,Medium,1,0.889,4.94,9
Ceramic,109,Low,1,0.131,0.545,5
Bioplastic,1369,Medium,0,0.958,6.845,7
Plastic,664,Medium,1,1.394,3.32,2
Bioplastic,1996,Medium,1,1.397,9.98,7
Paper,1232,Low,1,1.109,6.16,9
Paper,736,High,1,0.662,3.68,9
Ceramic,464,Low,1,0.557,2.32,5
Ceramic,407,Low,1,0.488,2.035,5
Glass,320,Low,1,0.48,1.6,6
Glass,1379,Medium,1,2.068,6.895,6
Metal,413,Medium,1,0.743,2.065,5
Plastic,1929,Low,1,4.051,9.645,2
Glass,577,Medium,0,0.866,2.885,6
Ceramic,191,Medium,1,0.229,0.955,5
Bioplastic,189,Low,0,0.132,0.945,7
Ceramic,1513,Medium,1,1.816,7.565,5
Ceramic,682,Low,0,0.818,3.41,5
Glass,186,Medium,1,0.279,0.93,6
Glass,1639,Medium,1,2.458,8.195,6
Glass,1109,Medium,1,1.663,5.545,6
Metal,967,Low,1,1.741,4.835,5
Metal,1967,Low,1,3.541,9.835,5
Glass,913,Medium,1,1.369,4.565,6
Paper,918,Low,1,0.826,4.59,9
Bioplastic,1600,Low,1,1.12,8,7
Ceramic,1209,Medium,0,1.451,6.045,5
Plastic,1698,Low,1,3.566,8.49,2
Metal,1841,Low,1,3.314,9.205,5
Plastic,399,Low,0,0.838,1.995,2
Paper,1297,Low,1,1.167,6.485,9
Plastic,1410,Low,1,2.961,7.05,2
Metal,1369,Medium,1,2.464,6.845,5
Plastic,863,Low,1,1.812,4.315,2
Bioplastic,205,Medium,0,0.143,1.025,7
Glass,342,High,1,0.513,1.71,6
Paper,1764,Medium,1,1.588,8.82,9
Paper,1487,Medium,1,1.338,7.435,9
Paper,966,Medium,0,0.869,4.83,9
Ceramic,1567,Low,1,1.88,7.835,5
Paper,1868,Low,1,1.681,9.34,9
Plastic,822,Medium,0,1.726,4.11,2
Paper,1969,Medium,0,1.772,9.845,9
Metal,1329,High,1,2.392,6.645,5
Bioplastic,165,High,1,0.115,0.825,7
Glass,1227,Low,0,1.841,6.135,6
Paper,661,Medium,1,0.595,3.305,9
Metal,234,Medium,1,0.421,1.17,5
Paper,589,Medium,1,0.53,2.945,9
Ceramic,1572,Low,1,1.886,7.86,5
Plastic,1503,Medium,1,3.156,7.515,2
Paper,330,Low,1,0.297,1.65,9
Metal,422,Low,1,0.76,2.11,5
Glass,437,Medium,1,0.655,2.185,6
Paper,698,Low,1,0.628,3.49,9
Bioplastic,447,Low,0,0.313,2.235,7
Glass,269,Medium,1,0.404,1.345,6
Plastic,434,Low,1,0.911,2.17,2
Plastic,1871,High,1,3.929,9.355,2
Paper,1020,Low,1,0.918,5.1,9
Metal,1823,Medium,1,3.281,9.115,5
Plastic,1790,High,0,3.759,8.95,2
Metal,835,Medium,1,1.503,4.175,5
Ceramic,1632,Low,1,1.958,8.16,5
Glass,1245,Medium,0,1.867,6.225,6
Paper,1789,High,1,1.61,8.945,9
Paper,423,Medium,0,0.381,2.115,9
Paper,1003,Medium,1,0.903,5.015,9
Plastic,1755,Low,1,3.686,8.775,2
Glass,1071,Low,0,1.607,5.355,6
Bioplastic,1138,Medium,1,0.797,5.69,7
Glass,1770,Low,0,2.655,8.85,6
Glass,993,High,1,1.49,4.965,6
Bioplastic,1943,Low,1,1.36,9.715,7
Glass,1726,Low,0,2.589,8.63,6
Paper,528,Low,1,0.475,2.64,9
Glass,661,Low,1,0.992,3.305,6
Ceramic,821,Low,1,0.985,4.105,5
Plastic,1474,Low,1,3.095,7.37,2
Ceramic,487,High,0,0.584,2.435,5
Plastic,463,Medium,0,0.972,2.315,2
Ceramic,605,High,1,0.726,3.025,5
Metal,1684,Medium,1,3.031,8.42,5
Plastic,866,Low,0,1.819,4.33,2
Plastic,1734,Medium,1,3.641,8.67,2
Glass,569,Low,1,0.854,2.845,6
Ceramic,1545,Medium,0,1.854,7.725,5
Bioplastic,1786,Low,1,1.25,8.93,7
Plastic,1513,High,1,3.177,7.565,2
Ceramic,498,Medium,1,0.598,2.49,5
Bioplastic,1431,Medium,1,1.002,7.155,7
Paper,170,Medium,1,0.153,0.85,9
Paper,477,High,1,0.429,2.385,9
Metal,545,Low,0,0.981,2.725,5
Paper,463,High,1,0.417,2.315,9
Ceramic,1818,Medium,1,2.182,9.09,5
Paper,1304,High,1,1.174,6.52,9
Paper,1835,Low,1,1.651,9.175,9
Plastic,743,Medium,0,1.56,3.715,2
Paper,164,Low,0,0.148,0.82,9
Glass,1008,High,1,1.512,5.04,6
Metal,178,Low,1,0.32,0.89,5
Bioplastic,505,High,1,0.353,2.525,7
Plastic,983,Medium,1,2.064,4.915,2
Glass,1383,Low,1,2.075,6.915,6
Paper,811,Low,1,0.73,4.055,9
Paper,1348,Low,1,1.213,6.74,9
Ceramic,1883,Low,1,2.26,9.415,5
Paper,1281,Low,0,1.153,6.405,9
Paper,1523,Low,1,1.371,7.615,9
Metal,1294,Low,1,2.329,6.47,5
Glass,1253,Low,1,1.879,6.265,6
Paper,927,Medium,1,0.834,4.635,9
Ceramic,1580,High,1,1.896,7.9,5
Glass,1463,Medium,1,2.195,7.315,6
Plastic,1781,High,1,3.74,8.905,2
Plastic,1092,Low,1,2.293,5.46,2
Bioplastic,607,Low,1,0.425,3.035,7
Metal,585,Medium,1,1.053,2.925,5
Plastic,907,Low,0,1.905,4.535,2
Paper,276,Medium,1,0.248,1.38,9
Plastic,1799,Low,1,3.778,8.995,2
Glass,865,Medium,1,1.298,4.325,6
Plastic,645,Low,1,1.355,3.225,2
Plastic,1409,Medium,1,2.959,7.045,2
Glass,1026,Medium,0,1.539,5.13,6
Plastic,117,Medium,1,0.246,0.585,2
Bioplastic,559,Low,1,0.391,2.795,7
Plastic,665,Medium,0,1.397,3.325,2
Glass,248,Medium,1,0.372,1.24,6
Glass,1725,Low,1,2.587,8.625,6
Paper,1953,Medium,1,1.758,9.765,9
Paper,1677,Medium,1,1.509,8.385,9
Plastic,1621,Medium,1,3.404,8.105,2
Glass,1635,Medium,1,2.453,8.175,6
Paper,1254,Medium,1,1.129,6.27,9
Glass,676,Low,1,1.014,3.38,6
Glass,812,Medium,1,1.218,4.06,6
Bioplastic,1989,Low,1,1.392,9.945,7
Paper,1325,Medium,1,1.192,6.625,9
Plastic,750,Medium,0,1.575,3.75,2
Ceramic,1102,High,1,1.322,5.51,5
Ceramic,283,Low,0,0.34,1.415,5
Ceramic,1828,Medium,1,2.194,9.14,5
Glass,1131,Low,1,1.696,5.655,6
Glass,1925,Medium,1,2.888,9.625,6
Glass,1319,Low,1,1.978,6.595,6
Bioplastic,1146,Medium,1,0.802,5.73,7
Paper,1939,Low,1,1.745,9.695,9
Metal,596,High,1,1.073,2.98,5
Ceramic,639,Medium,0,0.767,3.195,5
Ceramic,914,Medium,0,1.097,4.57,5
Paper,1011,Medium,1,0.91,5.055,9
Metal,1382,Medium,1,2.488,6.91,5
Metal,250,Low,1,0.45,1.25,5
Plastic,1995,Medium,1,4.189,9.975,2
Plastic,1365,Medium,1,2.866,6.825,2
Paper,1196,High,1,1.076,5.98,9
Plastic,205,High,1,0.43,1.025,2
Metal,1866,Low,1,3.359,9.33,5
Bioplastic,1520,Medium,0,1.064,7.6,7
Paper,240,Low,1,0.216,1.2,9
Bioplastic,444,Medium,1,0.311,2.22,7
Glass,646,High,1,0.969,3.23,6
Plastic,1623,Low,1,3.408,8.115,2
Paper,1840,High,0,1.656,9.2,9
Metal,549,Low,0,0.988,2.745,5
Ceramic,1998,High,1,2.398,9.99,5
Plastic,566,Low,0,1.189,2.83,2
Ceramic,1172,High,1,1.406,5.86,5
Metal,410,Medium,1,0.738,2.05,5
Plastic,791,Medium,1,1.661,3.955,2
Glass,725,Low,0,1.087,3.625,6
Metal,284,Low,1,0.511,1.42,5
Metal,1492,Low,0,2.686,7.46,5
Plastic,1922,High,1,4.036,9.61,2
Ceramic,1728,Low,1,2.074,8.64,5
Plastic,1775,Medium,1,3.728,8.875,2
Ceramic,742,Medium,1,0.89,3.71,5
Plastic,465,High,1,0.977,2.325,2
Glass,1668,Low,1,2.502,8.34,6
Metal,875,Low,0,1.575,4.375,5
Glass,633,High,1,0.95,3.165,6
Paper,532,Medium,0,0.479,2.66,9
Bioplastic,1826,High,1,1.278,9.13,7
Metal,1621,Low,0,2.918,8.105,5
Plastic,1858,Medium,1,3.902,9.29,2
Ceramic,1841,High,1,2.209,9.205,5
Ceramic,211,High,0,0.253,1.055,5
Paper,1221,Medium,1,1.099,6.105,9
Bioplastic,1264,High,0,0.885,6.32,7
Paper,1405,Low,1,1.264,7.025,9
Ceramic,548,High,1,0.658,2.74,5
Glass,1401,Low,0,2.102,7.005,6
Plastic,251,Medium,1,0.527,1.255,2
Glass,426,Medium,1,0.639,2.13,6
Plastic,1840,Medium,1,3.864,9.2,2
Bioplastic,1596,Medium,1,1.117,7.98,7
Paper,1675,Low,1,1.508,8.375,9
Plastic,1948,Low,1,4.091,9.74,2
Bioplastic,1917,Low,0,1.342,9.585,7
Bioplastic,878,Low,0,0.615,4.39,7
Metal,803,High,1,1.445,4.015,5
Plastic,351,High,0,0.737,1.755,2
Ceramic,893,Low,1,1.072,4.465,5
Ceramic,513,High,1,0.616,2.565,5
Ceramic,1904,Medium,0,2.285,9.52,5
Plastic,490,Medium,0,1.029,2.45,2
Paper,1594,Medium,1,1.435,7.97,9
Bioplastic,350,Low,1,0.245,1.75,7
Ceramic,1017,Low,1,1.22,5.085,5
Ceramic,327,Low,1,0.392,1.635,5
Glass,566,Medium,0,0.849,2.83,6
Paper,444,Medium,1,0.4,2.22,9
Ceramic,1744,Medium,1,2.093,8.72,5
Metal,448,Low,0,0.806,2.24,5
Metal,1273,Medium,1,2.291,6.365,5
Metal,1417,Low,0,2.551,7.085,5
Paper,1372,Medium,1,1.235,6.86,9
Paper,1708,High,1,1.537,8.54,9
Bioplastic,1970,Low,1,1.379,9.85,7
Glass,1945,Medium,1,2.917,9.725,6
Ceramic,1264,Medium,1,1.517,6.32,5
Plastic,431,Medium,1,0.905,2.155,2
Plastic,1090,Medium,1,2.289,5.45,2
Bioplastic,382,Medium,1,0.267,1.91,7
Bioplastic,287,Medium,1,0.201,1.435,7
Paper,1387,High,1,1.248,6.935,9
Glass,396,Medium,0,0.594,1.98,6
Paper,856,High,1,0.77,4.28,9
Glass,657,High,0,0.986,3.285,6
Paper,1724,Medium,0,1.552,8.62,9
Metal,1470,High,1,2.646,7.35,5
Paper,1185,Low,1,1.067,5.925,9
Bioplastic,757,Low,1,0.53,3.785,7
Ceramic,837,Medium,1,1.004,4.185,5
Metal,1046,Medium,1,1.883,5.23,5
Metal,263,High,0,0.473,1.315,5
Plastic,167,Low,1,0.351,0.835,2
Paper,1065,Medium,1,0.959,5.325,9
Paper,199,Low,1,0.179,0.995,9
Metal,1696,Medium,1,3.053,8.48,5
Plastic,1308,Medium,1,2.747,6.54,2
Plastic,452,Medium,1,0.949,2.26,2
Bioplastic,1104,Medium,1,0.773,5.52,7
Glass,294,Medium,0,0.441,1.47,6
Paper,653,High,1,0.588,3.265,9
Metal,834,Low,1,1.501,4.17,5
Plastic,1425,High,1,2.993,7.125,2
Plastic,629,Low,0,1.321,3.145,2
Ceramic,685,Medium,0,0.822,3.425,5
Ceramic,1553,High,1,1.864,7.765,5
Plastic,988,Low,1,2.075,4.94,2
Plastic,562,Low,0,1.18,2.81,2
Plastic,633,Low,1,1.329,3.165,2
Metal,1120,Medium,1,2.016,5.6,5
Metal,820,High,1,1.476,4.1,5
Metal,1817,Low,1,3.271,9.085,5
Ceramic,602,Low,1,0.722,3.01,5
Metal,1770,Low,1,3.186,8.85,5
Plastic,1065,Low,1,2.236,5.325,2
Glass,1124,Low,1,1.686,5.62,6
Bioplastic,1906,Low,1,1.334,9.53,7
Metal,1251,Medium,0,2.252,6.255,5
Paper,1995,Medium,1,1.796,9.975,9
Glass,1293,Medium,1,1.94,6.465,6
Paper,625,Medium,1,0.562,3.125,9
Glass,518,Low,1,0.777,2.59,6
Paper,702,Low,1,0.632,3.51,9
Ceramic,279,Low,0,0.335,1.395,5
Glass,1091,Low,1,1.637,5.455,6
Paper,1628,Low,1,1.465,8.14,9
Bioplastic,1883,Low,0,1.318,9.415,7
Paper,657,Medium,0,0.591,3.285,9
Paper,951,Low,1,0.856,4.755,9
Glass,1857,Low,0,2.785,9.285,6
Glass,338,Medium,1,0.507,1.69,6
Paper,1308,Low,1,1.177,6.54,9
Metal,1979,High,1,3.562,9.895,5
Paper,314,Low,1,0.283,1.57,9
Metal,1161,Medium,1,2.09,5.805,5
Paper,1181,Low,1,1.063,5.905,9
Glass,1106,High,1,1.659,5.53,6
Plastic,807,Low,1,1.695,4.035,2
Metal,599,Medium,1,1.078,2.995,5
Ceramic,670,High,1,0.804,3.35,5
Glass,1634,Low,1,2.451,8.17,6
Ceramic,1776,Low,1,2.131,8.88,5
Ceramic,1586,Low,1,1.903,7.93,5
Plastic,362,High,1,0.76,1.81,2
Plastic,226,Low,0,0.475,1.13,2
Glass,618,Medium,1,0.927,3.09,6
Plastic,1017,Low,0,2.136,5.085,2
Glass,297,Medium,0,0.446,1.485,6
Plastic,1629,Low,1,3.421,8.145,2
Paper,375,Medium,1,0.338,1.875,9
Bioplastic,1440,High,0,1.008,7.2,7
Metal,341,High,1,0.614,1.705,5
Paper,771,High,1,0.694,3.855,9
Glass,607,Low,1,0.91,3.035,6
Glass,850,Medium,1,1.275,4.25,6
Ceramic,991,Low,0,1.189,4.955,5
Glass,1318,Low,1,1.977,6.59,6
Glass,212,Medium,0,0.318,1.06,6
Metal,130,Medium,1,0.234,0.65,5
Metal,1944,Low,1,3.499,9.72,5
Ceramic,1647,Low,1,1.976,8.235,5
Paper,711,High,1,0.64,3.555,9
Ceramic,724,Low,1,0.869,3.62,5
Bioplastic,1413,High,1,0.989,7.065,7
Ceramic,1053,Medium,1,1.264,5.265,5
Glass,1474,Low,0,2.211,7.37,6
Glass,1536,High,0,2.304,7.68,6
Ceramic,1088,Low,1,1.306,5.44,5
Bioplastic,996,Low,1,0.697,4.98,7
Paper,1775,Medium,1,1.597,8.875,9
Ceramic,1862,Medium,1,2.234,9.31,5
Paper,752,High,1,0.677,3.76,9
Ceramic,726,Medium,1,0.871,3.63,5
Paper,1791,Low,1,1.612,8.955,9
Glass,145,Medium,1,0.217,0.725,6
Glass,1881,Medium,1,2.821,9.405,6
Bioplastic,1665,Medium,1,1.165,8.325,7
Metal,152,High,1,0.274,0.76,5
Glass,1677,Low,0,2.515,8.385,6
Glass,769,High,1,1.153,3.845,6
Paper,1579,Low,1,1.421,7.895,9
Paper,1894,Medium,1,1.705,9.47,9
Metal,939,Low,1,1.69,4.695,5
Ceramic,1888,Medium,1,2.266,9.44,5
Metal,1271,Medium,1,2.288,6.355,5
Bioplastic,393,Low,1,0.275,1.965,7
Paper,1752,Low,1,1.577,8.76,9
Paper,1643,Low,1,1.479,8.215,9
Metal,1556,High,1,2.801,7.78,5
Paper,519,High,0,0.467,2.595,9
Bioplastic,463,Low,1,0.324,2.315,7
Ceramic,733,Medium,1,0.88,3.665,5
Glass,1632,High,1,2.448,8.16,6
Plastic,1668,High,0,3.503,8.34,2
Ceramic,232,High,0,0.278,1.16,5
Metal,1322,High,1,2.38,6.61,5
Metal,1856,Medium,1,3.341,9.28,5
Ceramic,420,Low,1,0.504,2.1,5
Glass,1056,Medium,1,1.584,5.28,6
Glass,750,Low,0,1.125,3.75,6
Glass,217,Medium,1,0.326,1.085,6
Ceramic,1984,Low,1,2.381,9.92,5
Ceramic,1078,High,1,1.294,5.39,5
Ceramic,1712,Low,1,2.054,8.56,5
Paper,1040,Low,1,0.936,5.2,9
Glass,668,Low,1,1.002,3.34,6
Ceramic,287,Low,1,0.344,1.435,5
Paper,646,Medium,1,0.581,3.23,9
Bioplastic,1980,Medium,0,1.386,9.9,7
Paper,1736,Medium,0,1.562,8.68,9
Plastic,1165,Medium,1,2.446,5.825,2
Paper,685,Low,1,0.617,3.425,9
Glass,719,Medium,1,1.079,3.595,6
Ceramic,454,Low,0,0.545,2.27,5
Plastic,502,Medium,0,1.054,2.51,2
Plastic,549,Low,1,1.153,2.745,2
Glass,535,Medium,1,0.802,2.675,6
Ceramic,258,Low,1,0.31,1.29,5
Paper,527,Low,1,0.474,2.635,9
Plastic,918,Low,0,1.928,4.59,2
Plastic,394,Low,1,0.827,1.97,2
Plastic,1912,Medium,0,4.015,9.56,2
Paper,1378,High,1,1.24,6.89,9
Bioplastic,892,High,1,0.624,4.46,7
Paper,1873,Low,1,1.686,9.365,9
Bioplastic,1745,Low,1,1.222,8.725,7
Plastic,754,Low,1,1.583,3.77,2
Glass,527,Medium,0,0.79,2.635,6
Glass,432,Medium,1,0.648,2.16,6
Ceramic,1785,Medium,1,2.142,8.925,5
Plastic,1625,Medium,0,3.413,8.125,2
Metal,620,High,1,1.116,3.1,5
Glass,1094,Medium,1,1.641,5.47,6
Plastic,1260,Medium,0,2.646,6.3,2
Metal,1770,High,1,3.186,8.85,5
Plastic,467,High,0,0.981,2.335,2
Bioplastic,154,Low,0,0.108,0.77,7
Paper,1123,High,1,1.011,5.615,9
Ceramic,1912,Low,1,2.294,9.56,5
Paper,1858,High,1,1.672,9.29,9
Metal,1803,Medium,1,3.245,9.015,5
Paper,1153,High,0,1.038,5.765,9
Plastic,1284,Medium,1,2.696,6.42,2
Ceramic,1091,High,1,1.309,5.455,5
Paper,718,Medium,1,0.646,3.59,9
Ceramic,1729,Low,1,2.075,8.645,5
Ceramic,1321,Medium,0,1.585,6.605,5
Metal,1348,High,1,2.426,6.74,5
Glass,588,High,0,0.882,2.94,6
Glass,886,Low,1,1.329,4.43,6
Paper,615,Low,1,0.553,3.075,9
Plastic,1480,Low,1,3.108,7.4,2
Bioplastic,530,Low,1,0.371,2.65,7
Metal,1045,High,1,1.881,5.225,5
Plastic,1729,Low,1,3.631,8.645,2
Ceramic,1635,High,1,1.962,8.175,5
Bioplastic,419,Medium,1,0.293,2.095,7
Glass,802,High,1,1.203,4.01,6
Paper,1095,High,1,0.986,5.475,9
Paper,1193,Medium,1,1.074,5.965,9
Paper,1850,Medium,1,1.665,9.25,9
Ceramic,893,Low,0,1.072,4.465,5
Bioplastic,502,Low,1,0.351,2.51,7
Bioplastic,990,Medium,1,0.693,4.95,7
Paper,521,High,1,0.469,2.605,9
Ceramic,871,High,0,1.045,4.355,5
Ceramic,1253,Low,0,1.504,6.265,5
Glass,1755,High,1,2.632,8.775,6
Glass,1080,Low,1,1.62,5.4,6
Ceramic,399,Medium,1,0.479,1.995,5
Bioplastic,393,Medium,1,0.275,1.965,7
Plastic,461,Low,1,0.968,2.305,2
Glass,1583,Low,1,2.374,7.915,6
Paper,1997,Low,1,1.797,9.985,9
Metal,1933,Medium,1,3.479,9.665,5
Plastic,684,High,0,1.436,3.42,2
Paper,1388,Medium,1,1.249,6.94,9
Paper,1620,Medium,1,1.458,8.1,9
Bioplastic,888,High,0,0.622,4.44,7
Plastic,1475,Low,1,3.098,7.375,2
Ceramic,330,Low,1,0.396,1.65,5
Ceramic,929,Low,1,1.115,4.645,5
Metal,1993,Low,1,3.587,9.965,5
Metal,888,Medium,1,1.598,4.44,5
Bioplastic,1567,Low,1,1.097,7.835,7
Bioplastic,1191,High,1,0.834,5.955,7
Paper,229,Low,0,0.206,1.145,9
Bioplastic,967,Low,0,0.677,4.835,7
Ceramic,497,Low,1,0.596,2.485,5
Metal,136,High,0,0.245,0.68,5
Plastic,1207,High,1,2.535,6.035,2
Glass,1428,Low,1,2.142,7.14,6
Plastic,1687,Low,1,3.543,8.435,2
Glass,865,High,1,1.298,4.325,6
Bioplastic,1813,Low,0,1.269,9.065,7
Ceramic,1636,Medium,0,1.963,8.18,5
Plastic,426,Medium,0,0.895,2.13,2
Bioplastic,1112,High,1,0.778,5.56,7
Bioplastic,371,Medium,1,0.26,1.855,7
Plastic,567,Low,1,1.191,2.835,2
Paper,979,Medium,1,0.881,4.895,9
Plastic,620,Low,0,1.302,3.1,2
Metal,1872,High,0,3.37,9.36,5
Metal,633,Low,1,1.139,3.165,5
Metal,1413,Low,1,2.543,7.065,5
Ceramic,634,Low,1,0.761,3.17,5
Paper,544,Low,0,0.49,2.72,9
Paper,1491,Low,0,1.342,7.455,9
Bioplastic,1790,Medium,1,1.253,8.95,7
Bioplastic,1727,Medium,1,1.209,8.635,7
Ceramic,710,Medium,1,0.852,3.55,5
Metal,1049,High,1,1.888,5.245,5
Paper,1976,High,1,1.778,9.88,9
Bioplastic,808,High,1,0.566,4.04,7
Glass,1588,Medium,1,2.382,7.94,6
Ceramic,1519,Low,1,1.823,7.595,5
Plastic,315,Medium,1,0.661,1.575,2
Metal,692,Low,1,1.246,3.46,5
Ceramic,895,Low,0,1.074,4.475,5
Plastic,1239,Medium,1,2.602,6.195,2
Metal,781,Low,1,1.406,3.905,5
Paper,760,Medium,1,0.684,3.8,9
Ceramic,1039,High,0,1.247,5.195,5
Metal,1540,Medium,0,2.772,7.7,5
Plastic,1063,Medium,1,2.232,5.315,2
Ceramic,1277,Low,1,1.532,6.385,5
Paper,967,Medium,0,0.87,4.835,9
Bioplastic,1366,High,1,0.956,6.83,7
Bioplastic,1879,High,1,1.315,9.395,7
Paper,853,High,1,0.768,4.265,9
Plastic,1024,Low,1,2.15,5.12,2
Glass,887,Medium,1,1.331,4.435,6
Glass,1674,High,1,2.511,8.37,6
Paper,139,Medium,1,0.125,0.695,9
Metal,1108,Medium,1,1.994,5.54,5
Glass,1057,Low,1,1.585,5.285,6
Plastic,992,High,1,2.083,4.96,2
Ceramic,319,Low,1,0.383,1.595,5
Paper,852,High,1,0.767,4.26,9
Metal,1017,Medium,1,1.831,5.085,5
Metal,1351,Low,1,2.432,6.755,5
Metal,1158,High,1,2.084,5.79,5
Plastic,324,Low,0,0.68,1.62,2
Bioplastic,259,Medium,0,0.181,1.295,7
Ceramic,1349,Medium,1,1.619,6.745,5
Glass,898,Medium,1,1.347,4.49,6
Glass,1277,Medium,1,1.915,6.385,6
Bioplastic,227,Medium,1,0.159,1.135,7
Paper,990,Low,1,0.891,4.95,9
Ceramic,1775,Low,1,2.13,8.875,5
Ceramic,154,Medium,1,0.185,0.77,5
Metal,1960,Low,1,3.528,9.8,5
Paper,1087,Medium,1,0.978,5.435,9
Plastic,554,Low,0,1.163,2.77,2
Metal,1555,Medium,1,2.799,7.775,5
Ceramic,933,High,1,1.12,4.665,5
Ceramic,1023,Medium,1,1.228,5.115,5
Ceramic,819,Low,1,0.983,4.095,5
Metal,1057,Low,1,1.903,5.285,5
Paper,1009,Low,1,0.908,5.045,9
Metal,497,Medium,1,0.895,2.485,5
Glass,1590,Low,1,2.385,7.95,6
Metal,1405,Low,1,2.529,7.025,5
Ceramic,741,Medium,1,0.889,3.705,5
Glass,125,Low,1,0.188,0.625,6
Bioplastic,690,High,1,0.483,3.45,7
Bioplastic,1395,Medium,0,0.976,6.975,7
Glass,1949,Medium,1,2.924,9.745,6
Glass,1576,Medium,1,2.364,7.88,6
Metal,171,Low,1,0.308,0.855,5
Bioplastic,1772,High,1,1.24,8.86,7
Paper,1452,High,1,1.307,7.26,9
Plastic,1961,Medium,1,4.118,9.805,2
Glass,1688,Low,1,2.532,8.44,6
Plastic,1258,Low,1,2.642,6.29,2
Bioplastic,534,Low,1,0.374,2.67,7
Metal,452,Low,0,0.814,2.26,5
Ceramic,327,Low,1,0.392,1.635,5
Metal,1603,Medium,1,2.885,8.015,5
Paper,427,Low,1,0.384,2.135,9
Glass,1536,Low,1,2.304,7.68,6
Plastic,171,Low,1,0.359,0.855,2
Bioplastic,1516,High,1,1.061,7.58,7
Plastic,596,Medium,1,1.252,2.98,2
Glass,339,Medium,1,0.508,1.695,6
Bioplastic,1761,Medium,1,1.233,8.805,7
Ceramic,241,Medium,1,0.289,1.205,5
Metal,340,Medium,1,0.612,1.7,5
Paper,1250,Medium,1,1.125,6.25,9
Plastic,720,Low,1,1.512,3.6,2
Plastic,1179,High,1,2.476,5.895,2
Metal,1653,Medium,0,2.975,8.265,5
Plastic,567,Low,1,1.191,2.835,2
Bioplastic,624,Medium,1,0.437,3.12,7
Bioplastic,841,Medium,1,0.589,4.205,7
Metal,1871,Medium,0,3.368,9.355,5
Paper,1368,Low,1,1.231,6.84,9
Paper,1596,Medium,1,1.436,7.98,9
Paper,1893,Medium,1,1.704,9.465,9
Plastic,1487,Medium,1,3.123,7.435,2
Glass,1544,Medium,1,2.316,7.72,6
Metal,1196,Low,1,2.153,5.98,5
Paper,914,Low,0,0.823,4.57,9
Plastic,1543,Low,1,3.24,7.715,2
Bioplastic,1024,High,1,0.717,5.12,7
Metal,1500,Medium,1,2.7,7.5,5
Ceramic,748,Medium,1,0.898,3.74,5
Plastic,699,Medium,1,1.468,3.495,2
Paper,781,Low,1,0.703,3.905,9
Glass,1442,High,1,2.163,7.21,6
Metal,248,Low,1,0.446,1.24,5
Paper,500,Low,1,0.45,2.5,9
Glass,1305,Medium,1,1.958,6.525,6
Plastic,956,High,0,2.008,4.78,2
Ceramic,1095,Low,1,1.314,5.475,5
Plastic,523,High,1,1.098,2.615,2
Plastic,925,Medium,0,1.942,4.625,2
Bioplastic,1137,Medium,1,0.796,5.685,7
Ceramic,903,High,1,1.084,4.515,5
Ceramic,1870,High,0,2.244,9.35,5
Metal,1687,Low,0,3.037,8.435,5
Glass,842,Medium,0,1.263,4.21,6
Glass,1215,Low,1,1.823,6.075,6
Metal,784,High,1,1.411,3.92,5
Bioplastic,324,High,1,0.227,1.62,7
Paper,890,High,0,0.801,4.45,9
Paper,905,Low,1,0.815,4.525,9
Plastic,612,Medium,1,1.285,3.06,2
Paper,724,Low,1,0.652,3.62,9
Plastic,626,High,1,1.315,3.13,2
Paper,172,Low,1,0.155,0.86,9
Plastic,479,Low,1,1.006,2.395,2
Metal,632,Low,1,1.138,3.16,5
Metal,361,Medium,1,0.65,1.805,5
Bioplastic,994,Medium,1,0.696,4.97,7
Glass,607,Medium,1,0.91,3.035,6
Ceramic,1369,High,1,1.643,6.845,5
Paper,1233,High,0,1.11,6.165,9
Plastic,1370,Low,1,2.877,6.85,2
Glass,1635,Low,0,2.453,8.175,6
Glass,1344,Low,1,2.016,6.72,6
Paper,1720,High,0,1.548,8.6,9
Paper,642,Low,1,0.578,3.21,9
Glass,1760,Low,1,2.64,8.8,6
Paper,371,High,1,0.334,1.855,9
Paper,595,Medium,1,0.535,2.975,9
Metal,642,High,1,1.156,3.21,5
Ceramic,744,Medium,1,0.893,3.72,5
Metal,535,Medium,0,0.963,2.675,5
Paper,220,Medium,1,0.198,1.1,9
Metal,1985,High,1,3.573,9.925,5
Ceramic,502,Low,0,0.602,2.51,5
Ceramic,1962,Medium,1,2.354,9.81,5
Glass,755,Low,1,1.133,3.775,6
Paper,329,Medium,1,0.296,1.645,9
Glass,750,Low,1,1.125,3.75,6
Glass,1296,Low,1,1.944,6.48,6
Metal,857,Medium,1,1.543,4.285,5
Glass,1856,High,0,2.784,9.28,6
Glass,791,Low,1,1.187,3.955,6
Paper,1136,Medium,1,1.022,5.68,9
Plastic,234,High,1,0.491,1.17,2
Metal,1029,Medium,0,1.852,5.145,5
Glass,409,Medium,1,0.614,2.045,6
Paper,824,High,1,0.742,4.12,9
Metal,1704,Medium,1,3.067,8.52,5
Glass,476,Low,1,0.714,2.38,6
Plastic,534,Medium,1,1.121,2.67,2
Ceramic,427,Medium,1,0.512,2.135,5
Plastic,343,High,0,0.72,1.715,2
Glass,416,Medium,1,0.624,2.08,6
Glass,405,Low,0,0.608,2.025,6
Ceramic,1780,Medium,1,2.136,8.9,5
Metal,623,Medium,1,1.121,3.115,5
Glass,1546,High,1,2.319,7.73,6
Plastic,1280,High,1,2.688,6.4,2
Paper,1451,Low,1,1.306,7.255,9
Glass,1444,Medium,1,2.166,7.22,6
Glass,1498,Medium,0,2.247,7.49,6
Metal,1135,Low,1,2.043,5.675,5
Metal,416,Medium,0,0.749,2.08,5
Metal,848,High,1,1.526,4.24,5
Plastic,1002,Low,1,2.104,5.01,2
Bioplastic,1876,Medium,1,1.313,9.38,7
Paper,1898,Medium,0,1.708,9.49,9
Bioplastic,1310,Medium,1,0.917,6.55,7
Plastic,575,Low,1,1.208,2.875,2
Metal,1903,Low,1,3.425,9.515,5
Metal,1344,Medium,1,2.419,6.72,5
Glass,314,Low,0,0.471,1.57,6
Plastic,1733,Medium,1,3.639,8.665,2
Glass,820,Low,0,1.23,4.1,6
Glass,593,Medium,1,0.889,2.965,6
Ceramic,1779,Medium,1,2.135,8.895,5
Metal,1785,Medium,1,3.213,8.925,5
Glass,1496,High,1,2.244,7.48,6
Ceramic,1075,Low,0,1.29,5.375,5
Paper,1265,Low,1,1.139,6.325,9
Plastic,697,Medium,1,1.464,3.485,2
Metal,1434,Medium,1,2.581,7.17,5
Bioplastic,1087,Low,1,0.761,5.435,7
Plastic,1331,High,1,2.795,6.655,2
Metal,1494,High,1,2.689,7.47,5
Ceramic,178,Low,1,0.214,0.89,5
Ceramic,1539,Medium,1,1.847,7.695,5
Plastic,1501,High,1,3.152,7.505,2
Bioplastic,769,Low,1,0.538,3.845,7
Bioplastic,1256,Low,1,0.879,6.28,7
Glass,1177,Low,1,1.766,5.885,6
Metal,532,Low,1,0.958,2.66,5
Metal,1802,Low,1,3.244,9.01,5
Glass,1607,Medium,1,2.41,8.035,6
Paper,1926,Low,0,1.733,9.63,9
Plastic,1917,Medium,1,4.026,9.585,2
Metal,1810,Medium,1,3.258,9.05,5
Glass,1601,Medium,1,2.401,8.005,6
Paper,1266,Low,1,1.139,6.33,9
Metal,1799,Medium,0,3.238,8.995,5
Paper,1967,Low,1,1.77,9.835,9
Glass,530,Low,1,0.795,2.65,6
Ceramic,599,High,1,0.719,2.995,5
Ceramic,456,High,1,0.547,2.28,5
Paper,109,Medium,1,0.098,0.545,9
Plastic,1002,Low,1,2.104,5.01,2
Plastic,1936,Low,1,4.066,9.68,2
Metal,1359,Low,0,2.446,6.795,5
Bioplastic,1983,Medium,1,1.388,9.915,7
Ceramic,1909,Low,1,2.291,9.545,5
Metal,1975,Medium,0,3.555,9.875,5
Ceramic,1373,Low,1,1.648,6.865,5
Metal,688,Low,0,1.238,3.44,5
Ceramic,1393,Low,1,1.672,6.965,5
Paper,935,High,1,0.842,4.675,9
Bioplastic,973,Medium,1,0.681,4.865,7
Ceramic,1437,Medium,1,1.724,7.185,5
Paper,1167,Medium,0,1.05,5.835,9
Ceramic,561,Medium,1,0.673,2.805,5
Metal,1841,High,0,3.314,9.205,5
Glass,537,Medium,1,0.805,2.685,6
Ceramic,1330,Medium,1,1.596,6.65,5
Plastic,810,Medium,0,1.701,4.05,2
Bioplastic,126,Low,1,0.088,0.63,7
Bioplastic,888,High,1,0.622,4.44,7
Paper,1954,Low,1,1.759,9.77,9
Plastic,561,Low,1,1.178,2.805,2
Bioplastic,1311,Low,1,0.918,6.555,7
Plastic,1352,Low,1,2.839,6.76,2
Bioplastic,937,High,1,0.656,4.685,7
Metal,795,Medium,1,1.431,3.975,5
Plastic,870,Low,1,1.827,4.35,2
Ceramic,1997,Medium,0,2.396,9.985,5
Metal,1916,Medium,1,3.449,9.58,5
Ceramic,1055,Medium,1,1.266,5.275,5
Glass,709,Low,1,1.063,3.545,6
Ceramic,804,High,1,0.965,4.02,5
Paper,747,Low,1,0.672,3.735,9
Bioplastic,128,Low,1,0.09,0.64,7
Paper,735,Low,1,0.661,3.675,9
Bioplastic,1310,Medium,1,0.917,6.55,7
Metal,1971,Medium,1,3.548,9.855,5
Ceramic,176,Medium,0,0.211,0.88,5
Metal,1672,Medium,1,3.01,8.36,5
Paper,1328,Low,0,1.195,6.64,9
Plastic,132,Low,0,0.277,0.66,2
Metal,1910,Medium,1,3.438,9.55,5
Plastic,155,Medium,1,0.326,0.775,2
Metal,1897,Medium,1,3.415,9.485,5
Glass,1247,High,1,1.871,6.235,6
Metal,785,High,0,1.413,3.925,5
Paper,1625,Low,1,1.462,8.125,9
Bioplastic,833,Medium,1,0.583,4.165,7
Bioplastic,1978,Medium,1,1.385,9.89,7
Bioplastic,1296,High,1,0.907,6.48,7
Bioplastic,624,Medium,1,0.437,3.12,7
Ceramic,585,Low,1,0.702,2.925,5
Bioplastic,1264,Medium,1,0.885,6.32,7
Ceramic,1501,Medium,1,1.801,7.505,5
Ceramic,801,Medium,0,0.961,4.005,5
Metal,1634,Low,0,2.941,8.17,5
Ceramic,1619,Low,1,1.943,8.095,5
Ceramic,1230,Medium,1,1.476,6.15,5
Plastic,815,Low,1,1.712,4.075,2
Plastic,1692,Low,1,3.553,8.46,2
Bioplastic,831,Medium,1,0.582,4.155,7
Bioplastic,530,High,1,0.371,2.65,7
Paper,1457,Medium,1,1.311,7.285,9
Metal,671,Low,1,1.208,3.355,5
Ceramic,1720,Medium,0,2.064,8.6,5
Metal,963,Low,1,1.733,4.815,5
Ceramic,1148,Low,1,1.378,5.74,5
Plastic,1002,Low,1,2.104,5.01,2
Plastic,1734,Low,0,3.641,8.67,2
Ceramic,261,Low,1,0.313,1.305,5
Bioplastic,1885,Low,1,1.319,9.425,7
Ceramic,1543,Low,1,1.852,7.715,5
Ceramic,1825,Low,1,2.19,9.125,5
Bioplastic,855,Low,1,0.599,4.275,7
Plastic,1603,Medium,1,3.366,8.015,2
Metal,1645,Low,1,2.961,8.225,5
Bioplastic,196,Low,0,0.137,0.98,7
Paper,1850,Low,0,1.665,9.25,9
Glass,689,High,1,1.034,3.445,6
Glass,1951,Medium,1,2.926,9.755,6
Bioplastic,705,Low,1,0.493,3.525,7
Metal,1739,High,1,3.13,8.695,5
Bioplastic,1915,Medium,1,1.341,9.575,7
Glass,596,Medium,1,0.894,2.98,6
Plastic,1006,High,1,2.113,5.03,2
Metal,1835,High,0,3.303,9.175,5
Ceramic,349,Low,0,0.419,1.745,5
Plastic,1069,Medium,1,2.245,5.345,2
Ceramic,1110,Low,1,1.332,5.55,5
Metal,903,Low,1,1.625,4.515,5
Paper,1922,Low,0,1.73,9.61,9
Ceramic,1997,Low,0,2.396,9.985,5
Plastic,1847,Medium,1,3.879,9.235,2
Bioplastic,334,Medium,1,0.234,1.67,7
Bioplastic,1752,Medium,1,1.226,8.76,7
Plastic,630,High,1,1.323,3.15,2
Paper,143,Medium,1,0.129,0.715,9
Plastic,1550,High,1,3.255,7.75,2
Plastic,1447,Low,1,3.039,7.235,2
Metal,549,Medium,1,0.988,2.745,5
Metal,574,Low,0,1.033,2.87,5
Paper,173,Low,1,0.156,0.865,9
Ceramic,903,Low,1,1.084,4.515,5
Plastic,1871,High,1,3.929,9.355,2
Bioplastic,1258,Medium,1,0.881,6.29,7
Paper,507,Medium,1,0.456,2.535,9
Plastic,1058,Low,0,2.222,5.29,2
Metal,828,Medium,1,1.49,4.14,5
Metal,146,High,1,0.263,0.73,5
Paper,880,Medium,1,0.792,4.4,9
Paper,1295,High,1,1.165,6.475,9
Plastic,819,Medium,1,1.72,4.095,2
Plastic,450,High,1,0.945,2.25,2
Bioplastic,633,Medium,1,0.443,3.165,7
Bioplastic,829,Low,1,0.58,4.145,7
Plastic,662,Medium,1,1.39,3.31,2
Glass,522,Medium,1,0.783,2.61,6
Plastic,1986,Low,0,4.171,9.93,2
Plastic,1795,Medium,1,3.769,8.975,2
Paper,1203,High,1,1.083,6.015,9
Paper,1903,Low,1,1.713,9.515,9
Bioplastic,1524,Medium,1,1.067,7.62,7
Bioplastic,133,Low,0,0.093,0.665,7
Plastic,512,Medium,1,1.075,2.56,2
Glass,741,High,1,1.111,3.705,6
Glass,342,Medium,1,0.513,1.71,6
Paper,1297,High,1,1.167,6.485,9
Paper,1607,Medium,1,1.446,8.035,9
Paper,1352,Medium,1,1.217,6.76,9
Ceramic,593,High,1,0.712,2.965,5
Metal,1286,Low,1,2.315,6.43,5
Ceramic,1651,Low,1,1.981,8.255,5
Ceramic,1248,High,1,1.498,6.24,5
Metal,555,High,0,0.999,2.775,5
Paper,1277,Low,1,1.149,6.385,9
Ceramic,1008,Medium,1,1.21,5.04,5
Glass,988,Low,0,1.482,4.94,6
Plastic,1990,Low,1,4.179,9.95,2
Ceramic,302,High,1,0.362,1.51,5
Paper,467,Medium,1,0.42,2.335,9
Ceramic,1872,Low,1,2.246,9.36,5
Paper,535,High,1,0.481,2.675,9
Paper,1828,High,1,1.645,9.14,9
Metal,1908,Medium,1,3.434,9.54,5
Paper,752,Low,0,0.677,3.76,9
Metal,1817,High,1,3.271,9.085,5
Bioplastic,921,Low,1,0.645,4.605,7
Bioplastic,1688,Medium,0,1.182,8.44,7
Ceramic,1212,Low,0,1.454,6.06,5
Metal,1240,Medium,1,2.232,6.2,5
Plastic,1896,Low,1,3.982,9.48,2
Ceramic,1836,Low,1,2.203,9.18,5
Glass,1965,Low,1,2.947,9.825,6
Bioplastic,556,Low,1,0.389,2.78,7
Metal,1330,Low,1,2.394,6.65,5
Glass,1038,Low,1,1.557,5.19,6
Glass,685,High,1,1.028,3.425,6
Ceramic,854,High,1,1.025,4.27,5
Metal,1539,Low,1,2.77,7.695,5
Paper,444,High,1,0.4,2.22,9
Paper,121,Medium,1,0.109,0.605,9
Bioplastic,1043,Medium,1,0.73,5.215,7
Bioplastic,410,High,1,0.287,2.05,7
Ceramic,1154,Low,1,1.385,5.77,5
Metal,424,Medium,0,0.763,2.12,5
Ceramic,1506,High,1,1.807,7.53,5
Plastic,1430,Medium,1,3.003,7.15,2
Bioplastic,1201,Low,1,0.841,6.005,7
Glass,751,High,0,1.127,3.755,6
Glass,146,Medium,1,0.219,0.73,6
Glass,1214,Low,1,1.821,6.07,6
Plastic,1114,Medium,1,2.339,5.57,2
Plastic,1938,Low,0,4.07,9.69,2
Glass,264,Medium,1,0.396,1.32,6
Paper,1248,Medium,1,1.123,6.24,9
Bioplastic,1346,Medium,1,0.942,6.73,7
Metal,330,Medium,0,0.594,1.65,5
Glass,1020,High,1,1.53,5.1,6
Bioplastic,1006,Low,0,0.704,5.03,7
Paper,1860,Low,1,1.674,9.3,9
Glass,174,Medium,1,0.261,0.87,6
Paper,426,High,1,0.383,2.13,9
Plastic,1010,Low,1,2.121,5.05,2
Metal,1134,Low,1,2.041,5.67,5
Ceramic,1598,Medium,1,1.918,7.99,5
Bioplastic,295,High,1,0.206,1.475,7
Plastic,154,Low,0,0.323,0.77,2
Glass,534,Low,1,0.801,2.67,6
Plastic,1887,Low,1,3.963,9.435,2
Metal,137,Low,1,0.247,0.685,5
Glass,558,High,1,0.837,2.79,6
Paper,1441,Medium,1,1.297,7.205,9
Bioplastic,115,Low,1,0.081,0.575,7
Glass,1520,Medium,1,2.28,7.6,6
Metal,1605,Medium,1,2.889,8.025,5
Glass,349,Low,1,0.523,1.745,6
Glass,190,Medium,1,0.285,0.95,6
Paper,1221,Low,1,1.099,6.105,9
Bioplastic,1526,Low,0,1.068,7.63,7
Ceramic,526,Medium,1,0.631,2.63,5
Paper,1873,Medium,1,1.686,9.365,9
Metal,1387,Medium,1,2.497,6.935,5
Plastic,519,High,1,1.09,2.595,2
Metal,1446,Low,1,2.603,7.23,5
Ceramic,1077,Medium,0,1.292,5.385,5
Metal,441,Medium,0,0.794,2.205,5
Paper,1180,Low,1,1.062,5.9,9
Glass,1148,Medium,0,1.722,5.74,6
Plastic,778,Medium,0,1.634,3.89,2
Glass,1207,Low,1,1.81,6.035,6
Ceramic,1022,Low,1,1.226,5.11,5
Bioplastic,1167,Low,1,0.817,5.835,7
Metal,1341,High,1,2.414,6.705,5
Bioplastic,208,Medium,1,0.146,1.04,7
Paper,1220,Medium,1,1.098,6.1,9
Plastic,235,Low,0,0.493,1.175,2
Metal,637,Medium,1,1.147,3.185,5
Paper,1643,Low,1,1.479,8.215,9
Plastic,1608,Low,0,3.377,8.04,2
Bioplastic,928,Medium,1,0.65,4.64,7
Ceramic,1385,Medium,1,1.662,6.925,5
Paper,1971,Low,1,1.774,9.855,9
Ceramic,869,Low,0,1.043,4.345,5
Bioplastic,303,Low,0,0.212,1.515,7
Glass,1581,Low,1,2.372,7.905,6
Bioplastic,1763,Low,1,1.234,8.815,7
Metal,1826,Medium,1,3.287,9.13,5
Paper,145,High,0,0.131,0.725,9
Glass,1025,Low,1,1.538,5.125,6
Glass,1973,Medium,1,2.959,9.865,6
Paper,745,Medium,1,0.67,3.725,9
Plastic,919,Low,1,1.93,4.595,2
Paper,1023,Low,1,0.921,5.115,9
Glass,1614,Medium,1,2.421,8.07,6
Ceramic,1667,Low,1,2,8.335,5
Bioplastic,1282,Low,1,0.897,6.41,7
Ceramic,984,High,1,1.181,4.92,5
Ceramic,1552,Medium,1,1.862,7.76,5
Bioplastic,465,Low,1,0.326,2.325,7
Bioplastic,747,Low,1,0.523,3.735,7
Bioplastic,558,Low,1,0.391,2.79,7
Paper,1664,Medium,1,1.498,8.32,9
Metal,1807,Medium,0,3.253,9.035,5
Ceramic,1076,Medium,0,1.291,5.38,5
Metal,1181,Low,0,2.126,5.905,5
Glass,327,Low,0,0.49,1.635,6
Plastic,920,Low,1,1.932,4.6,2
Metal,360,Low,0,0.648,1.8,5
Ceramic,1648,Medium,1,1.978,8.24,5
Glass,142,Low,1,0.213,0.71,6
Glass,1063,Low,1,1.595,5.315,6
Glass,802,Low,1,1.203,4.01,6
Bioplastic,1417,High,0,0.992,7.085,7
Bioplastic,1010,High,1,0.707,5.05,7
Paper,572,High,1,0.515,2.86,9
Paper,1435,High,1,1.292,7.175,9
Bioplastic,1971,Medium,1,1.38,9.855,7
Metal,469,Medium,1,0.844,2.345,5
Plastic,1849,Medium,1,3.883,9.245,2
Metal,589,Medium,1,1.06,2.945,5
Bioplastic,601,High,1,0.421,3.005,7
Paper,335,Medium,1,0.301,1.675,9
Ceramic,161,Medium,1,0.193,0.805,5
Glass,876,Medium,1,1.314,4.38,6
Glass,203,Medium,1,0.304,1.015,6
Paper,1160,High,1,1.044,5.8,9
Glass,1009,Medium,0,1.514,5.045,6
Plastic,1405,Low,0,2.95,7.025,2
Glass,1963,Medium,1,2.945,9.815,6
Glass,1931,High,1,2.897,9.655,6
Glass,249,Low,1,0.373,1.245,6
Bioplastic,236,Low,1,0.165,1.18,7
Paper,1099,Medium,1,0.989,5.495,9
Bioplastic,1788,Medium,1,1.252,8.94,7
Glass,689,High,1,1.034,3.445,6
Bioplastic,1232,Low,1,0.862,6.16,7
Glass,449,Medium,1,0.673,2.245,6
Plastic,870,Medium,1,1.827,4.35,2
Metal,417,Medium,1,0.751,2.085,5
Plastic,1679,Medium,1,3.526,8.395,2
Glass,951,Low,1,1.427,4.755,6
Ceramic,432,Medium,1,0.518,2.16,5
Ceramic,1091,Low,1,1.309,5.455,5
Paper,297,Low,0,0.267,1.485,9
Bioplastic,1111,High,1,0.778,5.555,7
Glass,1566,Medium,1,2.349,7.83,6
Paper,1767,Low,1,1.59,8.835,9
Bioplastic,1947,Medium,1,1.363,9.735,7
Paper,1876,Low,1,1.688,9.38,9
Plastic,501,High,0,1.052,2.505,2
Paper,1921,Medium,1,1.729,9.605,9
Bioplastic,426,Medium,1,0.298,2.13,7
Plastic,753,Medium,1,1.581,3.765,2
Bioplastic,303,Medium,1,0.212,1.515,7
Bioplastic,498,Low,1,0.349,2.49,7
Ceramic,681,High,1,0.817,3.405,5
Paper,1935,Medium,1,1.742,9.675,9
Glass,1829,High,1,2.744,9.145,6
Glass,1499,High,1,2.248,7.495,6
Metal,759,Medium,0,1.366,3.795,5
Plastic,1254,Medium,1,2.633,6.27,2
Plastic,1605,Medium,1,3.37,8.025,2
Ceramic,1453,Low,1,1.744,7.265,5
Metal,665,High,0,1.197,3.325,5
Plastic,700,High,1,1.47,3.5,2
Bioplastic,1948,Medium,1,1.364,9.74,7
Glass,452,Low,0,0.678,2.26,6
Bioplastic,165,Medium,1,0.115,0.825,7
Glass,831,Low,1,1.246,4.155,6
Metal,1566,Low,1,2.819,7.83,5
Bioplastic,326,High,0,0.228,1.63,7
Plastic,1977,Low,1,4.152,9.885,2
Plastic,1956,Low,1,4.108,9.78,2
Glass,332,Low,1,0.498,1.66,6
Bioplastic,1909,High,0,1.336,9.545,7
Ceramic,1057,High,1,1.268,5.285,5
Ceramic,1970,Low,1,2.364,9.85,5
Bioplastic,1782,Medium,0,1.247,8.91,7
Glass,1261,Medium,1,1.891,6.305,6
Metal,572,High,1,1.03,2.86,5
Metal,167,Medium,0,0.301,0.835,5
Plastic,429,Medium,1,0.901,2.145,2
Plastic,614,Medium,1,1.289,3.07,2
Metal,1347,Low,1,2.425,6.735,5
Glass,1358,Low,0,2.037,6.79,6
Glass,1099,High,0,1.649,5.495,6
Bioplastic,723,High,1,0.506,3.615,7
Plastic,1578,Low,1,3.314,7.89,2
Bioplastic,620,Medium,1,0.434,3.1,7
Paper,1766,High,1,1.589,8.83,9
Glass,990,High,1,1.485,4.95,6
Plastic,875,Medium,1,1.837,4.375,2
Metal,679,Low,1,1.222,3.395,5
Plastic,775,High,0,1.627,3.875,2
Bioplastic,1393,Medium,1,0.975,6.965,7
Metal,1624,High,0,2.923,8.12,5
Bioplastic,634,Medium,1,0.444,3.17,7
Ceramic,1119,Low,1,1.343,5.595,5
Glass,1965,High,1,2.947,9.825,6
Bioplastic,1650,Medium,1,1.155,8.25,7
Paper,275,Low,1,0.247,1.375,9
Paper,244,Low,1,0.22,1.22,9
Paper,1487,Low,1,1.338,7.435,9
Metal,1808,Medium,1,3.254,9.04,5
Metal,358,High,0,0.644,1.79,5
Paper,1697,High,1,1.527,8.485,9
Plastic,1311,Medium,1,2.753,6.555,2
Metal,1777,Low,1,3.199,8.885,5
Bioplastic,777,Low,1,0.544,3.885,7
Plastic,1928,Low,0,4.049,9.64,2
Plastic,1143,Low,1,2.4,5.715,2
Paper,832,Medium,1,0.749,4.16,9
Bioplastic,1206,Medium,0,0.844,6.03,7
Plastic,1860,Low,1,3.906,9.3,2
Paper,228,Medium,1,0.205,1.14,9
Metal,1428,Low,1,2.57,7.14,5
Paper,993,Medium,0,0.894,4.965,9
Bioplastic,212,Medium,1,0.148,1.06,7
Plastic,1085,High,1,2.279,5.425,2
Plastic,363,Low,1,0.762,1.815,2
Paper,1940,Medium,1,1.746,9.7,9
Metal,720,Low,1,1.296,3.6,5
Ceramic,545,Low,1,0.654,2.725,5
Plastic,939,Medium,1,1.972,4.695,2
Paper,379,Low,0,0.341,1.895,9
Plastic,1973,Medium,1,4.143,9.865,2
Plastic,1045,Medium,1,2.195,5.225,2
Ceramic,333,High,1,0.4,1.665,5
Plastic,1071,Low,1,2.249,5.355,2
Plastic,939,Low,1,1.972,4.695,2
Paper,793,Medium,1,0.714,3.965,9
Metal,1541,Low,1,2.774,7.705,5
Metal,224,High,0,0.403,1.12,5
Bioplastic,354,Low,1,0.248,1.77,7
Plastic,1763,Low,1,3.702,8.815,2
Bioplastic,1231,Low,0,0.862,6.155,7
Plastic,222,Low,1,0.466,1.11,2
Metal,1778,Medium,1,3.2,8.89,5
Ceramic,1399,High,1,1.679,6.995,5
Glass,1609,Medium,0,2.413,8.045,6
Metal,1536,Low,1,2.765,7.68,5
Ceramic,465,Medium,1,0.558,2.325,5
Metal,1160,Low,1,2.088,5.8,5
Ceramic,1911,Low,1,2.293,9.555,5
Metal,303,High,1,0.545,1.515,5
Bioplastic,1737,Low,1,1.216,8.685,7
Ceramic,898,Medium,0,1.078,4.49,5
Paper,221,Low,1,0.199,1.105,9
Ceramic,419,Low,1,0.503,2.095,5
Plastic,264,Medium,1,0.554,1.32,2
Plastic,979,Low,1,2.056,4.895,2
Plastic,379,Medium,1,0.796,1.895,2
Plastic,964,High,1,2.024,4.82,2
Paper,1950,High,1,1.755,9.75,9
Bioplastic,1299,Low,1,0.909,6.495,7
Plastic,1931,Medium,1,4.055,9.655,2
Paper,716,Low,1,0.644,3.58,9
Bioplastic,1570,High,0,1.099,7.85,7
Metal,903,Low,1,1.625,4.515,5
Metal,1212,Medium,1,2.182,6.06,5
Metal,1622,Low,1,2.92,8.11,5
Metal,146,Medium,0,0.263,0.73,5
Bioplastic,1337,Medium,0,0.936,6.685,7
Bioplastic,1829,Low,1,1.28,9.145,7
Bioplastic,628,Medium,1,0.44,3.14,7
Glass,1680,Low,1,2.52,8.4,6
Metal,1493,Low,1,2.687,7.465,5
Plastic,386,High,1,0.811,1.93,2
Ceramic,1958,Medium,0,2.35,9.79,5
Plastic,284,Low,0,0.596,1.42,2
Bioplastic,175,Low,0,0.122,0.875,7
Metal,1172,Low,1,2.11,5.86,5
Glass,1976,Medium,1,2.964,9.88,6
Metal,1024,Medium,1,1.843,5.12,5
Metal,1268,Medium,1,2.282,6.34,5
Glass,588,High,1,0.882,2.94,6
Plastic,1111,Medium,1,2.333,5.555,2
Glass,1339,Medium,1,2.009,6.695,6
Plastic,1264,Medium,1,2.654,6.32,2
Metal,1411,High,0,2.54,7.055,5
Ceramic,1450,Medium,1,1.74,7.25,5
Plastic,766,Medium,0,1.609,3.83,2
Ceramic,1465,Medium,0,1.758,7.325,5
Paper,1903,Low,0,1.713,9.515,9
Metal,283,Medium,1,0.509,1.415,5
Ceramic,1559,Medium,1,1.871,7.795,5
Glass,1023,Medium,0,1.534,5.115,6
Paper,1234,Low,1,1.111,6.17,9
Metal,1187,Medium,1,2.137,5.935,5
Metal,1024,Low,1,1.843,5.12,5
Glass,181,High,1,0.272,0.905,6
Bioplastic,697,Medium,1,0.488,3.485,7
Ceramic,1785,High,1,2.142,8.925,5
Plastic,163,Low,1,0.342,0.815,2
Metal,242,Medium,1,0.436,1.21,5
Ceramic,1090,Low,1,1.308,5.45,5
Plastic,1637,Low,1,3.438,8.185,2
Paper,1544,Low,1,1.39,7.72,9
Ceramic,845,Low,1,1.014,4.225,5
Plastic,391,Low,1,0.821,1.955,2
Glass,194,Medium,1,0.291,0.97,6
Glass,1892,Low,1,2.838,9.46,6
Ceramic,103,Low,1,0.124,0.515,5
Glass,1194,Low,1,1.791,5.97,6
Paper,699,High,0,0.629,3.495,9
Plastic,749,Low,0,1.573,3.745,2
Plastic,1632,Low,1,3.427,8.16,2
Glass,1277,Medium,1,1.915,6.385,6
Plastic,313,High,1,0.657,1.565,2
Metal,207,Medium,1,0.373,1.035,5
Paper,1150,Low,1,1.035,5.75,9
Ceramic,359,High,1,0.431,1.795,5
Bioplastic,1030,Low,1,0.721,5.15,7
Glass,666,Low,1,0.999,3.33,6
Glass,1329,Low,1,1.994,6.645,6
Bioplastic,979,High,1,0.685,4.895,7
Plastic,1881,High,1,3.95,9.405,2
Bioplastic,911,Low,1,0.638,4.555,7
Glass,1803,High,0,2.704,9.015,6
Bioplastic,1515,Low,1,1.06,7.575,7
Plastic,1850,High,1,3.885,9.25,2
Paper,1503,Low,1,1.353,7.515,9
Paper,1113,Low,1,1.002,5.565,9
Glass,1425,Medium,1,2.138,7.125,6
Metal,1881,Low,0,3.386,9.405,5
Ceramic,1119,Medium,1,1.343,5.595,5
Glass,548,Medium,1,0.822,2.74,6
Glass,1257,Low,0,1.885,6.285,6
Metal,1626,High,1,2.927,8.13,5
Paper,140,Low,1,0.126,0.7,9
Metal,979,Medium,0,1.762,4.895,5
Bioplastic,1442,Medium,1,1.009,7.21,7
Glass,1481,Low,1,2.221,7.405,6
Paper,1527,Low,1,1.374,7.635,9
Glass,139,Low,1,0.208,0.695,6
Glass,1985,Low,1,2.978,9.925,6
Glass,190,Medium,1,0.285,0.95,6
Plastic,916,Medium,1,1.924,4.58,2
Paper,446,High,1,0.401,2.23,9
Glass,293,Medium,1,0.44,1.465,6
Bioplastic,1561,Medium,1,1.093,7.805,7
Metal,769,Low,1,1.384,3.845,5
Bioplastic,404,Low,0,0.283,2.02,7
Bioplastic,1917,Low,0,1.342,9.585,7
Plastic,1738,Low,0,3.65,8.69,2
Ceramic,1206,Low,0,1.447,6.03,5
Ceramic,735,Low,1,0.882,3.675,5
Glass,1416,Medium,1,2.124,7.08,6
Bioplastic,1741,High,1,1.219,8.705,7
Plastic,419,Low,1,0.88,2.095,2
Ceramic,904,High,1,1.085,4.52,5
Plastic,719,Medium,1,1.51,3.595,2
Paper,1239,Low,0,1.115,6.195,9
Paper,1403,High,1,1.263,7.015,9
Bioplastic,1072,Medium,1,0.75,5.36,7
Ceramic,1813,High,1,2.176,9.065,5
Plastic,1782,Medium,1,3.742,8.91,2
Glass,1339,Medium,1,2.009,6.695,6
Plastic,478,High,0,1.004,2.39,2
Glass,1979,Low,1,2.969,9.895,6
Glass,505,Medium,1,0.757,2.525,6
Metal,1600,Medium,1,2.88,8,5
Bioplastic,273,High,1,0.191,1.365,7
Plastic,923,Medium,1,1.938,4.615,2
Metal,1800,Medium,1,3.24,9,5
Glass,1375,High,1,2.062,6.875,6
Paper,428,Medium,1,0.385,2.14,9
Metal,299,Medium,1,0.538,1.495,5
Glass,852,Low,1,1.278,4.26,6
Paper,366,Low,1,0.329,1.83,9
Bioplastic,659,High,0,0.461,3.295,7
Metal,656,Medium,1,1.181,3.28,5
Plastic,111,Low,0,0.233,0.555,2
Metal,1906,Low,1,3.431,9.53,5
Plastic,1413,Medium,0,2.967,7.065,2
Ceramic,922,Low,1,1.106,4.61,5
Bioplastic,1353,High,1,0.947,6.765,7
Ceramic,504,Low,1,0.605,2.52,5
Metal,823,Low,1,1.481,4.115,5
Ceramic,1647,High,1,1.976,8.235,5
Ceramic,513,Medium,1,0.616,2.565,5
Plastic,1028,Medium,1,2.159,5.14,2
Bioplastic,771,Low,1,0.54,3.855,7
Ceramic,1923,Low,1,2.308,9.615,5
Glass,835,Low,1,1.252,4.175,6
Paper,1837,High,1,1.653,9.185,9
Metal,1452,Low,1,2.614,7.26,5
Metal,1803,Medium,1,3.245,9.015,5
Glass,943,Low,1,1.415,4.715,6
Paper,506,Low,0,0.455,2.53,9
Bioplastic,321,Medium,1,0.225,1.605,7
Ceramic,1698,Low,0,2.038,8.49,5
Metal,1945,Medium,1,3.501,9.725,5
Metal,454,Low,1,0.817,2.27,5
Metal,508,Medium,1,0.914,2.54,5
Plastic,1899,Medium,1,3.988,9.495,2
Bioplastic,181,High,1,0.127,0.905,7
Ceramic,161,Low,1,0.193,0.805,5
Bioplastic,614,High,1,0.43,3.07,7
Paper,1660,High,1,1.494,8.3,9
Glass,1794,Medium,1,2.691,8.97,6
Ceramic,1890,Low,1,2.268,9.45,5
Bioplastic,681,Low,1,0.477,3.405,7
Ceramic,647,Medium,0,0.776,3.235,5
Bioplastic,1646,Low,1,1.152,8.23,7
Plastic,757,Low,1,1.59,3.785,2
Plastic,1520,Medium,0,3.192,7.6,2
Metal,1876,Low,1,3.377,9.38,5
Plastic,404,Medium,1,0.848,2.02,2
Paper,573,Medium,1,0.516,2.865,9
Ceramic,888,Medium,1,1.066,4.44,5
Plastic,761,Medium,1,1.598,3.805,2
Paper,362,Medium,1,0.326,1.81,9
Metal,1557,Low,1,2.803,7.785,5
Metal,148,Low,1,0.266,0.74,5
Glass,189,Low,1,0.283,0.945,6
Ceramic,1160,Low,0,1.392,5.8,5
Paper,1453,Medium,1,1.308,7.265,9
Paper,1919,Medium,1,1.727,9.595,9
Ceramic,723,Low,0,0.868,3.615,5
Glass,537,High,1,0.805,2.685,6
Glass,706,Low,1,1.059,3.53,6
Ceramic,473,Medium,1,0.568,2.365,5
Metal,214,Medium,0,0.385,1.07,5
Glass,991,Low,1,1.486,4.955,6
Metal,806,Low,1,1.451,4.03,5
Metal,1736,Low,1,3.125,8.68,5
Paper,873,Medium,1,0.786,4.365,9
Paper,968,Low,1,0.871,4.84,9
Metal,561,Medium,1,1.01,2.805,5
Glass,1208,High,1,1.812,6.04,6
Glass,1393,Medium,1,2.09,6.965,6
Metal,503,Low,1,0.905,2.515,5
Bioplastic,1404,Low,1,0.983,7.02,7
Metal,1232,Medium,1,2.218,6.16,5
Glass,803,Low,1,1.204,4.015,6
Ceramic,1822,Medium,1,2.186,9.11,5
Bioplastic,951,Low,1,0.666,4.755,7
Bioplastic,1237,High,1,0.866,6.185,7
Plastic,1312,Medium,1,2.755,6.56,2
Ceramic,711,Low,1,0.853,3.555,5
Ceramic,1647,Medium,1,1.976,8.235,5
Metal,1564,Low,0,2.815,7.82,5
Plastic,123,Medium,1,0.258,0.615,2
Paper,1393,Low,1,1.254,6.965,9
Plastic,348,Medium,1,0.731,1.74,2
Paper,1731,Low,0,1.558,8.655,9
Paper,474,Medium,1,0.427,2.37,9
Ceramic,294,Low,1,0.353,1.47,5
Plastic,1250,Low,1,2.625,6.25,2
Glass,292,High,1,0.438,1.46,6
Metal,269,High,1,0.484,1.345,5
Glass,300,Low,1,0.45,1.5,6
Bioplastic,1119,High,1,0.783,5.595,7
Metal,187,Medium,0,0.337,0.935,5
Bioplastic,509,Medium,1,0.356,2.545,7
Metal,1089,Low,1,1.96,5.445,5
Plastic,788,High,0,1.655,3.94,2
Bioplastic,1953,Medium,1,1.367,9.765,7
Metal,1784,Low,1,3.211,8.92,5
Paper,1092,Low,1,0.983,5.46,9
Glass,946,High,1,1.419,4.73,6
Plastic,429,Medium,1,0.901,2.145,2
Metal,944,Medium,1,1.699,4.72,5
Metal,258,Low,1,0.464,1.29,5
Paper,1700,High,1,1.53,8.5,9
Bioplastic,880,Low,1,0.616,4.4,7
Bioplastic,915,Medium,1,0.64,4.575,7
Metal,389,Low,1,0.7,1.945,5
Metal,1665,Low,0,2.997,8.325,5
Bioplastic,1940,High,1,1.358,9.7,7
Glass,306,Low,0,0.459,1.53,6
Metal,1412,High,0,2.542,7.06,5
Bioplastic,227,Medium,1,0.159,1.135,7
Ceramic,400,Low,0,0.48,2,5
Plastic,1529,Low,1,3.211,7.645,2
Bioplastic,391,Low,1,0.274,1.955,7
Plastic,583,Medium,1,1.224,2.915,2
Bioplastic,398,Low,0,0.279,1.99,7
Glass,1449,Medium,1,2.174,7.245,6
Bioplastic,284,Medium,1,0.199,1.42,7
Bioplastic,974,Low,1,0.682,4.87,7
Bioplastic,1595,Medium,1,1.117,7.975,7
Ceramic,845,Medium,1,1.014,4.225,5
Plastic,1730,Medium,1,3.633,8.65,2
Ceramic,888,Medium,1,1.066,4.44,5
Metal,365,Low,1,0.657,1.825,5
Plastic,643,Medium,1,1.35,3.215,2
Metal,1121,Low,1,2.018,5.605,5
Bioplastic,321,Low,1,0.225,1.605,7
Glass,1619,Low,1,2.429,8.095,6
Paper,610,High,1,0.549,3.05,9
Ceramic,1099,High,1,1.319,5.495,5
Ceramic,1853,Low,1,2.224,9.265,5
Paper,744,Medium,0,0.67,3.72,9
Paper,924,High,1,0.832,4.62,9
Metal,1197,Low,1,2.155,5.985,5
Ceramic,1978,Low,1,2.374,9.89,5
Bioplastic,578,Medium,0,0.405,2.89,7
Glass,917,Medium,1,1.375,4.585,6
Bioplastic,1019,Low,1,0.713,5.095,7
Bioplastic,1092,Low,0,0.764,5.46,7
Paper,854,Medium,1,0.769,4.27,9
Bioplastic,1963,Medium,1,1.374,9.815,7
Glass,106,Low,1,0.159,0.53,6
Plastic,559,Low,1,1.174,2.795,2
Glass,245,High,0,0.367,1.225,6
Glass,358,Low,0,0.537,1.79,6
Bioplastic,1685,Medium,1,1.179,8.425,7
Plastic,154,Low,1,0.323,0.77,2
Bioplastic,1514,Medium,1,1.06,7.57,7
Paper,1686,Medium,1,1.517,8.43,9
Paper,940,Medium,1,0.846,4.7,9
Glass,1148,High,1,1.722,5.74,6
Paper,1026,Low,1,0.923,5.13,9
Glass,598,Medium,1,0.897,2.99,6
Bioplastic,1916,Low,1,1.341,9.58,7
Paper,1827,Low,1,1.644,9.135,9
Metal,1338,Medium,1,2.408,6.69,5
Paper,270,High,0,0.243,1.35,9
Plastic,456,Low,1,0.958,2.28,2
Metal,522,Medium,1,0.94,2.61,5
Plastic,1667,Low,1,3.501,8.335,2
Paper,445,High,1,0.401,2.225,9
Ceramic,1017,Medium,0,1.22,5.085,5
Paper,139,Low,1,0.125,0.695,9
Paper,452,High,1,0.407,2.26,9
Metal,390,Medium,1,0.702,1.95,5
Ceramic,415,Medium,1,0.498,2.075,5
Plastic,700,High,0,1.47,3.5,2
Metal,1423,Medium,1,2.561,7.115,5
Glass,1670,Low,1,2.505,8.35,6
Bioplastic,360,Low,1,0.252,1.8,7
Plastic,1094,Medium,1,2.297,5.47,2
Plastic,1841,Low,1,3.866,9.205,2
Ceramic,1265,Low,1,1.518,6.325,5
Metal,522,Medium,1,0.94,2.61,5
Glass,740,Medium,1,1.11,3.7,6
Ceramic,1558,Medium,0,1.87,7.79,5
Ceramic,345,Medium,1,0.414,1.725,5
Paper,554,Low,1,0.499,2.77,9
Glass,657,Low,1,0.986,3.285,6
Bioplastic,616,Low,0,0.431,3.08,7
Bioplastic,1281,High,1,0.897,6.405,7
Plastic,360,High,1,0.756,1.8,2
Bioplastic,1194,Medium,1,0.836,5.97,7
Plastic,416,Medium,1,0.874,2.08,2
Ceramic,189,Low,1,0.227,0.945,5
Plastic,1579,Low,1,3.316,7.895,2
Bioplastic,1095,Medium,1,0.766,5.475,7
Glass,1314,Low,1,1.971,6.57,6
Plastic,190,Medium,1,0.399,0.95,2
Ceramic,1113,High,1,1.336,5.565,5
Glass,1738,Low,1,2.607,8.69,6
Plastic,1755,Medium,1,3.686,8.775,2
Plastic,223,High,1,0.468,1.115,2
Paper,386,Low,1,0.347,1.93,9
Ceramic,1203,Low,1,1.444,6.015,5
Metal,482,Medium,1,0.868,2.41,5
Bioplastic,1916,Medium,0,1.341,9.58,7
Ceramic,772,Medium,1,0.926,3.86,5
Plastic,198,Low,1,0.416,0.99,2
Plastic,455,Low,1,0.956,2.275,2
Bioplastic,1433,Medium,1,1.003,7.165,7
Glass,616,Medium,1,0.924,3.08,6
Paper,1476,Medium,1,1.328,7.38,9
Metal,1285,High,1,2.313,6.425,5
Ceramic,329,Medium,1,0.395,1.645,5
Bioplastic,1016,High,1,0.711,5.08,7
Ceramic,1145,Medium,1,1.374,5.725,5
Glass,626,Low,1,0.939,3.13,6
Plastic,462,High,1,0.97,2.31,2
Paper,1411,Medium,1,1.27,7.055,9
Bioplastic,710,Medium,0,0.497,3.55,7
Plastic,1572,High,1,3.301,7.86,2
Glass,1769,Medium,1,2.654,8.845,6
Glass,1072,Medium,1,1.608,5.36,6
Metal,1062,Medium,0,1.912,5.31,5
Ceramic,1072,High,1,1.286,5.36,5
Plastic,1335,High,1,2.804,6.675,2
Metal,597,Low,1,1.075,2.985,5
Glass,410,Medium,0,0.615,2.05,6
Metal,193,High,0,0.347,0.965,5
Metal,1699,Low,1,3.058,8.495,5
Bioplastic,1541,Medium,1,1.079,7.705,7
Glass,1757,Medium,1,2.635,8.785,6
Plastic,790,Low,0,1.659,3.95,2
Metal,1215,High,1,2.187,6.075,5
Metal,198,Low,1,0.356,0.99,5
Metal,1938,High,1,3.488,9.69,5
Paper,1492,Medium,1,1.343,7.46,9
Glass,382,Medium,1,0.573,1.91,6
Paper,1077,High,1,0.969,5.385,9
Paper,1252,Low,1,1.127,6.26,9
Plastic,943,Low,1,1.98,4.715,2
Metal,595,High,1,1.071,2.975,5
Glass,758,Low,1,1.137,3.79,6
Paper,917,High,1,0.825,4.585,9
Bioplastic,551,High,1,0.386,2.755,7
Ceramic,1067,Low,0,1.28,5.335,5
Metal,1045,Low,1,1.881,5.225,5
Metal,653,Low,0,1.175,3.265,5
Glass,1655,Medium,1,2.482,8.275,6
Bioplastic,1195,High,1,0.837,5.975,7
Plastic,1616,High,0,3.394,8.08,2
Plastic,1356,High,0,2.848,6.78,2
Ceramic,1817,High,1,2.18,9.085,5
Bioplastic,1272,Low,0,0.89,6.36,7
Metal,701,High,0,1.262,3.505,5
Metal,1176,High,1,2.117,5.88,5
Metal,1123,High,1,2.021,5.615,5
Paper,559,Low,1,0.503,2.795,9
Ceramic,1942,Low,1,2.33,9.71,5
Bioplastic,939,Low,1,0.657,4.695,7
Bioplastic,796,Medium,1,0.557,3.98,7
Ceramic,1435,Low,1,1.722,7.175,5
Metal,227,Medium,1,0.409,1.135,5
Metal,1620,High,1,2.916,8.1,5
Metal,1456,Medium,1,2.621,7.28,5
Plastic,727,Medium,1,1.527,3.635,2
Metal,1751,High,1,3.152,8.755,5
Plastic,1827,Medium,0,3.837,9.135,2
Paper,1667,Low,0,1.5,8.335,9
Metal,1264,Low,1,2.275,6.32,5
Bioplastic,1876,Low,1,1.313,9.38,7
Plastic,487,Low,1,1.023,2.435,2
Metal,1189,High,1,2.14,5.945,5
Ceramic,1871,Low,1,2.245,9.355,5
Plastic,1619,Medium,1,3.4,8.095,2
Ceramic,1145,Medium,1,1.374,5.725,5
Bioplastic,1217,Medium,1,0.852,6.085,7
Ceramic,1313,Medium,1,1.576,6.565,5
Glass,1756,Medium,0,2.634,8.78,6
Bioplastic,302,Medium,1,0.211,1.51,7
Glass,150,Medium,1,0.225,0.75,6
Plastic,1304,Medium,1,2.738,6.52,2
Plastic,1014,Low,1,2.129,5.07,2
Bioplastic,1446,Low,1,1.012,7.23,7
Glass,990,Medium,1,1.485,4.95,6
Bioplastic,1276,Medium,1,0.893,6.38,7
Ceramic,1061,Medium,1,1.273,5.305,5
Plastic,1647,High,1,3.459,8.235,2
Metal,166,Medium,1,0.299,0.83,5
Ceramic,1160,High,1,1.392,5.8,5
Glass,1847,Low,1,2.771,9.235,6
Plastic,1584,High,1,3.326,7.92,2
Ceramic,860,Low,1,1.032,4.3,5
Paper,231,High,1,0.208,1.155,9
Metal,810,Medium,1,1.458,4.05,5
Bioplastic,1015,Medium,1,0.711,5.075,7
Bioplastic,1091,Low,1,0.764,5.455,7
Bioplastic,248,Medium,1,0.174,1.24,7
Paper,384,Medium,1,0.346,1.92,9
Paper,1001,High,1,0.901,5.005,9
Bioplastic,136,Medium,1,0.095,0.68,7
Glass,684,Medium,1,1.026,3.42,6
Ceramic,1577,Low,1,1.892,7.885,5
Metal,1605,Low,1,2.889,8.025,5
Paper,1386,High,1,1.247,6.93,9
Plastic,377,High,1,0.792,1.885,2
Bioplastic,284,Low,1,0.199,1.42,7
Plastic,207,Low,1,0.435,1.035,2
Paper,1996,High,1,1.796,9.98,9
Metal,424,Low,0,0.763,2.12,5
Paper,229,Medium,1,0.206,1.145,9
Glass,963,High,1,1.444,4.815,6
Bioplastic,1099,Low,1,0.769,5.495,7
Bioplastic,631,Medium,1,0.442,3.155,7
Paper,436,Medium,1,0.392,2.18,9
Paper,1409,Low,1,1.268,7.045,9
Bioplastic,1022,Medium,0,0.715,5.11,7
Bioplastic,800,Low,0,0.56,4,7
Ceramic,1595,Low,0,1.914,7.975,5
Glass,219,Medium,1,0.329,1.095,6
Bioplastic,443,Low,1,0.31,2.215,7
Ceramic,1036,Low,1,1.243,5.18,5
Metal,1802,Low,1,3.244,9.01,5
Plastic,1914,Low,1,4.019,9.57,2
Paper,503,Low,1,0.453,2.515,9
Paper,135,High,1,0.121,0.675,9
Glass,1537,Low,1,2.305,7.685,6
Metal,1281,Medium,1,2.306,6.405,5
Paper,1042,High,1,0.938,5.21,9
Paper,1293,Medium,1,1.164,6.465,9
Plastic,1658,Medium,1,3.482,8.29,2
Paper,1259,High,1,1.133,6.295,9
Plastic,1141,Medium,0,2.396,5.705,2
Plastic,511,Medium,1,1.073,2.555,2
Plastic,184,Low,1,0.386,0.92,2
Plastic,1515,High,1,3.182,7.575,2
Paper,332,Low,1,0.299,1.66,9
Paper,827,Medium,1,0.744,4.135,9
Glass,1232,Low,1,1.848,6.16,6
Plastic,1741,Medium,1,3.656,8.705,2
Ceramic,1188,Medium,1,1.426,5.94,5
Paper,991,Medium,0,0.892,4.955,9
Bioplastic,750,High,1,0.525,3.75,7
Ceramic,1314,High,1,1.577,6.57,5
Metal,1973,Low,1,3.551,9.865,5
Ceramic,625,Low,1,0.75,3.125,5
Ceramic,592,Medium,1,0.71,2.96,5
Bioplastic,248,Medium,1,0.174,1.24,7
Metal,1761,Low,0,3.17,8.805,5
Ceramic,1359,Medium,1,1.631,6.795,5
Ceramic,1698,High,1,2.038,8.49,5
Glass,745,Low,0,1.117,3.725,6
Ceramic,634,Low,1,0.761,3.17,5
Glass,1680,High,1,2.52,8.4,6
Ceramic,922,High,1,1.106,4.61,5
Paper,1970,Medium,1,1.773,9.85,9
Plastic,1386,Low,1,2.911,6.93,2
Ceramic,1119,Medium,1,1.343,5.595,5
Paper,1833,Low,1,1.65,9.165,9
Glass,1167,Low,1,1.75,5.835,6
Plastic,782,Medium,1,1.642,3.91,2
Ceramic,736,Low,0,0.883,3.68,5
Plastic,1447,Medium,0,3.039,7.235,2
Glass,1484,High,1,2.226,7.42,6
Metal,132,Medium,1,0.238,0.66,5
Ceramic,720,High,1,0.864,3.6,5
Paper,159,Medium,1,0.143,0.795,9
Paper,766,Low,1,0.689,3.83,9
Ceramic,1243,Low,1,1.492,6.215,5
Plastic,461,Medium,0,0.968,2.305,2
Metal,645,High,1,1.161,3.225,5
Glass,1860,High,1,2.79,9.3,6
Paper,1426,Low,1,1.283,7.13,9
Metal,588,Medium,0,1.058,2.94,5
Metal,1606,High,1,2.891,8.03,5
Bioplastic,1579,Medium,1,1.105,7.895,7
Glass,502,Medium,1,0.753,2.51,6
Ceramic,1051,High,0,1.261,5.255,5
Plastic,1935,Low,1,4.064,9.675,2
Metal,967,Medium,1,1.741,4.835,5
Paper,1419,Low,1,1.277,7.095,9
Bioplastic,1311,Medium,1,0.918,6.555,7
Ceramic,584,Medium,1,0.701,2.92,5
Paper,392,Low,1,0.353,1.96,9
Bioplastic,1322,Medium,0,0.925,6.61,7
Metal,343,Low,0,0.617,1.715,5
Plastic,1034,Medium,1,2.171,5.17,2
Glass,1124,Low,1,1.686,5.62,6
Plastic,1046,Medium,1,2.197,5.23,2
Bioplastic,380,Medium,0,0.266,1.9,7
Bioplastic,1562,Low,1,1.093,7.81,7
Ceramic,1555,Medium,1,1.866,7.775,5
Glass,873,Medium,0,1.31,4.365,6
Paper,1587,High,1,1.428,7.935,9
Bioplastic,1103,Medium,0,0.772,5.515,7
Plastic,393,Low,0,0.825,1.965,2
Glass,1204,Medium,1,1.806,6.02,6
Bioplastic,105,High,0,0.073,0.525,7
Ceramic,350,High,1,0.42,1.75,5
Ceramic,1388,High,1,1.666,6.94,5
Bioplastic,492,Medium,1,0.344,2.46,7
Metal,1728,Low,1,3.11,8.64,5
Bioplastic,568,Low,1,0.398,2.84,7
Bioplastic,1121,High,1,0.785,5.605,7
Metal,632,Medium,1,1.138,3.16,5
Metal,1066,Low,0,1.919,5.33,5
Plastic,275,Low,1,0.578,1.375,2
Metal,1511,Medium,1,2.72,7.555,5
Glass,1075,Low,1,1.613,5.375,6
Glass,1439,Low,0,2.159,7.195,6
Glass,156,High,0,0.234,0.78,6
Paper,1309,Low,1,1.178,6.545,9
Ceramic,503,Low,1,0.604,2.515,5
Glass,1459,Medium,1,2.188,7.295,6
Bioplastic,1992,Low,1,1.394,9.96,7
Bioplastic,680,High,1,0.476,3.4,7
Ceramic,1142,Low,1,1.37,5.71,5
Glass,1360,Medium,0,2.04,6.8,6
Bioplastic,986,Medium,1,0.69,4.93,7
Plastic,713,Medium,1,1.497,3.565,2
Paper,1891,Low,1,1.702,9.455,9
Glass,433,Medium,0,0.649,2.165,6
Metal,1014,Low,0,1.825,5.07,5
Bioplastic,1895,High,1,1.327,9.475,7
Metal,339,Medium,1,0.61,1.695,5
Glass,386,High,1,0.579,1.93,6
Bioplastic,1926,Low,0,1.348,9.63,7
Plastic,554,Medium,1,1.163,2.77,2
Paper,1831,High,1,1.648,9.155,9
Plastic,598,Medium,0,1.256,2.99,2
Plastic,1967,Low,1,4.131,9.835,2
Plastic,587,Low,1,1.233,2.935,2
Plastic,657,High,1,1.38,3.285,2
Plastic,1298,Medium,1,2.726,6.49,2
Paper,1135,Medium,1,1.022,5.675,9
Metal,780,Low,1,1.404,3.9,5
Plastic,714,Low,1,1.499,3.57,2
Metal,920,Low,1,1.656,4.6,5
Glass,1600,Low,1,2.4,8,6
Bioplastic,1440,Medium,1,1.008,7.2,7
Glass,1889,High,1,2.833,9.445,6
Metal,631,Low,1,1.136,3.155,5
Bioplastic,1588,Low,0,1.112,7.94,7
Metal,1085,High,1,1.953,5.425,5
Ceramic,870,Low,1,1.044,4.35,5
Metal,935,Medium,1,1.683,4.675,5
Ceramic,447,High,1,0.536,2.235,5
Ceramic,1277,High,1,1.532,6.385,5
Glass,154,Low,1,0.231,0.77,6
Paper,141,Medium,1,0.127,0.705,9
Ceramic,1162,High,0,1.394,5.81,5
Paper,658,Medium,1,0.592,3.29,9
Paper,589,Low,1,0.53,2.945,9
Glass,1601,Low,1,2.401,8.005,6
Plastic,187,High,1,0.393,0.935,2
Ceramic,1992,Low,0,2.39,9.96,5
Bioplastic,1966,Low,1,1.376,9.83,7
Plastic,1645,High,1,3.454,8.225,2
Metal,1631,High,1,2.936,8.155,5
Ceramic,1636,Low,1,1.963,8.18,5
Metal,896,Medium,1,1.613,4.48,5
Plastic,1509,Medium,1,3.169,7.545,2
Glass,482,Low,1,0.723,2.41,6
Ceramic,1677,Low,1,2.012,8.385,5
Glass,1269,Medium,1,1.903,6.345,6
Bioplastic,566,Medium,1,0.396,2.83,7
Glass,1991,Medium,1,2.986,9.955,6
Bioplastic,590,Low,0,0.413,2.95,7
Ceramic,1243,High,1,1.492,6.215,5
Plastic,535,Low,1,1.123,2.675,2
Bioplastic,1602,Medium,1,1.121,8.01,7
Bioplastic,1219,High,0,0.853,6.095,7
Paper,865,Medium,1,0.778,4.325,9
Plastic,1210,High,1,2.541,6.05,2
Glass,318,High,1,0.477,1.59,6
Metal,290,Low,1,0.522,1.45,5
Ceramic,1516,Medium,1,1.819,7.58,5
Metal,173,Low,0,0.311,0.865,5
Plastic,1659,High,1,3.484,8.295,2
Paper,374,Low,0,0.337,1.87,9
Paper,162,Medium,1,0.146,0.81,9
Paper,1106,Medium,1,0.995,5.53,9
Metal,839,Low,1,1.51,4.195,5
Metal,749,Medium,1,1.348,3.745,5
Paper,1293,Medium,1,1.164,6.465,9
Metal,1405,Low,1,2.529,7.025,5
Paper,1914,High,1,1.723,9.57,9
Metal,537,Low,1,0.967,2.685,5
Glass,1312,High,1,1.968,6.56,6
Bioplastic,1154,Low,1,0.808,5.77,7
Ceramic,957,Low,0,1.148,4.785,5
Paper,211,Medium,0,0.19,1.055,9
Bioplastic,842,Low,1,0.589,4.21,7
Bioplastic,1470,Low,0,1.029,7.35,7
Plastic,1938,High,1,4.07,9.69,2
Paper,1886,Medium,1,1.697,9.43,9
Paper,1218,High,1,1.096,6.09,9
Bioplastic,1061,Medium,0,0.743,5.305,7
Glass,257,Low,1,0.386,1.285,6
Paper,1734,Medium,0,1.561,8.67,9
Ceramic,559,Medium,1,0.671,2.795,5
Ceramic,850,High,1,1.02,4.25,5
Plastic,374,Medium,1,0.785,1.87,2
Glass,438,Low,1,0.657,2.19,6
Paper,1487,Low,1,1.338,7.435,9
Plastic,1656,Low,1,3.478,8.28,2
Ceramic,147,Low,1,0.176,0.735,5
Ceramic,1297,High,1,1.556,6.485,5
Metal,920,Medium,0,1.656,4.6,5
Bioplastic,873,Low,1,0.611,4.365,7
Paper,1091,High,0,0.982,5.455,9
Paper,160,Low,1,0.144,0.8,9
Plastic,1144,Medium,1,2.402,5.72,2
Ceramic,1868,Medium,0,2.242,9.34,5
Metal,258,High,1,0.464,1.29,5
Plastic,1210,Medium,1,2.541,6.05,2
Glass,265,Medium,1,0.398,1.325,6
Plastic,1574,Medium,0,3.305,7.87,2
Bioplastic,1122,Medium,1,0.785,5.61,7
Ceramic,129,Low,1,0.155,0.645,5
Metal,192,Low,1,0.346,0.96,5
Ceramic,1101,Low,1,1.321,5.505,5
Ceramic,1053,Low,1,1.264,5.265,5
Bioplastic,418,Low,1,0.293,2.09,7
Metal,513,Medium,0,0.923,2.565,5
Paper,1914,Low,1,1.723,9.57,9
Bioplastic,601,Medium,1,0.421,3.005,7
Glass,167,Low,1,0.251,0.835,6
Glass,1047,Low,1,1.571,5.235,6
Paper,1632,Low,1,1.469,8.16,9
Paper,1684,Medium,1,1.516,8.42,9
Glass,1804,Low,1,2.706,9.02,6
Bioplastic,1593,Low,1,1.115,7.965,7
Plastic,874,Medium,0,1.835,4.37,2
Paper,623,High,1,0.561,3.115,9
Bioplastic,1633,Low,1,1.143,8.165,7
Bioplastic,296,Medium,1,0.207,1.48,7
Metal,1885,Medium,1,3.393,9.425,5
Ceramic,510,Medium,0,0.612,2.55,5
Plastic,599,High,1,1.258,2.995,2
Paper,870,Low,1,0.783,4.35,9
Ceramic,490,Low,0,0.588,2.45,5
Glass,1363,Low,1,2.045,6.815,6
Bioplastic,1936,Low,1,1.355,9.68,7
Plastic,560,Medium,1,1.176,2.8,2
Plastic,1696,Medium,1,3.562,8.48,2
Glass,140,Low,0,0.21,0.7,6
Paper,347,High,1,0.312,1.735,9
Plastic,205,High,1,0.43,1.025,2
Metal,1014,Medium,1,1.825,5.07,5
Metal,185,Low,1,0.333,0.925,5
Glass,367,Medium,1,0.55,1.835,6
Ceramic,1228,Medium,1,1.474,6.14,5
Ceramic,1293,Low,1,1.552,6.465,5
Plastic,755,Medium,1,1.585,3.775,2
Metal,800,Low,1,1.44,4,5
Bioplastic,587,High,1,0.411,2.935,7
Metal,227,Medium,1,0.409,1.135,5
Bioplastic,1254,Medium,1,0.878,6.27,7
Plastic,761,Low,1,1.598,3.805,2
Plastic,1441,Medium,0,3.026,7.205,2
Ceramic,942,Low,1,1.13,4.71,5
Plastic,1368,Medium,1,2.873,6.84,2
Glass,1041,Low,1,1.562,5.205,6
Glass,1144,Low,1,1.716,5.72,6
Metal,1286,Low,1,2.315,6.43,5
Glass,1193,High,1,1.79,5.965,6
Bioplastic,1047,Medium,0,0.733,5.235,7
Plastic,1774,High,0,3.725,8.87,2
Plastic,159,High,0,0.334,0.795,2
Bioplastic,974,Medium,1,0.682,4.87,7
Ceramic,442,Low,1,0.53,2.21,5
Paper,1774,High,1,1.597,8.87,9
Metal,1091,Low,1,1.964,5.455,5
Plastic,1763,Medium,1,3.702,8.815,2
Ceramic,1287,Medium,0,1.544,6.435,5
Glass,1571,Low,1,2.357,7.855,6
Ceramic,1280,Medium,1,1.536,6.4,5
Paper,1584,Medium,0,1.426,7.92,9
Bioplastic,1607,Low,1,1.125,8.035,7
Metal,1176,High,0,2.117,5.88,5
Plastic,1004,Medium,0,2.108,5.02,2
Metal,533,Low,1,0.959,2.665,5
Paper,163,High,1,0.147,0.815,9
Glass,1954,Medium,1,2.931,9.77,6
Glass,148,Low,1,0.222,0.74,6
Bioplastic,1132,Low,1,0.792,5.66,7
Bioplastic,1907,Medium,1,1.335,9.535,7
Plastic,837,High,0,1.758,4.185,2
Ceramic,527,Medium,1,0.632,2.635,5
Glass,1439,Low,0,2.159,7.195,6
Ceramic,570,Low,0,0.684,2.85,5
Ceramic,1756,Medium,1,2.107,8.78,5
Metal,1432,Low,1,2.578,7.16,5
Bioplastic,1026,Medium,1,0.718,5.13,7
Glass,929,Medium,1,1.393,4.645,6
Bioplastic,1576,Low,1,1.103,7.88,7
Paper,430,Low,0,0.387,2.15,9
Metal,324,Low,1,0.583,1.62,5
Glass,704,Medium,1,1.056,3.52,6
Paper,1974,Medium,1,1.777,9.87,9
Ceramic,844,High,0,1.013,4.22,5
Metal,914,Low,0,1.645,4.57,5
Glass,1369,Low,1,2.054,6.845,6
Ceramic,856,Low,0,1.027,4.28,5
Glass,125,Medium,0,0.188,0.625,6
Glass,389,Low,1,0.584,1.945,6
Plastic,1702,Low,1,3.574,8.51,2
Glass,1140,Medium,1,1.71,5.7,6
Glass,1536,Low,0,2.304,7.68,6
Bioplastic,514,High,1,0.36,2.57,7
Metal,150,High,1,0.27,0.75,5
Ceramic,1242,Low,1,1.49,6.21,5
Plastic,1705,Medium,1,3.58,8.525,2
Plastic,435,Low,1,0.913,2.175,2
Metal,1791,Medium,1,3.224,8.955,5
Bioplastic,1489,Low,0,1.042,7.445,7
Paper,320,Low,0,0.288,1.6,9
Glass,964,Low,1,1.446,4.82,6
Plastic,944,Low,1,1.982,4.72,2
Glass,281,High,1,0.421,1.405,6
Plastic,1779,Low,1,3.736,8.895,2
Bioplastic,769,Medium,1,0.538,3.845,7
Paper,806,Medium,1,0.725,4.03,9
Glass,1623,Medium,1,2.434,8.115,6
Bioplastic,638,High,1,0.447,3.19,7
Ceramic,460,Low,0,0.552,2.3,5
Bioplastic,310,Medium,0,0.217,1.55,7
Metal,1913,High,1,3.443,9.565,5
Metal,547,Medium,0,0.985,2.735,5
Metal,975,Low,1,1.755,4.875,5
Bioplastic,527,Medium,1,0.369,2.635,7
Bioplastic,1894,Low,1,1.326,9.47,7
Ceramic,982,High,1,1.178,4.91,5
Paper,495,Low,0,0.446,2.475,9
Metal,780,Medium,1,1.404,3.9,5
Plastic,991,Medium,1,2.081,4.955,2
Metal,907,High,1,1.633,4.535,5
Plastic,1973,High,1,4.143,9.865,2
Paper,1272,Medium,1,1.145,6.36,9
Metal,1242,Medium,1,2.236,6.21,5
Metal,1215,High,1,2.187,6.075,5
Bioplastic,1666,High,1,1.166,8.33,7
Metal,1791,Low,1,3.224,8.955,5
Plastic,519,Medium,1,1.09,2.595,2
Plastic,763,Low,1,1.602,3.815,2
Ceramic,224,Low,0,0.269,1.12,5
Plastic,709,High,1,1.489,3.545,2
Glass,1940,High,0,2.91,9.7,6
Glass,1614,Low,1,2.421,8.07,6
Plastic,1306,Low,1,2.743,6.53,2
Glass,1423,Low,1,2.135,7.115,6
Paper,197,Medium,1,0.177,0.985,9
Paper,1758,Low,1,1.582,8.79,9
Metal,1944,Medium,1,3.499,9.72,5
Plastic,1302,High,0,2.734,6.51,2
Metal,1718,Low,1,3.092,8.59,5
Plastic,1124,Medium,1,2.36,5.62,2
Bioplastic,1333,Low,1,0.933,6.665,7
Plastic,615,Medium,1,1.292,3.075,2
Bioplastic,1252,Medium,0,0.876,6.26,7
Glass,476,Medium,1,0.714,2.38,6
Ceramic,628,Medium,1,0.754,3.14,5
Paper,569,Low,1,0.512,2.845,9
Plastic,1506,High,0,3.163,7.53,2
Paper,219,Medium,1,0.197,1.095,9
Ceramic,1142,High,1,1.37,5.71,5
Ceramic,1858,Low,1,2.23,9.29,5
Paper,1913,Low,1,1.722,9.565,9
Metal,1389,Low,1,2.5,6.945,5
Bioplastic,1090,Low,1,0.763,5.45,7
Ceramic,1986,Medium,1,2.383,9.93,5
Plastic,783,High,1,1.644,3.915,2
Paper,584,Low,1,0.526,2.92,9
Plastic,887,High,1,1.863,4.435,2
Metal,702,Medium,1,1.264,3.51,5
Bioplastic,581,Low,1,0.407,2.905,7
Paper,1769,Medium,1,1.592,8.845,9
Paper,1751,High,1,1.576,8.755,9
Paper,1427,Medium,1,1.284,7.135,9
Glass,1578,High,0,2.367,7.89,6
Glass,1934,Medium,0,2.901,9.67,6
Glass,1532,Medium,1,2.298,7.66,6
Metal,1308,High,1,2.354,6.54,5
Ceramic,1795,Low,1,2.154,8.975,5
Bioplastic,1824,Medium,1,1.277,9.12,7
Bioplastic,636,Low,1,0.445,3.18,7
Metal,141,Low,1,0.254,0.705,5
Bioplastic,345,Medium,1,0.241,1.725,7
Glass,1644,High,1,2.466,8.22,6
Metal,752,High,1,1.354,3.76,5
Bioplastic,1814,Medium,1,1.27,9.07,7
Bioplastic,364,Low,1,0.255,1.82,7
Paper,1727,Medium,1,1.554,8.635,9
Glass,1747,Medium,1,2.62,8.735,6
Paper,618,Low,0,0.556,3.09,9
Ceramic,1366,High,1,1.639,6.83,5
Glass,547,Medium,1,0.821,2.735,6
Bioplastic,1744,Low,1,1.221,8.72,7
Glass,1423,Medium,0,2.135,7.115,6
Paper,548,Medium,1,0.493,2.74,9
Paper,1122,Low,1,1.01,5.61,9
Paper,140,Medium,1,0.126,0.7,9
Bioplastic,1340,Low,1,0.938,6.7,7
Bioplastic,1438,High,0,1.007,7.19,7
Ceramic,1869,Medium,1,2.243,9.345,5
Glass,527,Medium,0,0.79,2.635,6
Metal,1579,Medium,1,2.842,7.895,5
Metal,762,High,1,1.372,3.81,5
Metal,1929,Low,1,3.472,9.645,5
Metal,952,Low,1,1.714,4.76,5
Bioplastic,1741,Medium,1,1.219,8.705,7
Ceramic,477,Medium,1,0.572,2.385,5
Bioplastic,1898,Low,1,1.329,9.49,7
Glass,134,Low,1,0.201,0.67,6
Plastic,1058,Low,1,2.222,5.29,2
Glass,496,Medium,1,0.744,2.48,6
Glass,214,High,1,0.321,1.07,6
Bioplastic,1689,Medium,1,1.182,8.445,7
Glass,1700,Medium,1,2.55,8.5,6
Plastic,306,Medium,1,0.643,1.53,2
Paper,623,Medium,1,0.561,3.115,9
Paper,905,High,1,0.815,4.525,9
Plastic,575,Low,1,1.208,2.875,2
Bioplastic,746,Low,0,0.522,3.73,7
Ceramic,969,Low,1,1.163,4.845,5
Glass,420,Medium,1,0.63,2.1,6
Metal,143,Low,1,0.257,0.715,5
Glass,1997,High,0,2.995,9.985,6
Metal,576,Medium,0,1.037,2.88,5
Metal,475,Low,0,0.855,2.375,5
Bioplastic,1929,Medium,1,1.35,9.645,7
Bioplastic,725,High,1,0.507,3.625,7
Plastic,1492,Medium,1,3.133,7.46,2
Paper,421,Low,1,0.379,2.105,9
Bioplastic,237,Medium,0,0.166,1.185,7
Metal,1357,Low,1,2.443,6.785,5
Metal,190,Medium,1,0.342,0.95,5
Paper,1406,Low,0,1.265,7.03,9
Glass,1330,High,1,1.995,6.65,6
Plastic,1366,High,1,2.869,6.83,2
Paper,1532,Medium,1,1.379,7.66,9
Metal,198,Low,1,0.356,0.99,5
Plastic,1054,Medium,1,2.213,5.27,2
Bioplastic,1451,Medium,1,1.016,7.255,7
Plastic,936,Low,1,1.966,4.68,2
Plastic,421,High,1,0.884,2.105,2
Bioplastic,816,High,0,0.571,4.08,7
Metal,1646,Low,1,2.963,8.23,5
Glass,318,High,1,0.477,1.59,6
Paper,840,Low,1,0.756,4.2,9
Plastic,1492,Low,1,3.133,7.46,2
Plastic,665,High,1,1.397,3.325,2
Ceramic,475,Medium,1,0.57,2.375,5
Paper,916,Medium,1,0.824,4.58,9
Paper,132,Medium,0,0.119,0.66,9
Glass,786,Low,1,1.179,3.93,6
Glass,1868,Low,1,2.802,9.34,6
Metal,1257,Low,1,2.263,6.285,5
Metal,665,Low,1,1.197,3.325,5
Ceramic,1023,Low,1,1.228,5.115,5
Ceramic,1369,Low,1,1.643,6.845,5
Paper,1397,Medium,1,1.257,6.985,9
Paper,831,Medium,0,0.748,4.155,9
Paper,1649,Low,1,1.484,8.245,9
Metal,1951,Medium,1,3.512,9.755,5
Glass,511,Medium,1,0.766,2.555,6
Ceramic,1309,Medium,1,1.571,6.545,5
Plastic,407,Medium,1,0.855,2.035,2
Glass,882,Medium,1,1.323,4.41,6
Glass,309,High,0,0.464,1.545,6
Paper,1151,Low,1,1.036,5.755,9
Plastic,244,Low,1,0.512,1.22,2
Paper,1131,High,1,1.018,5.655,9
Bioplastic,1374,Medium,1,0.962,6.87,7
Ceramic,131,Low,1,0.157,0.655,5
Plastic,602,High,1,1.264,3.01,2
Plastic,142,Medium,1,0.298,0.71,2
Metal,1061,Medium,1,1.91,5.305,5
Glass,607,High,1,0.91,3.035,6
Glass,1319,Low,1,1.978,6.595,6
Metal,1472,Medium,1,2.65,7.36,5
Glass,590,Low,1,0.885,2.95,6
Glass,1304,High,1,1.956,6.52,6
Glass,923,Low,1,1.385,4.615,6
Paper,1451,High,1,1.306,7.255,9
Ceramic,637,High,1,0.764,3.185,5
Bioplastic,882,Low,0,0.617,4.41,7
Plastic,387,High,1,0.813,1.935,2
Paper,892,Low,1,0.803,4.46,9
Ceramic,460,Medium,1,0.552,2.3,5
Ceramic,1627,Low,1,1.952,8.135,5
Metal,307,Medium,1,0.553,1.535,5
Glass,1009,Medium,1,1.514,5.045,6
Bioplastic,1037,High,1,0.726,5.185,7
Plastic,198,High,1,0.416,0.99,2
Bioplastic,883,Medium,1,0.618,4.415,7
Metal,1711,Medium,0,3.08,8.555,5
Glass,489,High,1,0.734,2.445,6
Metal,1585,High,0,2.853,7.925,5
Metal,360,Medium,0,0.648,1.8,5
Glass,644,Low,1,0.966,3.22,6
Bioplastic,1665,Medium,1,1.165,8.325,7
Bioplastic,707,Low,1,0.495,3.535,7
Metal,599,High,1,1.078,2.995,5
Paper,437,High,0,0.393,2.185,9
Ceramic,477,Medium,1,0.572,2.385,5
Bioplastic,1209,Low,1,0.846,6.045,7
Glass,587,Medium,1,0.88,2.935,6
Metal,1905,Medium,1,3.429,9.525,5
Glass,741,High,1,1.111,3.705,6
Metal,1678,Low,1,3.02,8.39,5
Plastic,112,Low,1,0.235,0.56,2
Bioplastic,702,Low,0,0.491,3.51,7
Paper,1732,Medium,1,1.559,8.66,9
Paper,1813,Low,1,1.632,9.065,9
Plastic,514,Medium,1,1.079,2.57,2
Paper,665,High,0,0.599,3.325,9
Bioplastic,384,Medium,1,0.269,1.92,7
Ceramic,768,Low,1,0.922,3.84,5
Paper,1341,High,1,1.207,6.705,9
Metal,1270,Low,1,2.286,6.35,5
Glass,313,High,1,0.469,1.565,6
Metal,1326,Medium,1,2.387,6.63,5
Metal,1495,Low,1,2.691,7.475,5
Bioplastic,976,Low,1,0.683,4.88,7
Glass,1428,Low,0,2.142,7.14,6
Glass,278,Low,1,0.417,1.39,6
Bioplastic,1712,Low,0,1.198,8.56,7
Ceramic,1776,Medium,1,2.131,8.88,5
Metal,1051,Medium,0,1.892,5.255,5
Ceramic,781,Medium,0,0.937,3.905,5
Metal,470,High,0,0.846,2.35,5
Glass,387,High,0,0.581,1.935,6
Paper,1085,Low,1,0.977,5.425,9
Ceramic,1366,Low,0,1.639,6.83,5
Glass,206,Low,1,0.309,1.03,6
Metal,1323,Low,1,2.381,6.615,5
Plastic,199,Low,1,0.418,0.995,2
Bioplastic,168,Medium,1,0.118,0.84,7
Paper,473,Low,1,0.426,2.365,9
Ceramic,1990,Low,1,2.388,9.95,5
Glass,1323,High,1,1.984,6.615,6
Paper,292,Low,1,0.263,1.46,9
Metal,316,Medium,1,0.569,1.58,5
Paper,1701,Low,1,1.531,8.505,9
Ceramic,463,High,1,0.556,2.315,5
Plastic,662,High,1,1.39,3.31,2
Plastic,314,High,0,0.659,1.57,2
Metal,693,High,1,1.247,3.465,5
Paper,159,Low,1,0.143,0.795,9
Metal,1135,Medium,1,2.043,5.675,5
Ceramic,1036,Low,1,1.243,5.18,5
Paper,1132,Low,1,1.019,5.66,9
Bioplastic,880,High,1,0.616,4.4,7
Glass,410,Medium,0,0.615,2.05,6
Ceramic,519,Medium,1,0.623,2.595,5
Bioplastic,116,Medium,1,0.081,0.58,7
Metal,1323,Medium,1,2.381,6.615,5
Glass,326,Low,1,0.489,1.63,6
Glass,1478,Medium,1,2.217,7.39,6
Bioplastic,1046,High,0,0.732,5.23,7
Ceramic,1229,High,1,1.475,6.145,5
Metal,196,High,1,0.353,0.98,5
Metal,1077,Low,1,1.939,5.385,5
Paper,222,Low,1,0.2,1.11,9
Paper,1634,Medium,0,1.471,8.17,9
Paper,1151,High,0,1.036,5.755,9
Glass,632,Low,1,0.948,3.16,6
Metal,1530,Low,1,2.754,7.65,5
Glass,1539,Low,1,2.308,7.695,6
Ceramic,1947,Low,1,2.336,9.735,5
Paper,709,High,0,0.638,3.545,9
Metal,920,Medium,1,1.656,4.6,5
Ceramic,1465,Medium,1,1.758,7.325,5
Ceramic,1066,Low,1,1.279,5.33,5
Plastic,1755,Low,1,3.686,8.775,2
Ceramic,1209,Low,1,1.451,6.045,5
Metal,1553,Low,1,2.795,7.765,5
Glass,527,Low,1,0.79,2.635,6
Ceramic,1334,Low,1,1.601,6.67,5
Metal,1494,Medium,1,2.689,7.47,5
Ceramic,1371,Medium,1,1.645,6.855,5
Glass,950,Medium,0,1.425,4.75,6
Paper,1909,High,1,1.718,9.545,9
Glass,504,Low,1,0.756,2.52,6
Ceramic,1531,Low,1,1.837,7.655,5
Paper,1377,Low,1,1.239,6.885,9
Paper,1539,Low,1,1.385,7.695,9
Ceramic,1000,Low,1,1.2,5,5
Bioplastic,137,Low,1,0.096,0.685,7
Paper,1179,High,1,1.061,5.895,9
Paper,939,Medium,1,0.845,4.695,9
Metal,1031,Medium,1,1.856,5.155,5
Paper,1670,Low,1,1.503,8.35,9
Plastic,1199,Medium,1,2.518,5.995,2
Ceramic,593,Low,0,0.712,2.965,5
Ceramic,502,Low,1,0.602,2.51,5
Glass,268,High,1,0.402,1.34,6
Metal,388,High,1,0.698,1.94,5
Bioplastic,1181,Medium,1,0.827,5.905,7
Ceramic,441,Medium,1,0.529,2.205,5
Ceramic,1702,Medium,0,2.042,8.51,5
Paper,1438,High,1,1.294,7.19,9
Bioplastic,236,Medium,1,0.165,1.18,7
Bioplastic,276,Medium,0,0.193,1.38,7
Paper,1722,High,1,1.55,8.61,9
Bioplastic,1182,Medium,1,0.827,5.91,7
Metal,188,Low,0,0.338,0.94,5
Paper,1657,Low,1,1.491,8.285,9
Glass,488,Low,0,0.732,2.44,6
Ceramic,671,High,1,0.805,3.355,5
Ceramic,1265,High,1,1.518,6.325,5
Metal,844,Medium,1,1.519,4.22,5
Paper,246,Low,0,0.221,1.23,9
Glass,1040,Medium,1,1.56,5.2,6
Plastic,1787,Medium,1,3.753,8.935,2
Glass,1827,Low,1,2.74,9.135,6
Metal,1211,Medium,1,2.18,6.055,5
Bioplastic,1715,Medium,1,1.2,8.575,7
Metal,1889,Low,1,3.4,9.445,5
Bioplastic,1961,Medium,1,1.373,9.805,7
Metal,407,Low,1,0.733,2.035,5
Glass,1879,Low,1,2.818,9.395,6
Glass,1522,Low,1,2.283,7.61,6
Paper,1521,High,1,1.369,7.605,9
Metal,1835,Low,1,3.303,9.175,5
Glass,669,High,1,1.004,3.345,6
Ceramic,1103,Medium,1,1.324,5.515,5
Paper,1089,Medium,1,0.98,5.445,9
Ceramic,941,Low,1,1.129,4.705,5
Bioplastic,1882,Low,1,1.317,9.41,7
Bioplastic,1110,Medium,0,0.777,5.55,7
Bioplastic,617,Low,1,0.432,3.085,7
Glass,1344,Medium,1,2.016,6.72,6
Glass,113,Low,1,0.17,0.565,6
Glass,1554,Medium,1,2.331,7.77,6
Paper,1677,High,1,1.509,8.385,9
Glass,1493,Low,1,2.24,7.465,6
Bioplastic,1952,Medium,0,1.366,9.76,7
Glass,1203,Medium,1,1.804,6.015,6
Paper,1846,Low,1,1.661,9.23,9
Paper,335,Medium,1,0.301,1.675,9
Paper,1925,Medium,1,1.732,9.625,9
Paper,1417,Low,1,1.275,7.085,9
Ceramic,402,High,1,0.482,2.01,5
Glass,683,High,1,1.024,3.415,6
Plastic,1435,High,1,3.014,7.175,2
Metal,1756,Medium,1,3.161,8.78,5
Ceramic,1159,Medium,0,1.391,5.795,5
Ceramic,1086,Medium,1,1.303,5.43,5
Glass,803,Low,1,1.204,4.015,6
Paper,1275,Low,1,1.147,6.375,9
Paper,1931,Medium,1,1.738,9.655,9
Bioplastic,782,Medium,1,0.547,3.91,7
Ceramic,1944,High,0,2.333,9.72,5
Bioplastic,1755,Medium,1,1.228,8.775,7
Plastic,1130,Medium,1,2.373,5.65,2
Ceramic,1547,High,1,1.856,7.735,5
Ceramic,353,Medium,1,0.424,1.765,5
Bioplastic,514,High,0,0.36,2.57,7
Plastic,1838,Medium,1,3.86,9.19,2
Bioplastic,1352,Low,1,0.946,6.76,7
Plastic,210,Medium,1,0.441,1.05,2
Paper,1366,Medium,1,1.229,6.83,9
Plastic,1343,Medium,1,2.82,6.715,2
Plastic,1954,Low,1,4.103,9.77,2
Plastic,1862,Low,1,3.91,9.31,2
Bioplastic,883,High,1,0.618,4.415,7
Ceramic,888,High,0,1.066,4.44,5
Plastic,1912,Medium,1,4.015,9.56,2
Paper,934,Low,0,0.841,4.67,9
Metal,1156,High,1,2.081,5.78,5
Paper,1755,Low,1,1.579,8.775,9
Bioplastic,561,Low,1,0.393,2.805,7
Metal,1506,Low,0,2.711,7.53,5
Paper,1134,Medium,1,1.021,5.67,9
Metal,1561,Medium,0,2.81,7.805,5
Metal,1584,Low,0,2.851,7.92,5
Paper,463,Medium,1,0.417,2.315,9
Plastic,506,Medium,1,1.063,2.53,2
Paper,814,Low,1,0.733,4.07,9
Bioplastic,1281,Low,1,0.897,6.405,7
Metal,970,High,0,1.746,4.85,5
Glass,420,Low,0,0.63,2.1,6
Plastic,765,Low,1,1.607,3.825,2
Bioplastic,1078,High,1,0.755,5.39,7
Bioplastic,515,Medium,1,0.36,2.575,7
Glass,253,High,1,0.38,1.265,6
Bioplastic,639,Medium,1,0.447,3.195,7
Bioplastic,1409,Medium,1,0.986,7.045,7
Paper,546,Low,1,0.491,2.73,9
Plastic,801,Medium,1,1.682,4.005,2
Metal,951,Low,0,1.712,4.755,5
Ceramic,934,High,1,1.121,4.67,5
Bioplastic,171,Low,0,0.12,0.855,7
Plastic,830,Medium,0,1.743,4.15,2
Glass,1195,Low,0,1.792,5.975,6
Paper,1277,Low,0,1.149,6.385,9
Paper,1940,High,0,1.746,9.7,9
Metal,1998,Low,1,3.596,9.99,5
Ceramic,1126,Medium,1,1.351,5.63,5
Glass,446,High,1,0.669,2.23,6
Glass,1713,Low,1,2.57,8.565,6
Plastic,1911,Low,0,4.013,9.555,2
Metal,1609,Low,1,2.896,8.045,5
Paper,414,Low,1,0.373,2.07,9
Metal,550,Medium,1,0.99,2.75,5
Bioplastic,1801,Low,1,1.261,9.005,7
Bioplastic,1976,Low,1,1.383,9.88,7
Glass,218,Low,1,0.327,1.09,6
Metal,372,Medium,1,0.67,1.86,5
Plastic,886,Medium,1,1.861,4.43,2
Bioplastic,193,Low,1,0.135,0.965,7
Plastic,154,Medium,1,0.323,0.77,2
Bioplastic,1219,High,1,0.853,6.095,7
Glass,551,High,1,0.827,2.755,6
Plastic,1327,Low,1,2.787,6.635,2
Plastic,384,Medium,1,0.806,1.92,2
Paper,365,Medium,1,0.329,1.825,9
Plastic,1817,High,1,3.816,9.085,2
Glass,1822,Medium,1,2.733,9.11,6
Plastic,605,Medium,1,1.27,3.025,2
Metal,1514,Medium,1,2.725,7.57,5
Metal,613,Medium,0,1.103,3.065,5
Plastic,459,High,1,0.964,2.295,2
Plastic,1748,Low,1,3.671,8.74,2
Metal,348,Low,1,0.626,1.74,5
Metal,985,Low,1,1.773,4.925,5
Paper,930,High,1,0.837,4.65,9
Bioplastic,493,Low,1,0.345,2.465,7
Ceramic,421,Medium,1,0.505,2.105,5
Metal,577,Low,1,1.039,2.885,5
Paper,964,Low,1,0.868,4.82,9
Paper,947,Medium,1,0.852,4.735,9
Metal,1859,Low,1,3.346,9.295,5
Metal,1209,Medium,1,2.176,6.045,5
Ceramic,957,Low,1,1.148,4.785,5
Metal,406,Low,1,0.731,2.03,5
Bioplastic,1770,Medium,1,1.239,8.85,7
Ceramic,871,Medium,0,1.045,4.355,5
Bioplastic,1421,High,1,0.995,7.105,7
Glass,1730,Low,0,2.595,8.65,6
Glass,447,Medium,0,0.67,2.235,6
Plastic,1908,Low,0,4.007,9.54,2
Metal,1050,Medium,0,1.89,5.25,5
Glass,1187,Medium,1,1.78,5.935,6
Paper,820,Medium,1,0.738,4.1,9
Bioplastic,152,High,1,0.106,0.76,7
Paper,1582,Medium,1,1.424,7.91,9
Plastic,1802,Medium,1,3.784,9.01,2
Paper,164,Medium,0,0.148,0.82,9
Bioplastic,1339,Medium,1,0.937,6.695,7
Glass,797,High,0,1.196,3.985,6
Glass,573,High,0,0.86,2.865,6
Glass,1714,Low,1,2.571,8.57,6
Glass,1036,Medium,1,1.554,5.18,6
Glass,600,Low,1,0.9,3,6
Metal,1776,Low,1,3.197,8.88,5
Paper,1681,Low,0,1.513,8.405,9
Metal,241,High,1,0.434,1.205,5
Ceramic,229,High,1,0.275,1.145,5
Glass,350,Low,1,0.525,1.75,6
Bioplastic,273,High,1,0.191,1.365,7
Plastic,1327,Medium,1,2.787,6.635,2
Bioplastic,844,Medium,0,0.591,4.22,7
Metal,233,Low,0,0.419,1.165,5
Bioplastic,1056,Low,1,0.739,5.28,7
Paper,1686,High,1,1.517,8.43,9
Bioplastic,362,Low,1,0.253,1.81,7
Ceramic,517,Medium,1,0.62,2.585,5
Metal,1077,Medium,1,1.939,5.385,5
Paper,709,Medium,0,0.638,3.545,9
Paper,1284,High,1,1.156,6.42,9
Glass,1752,High,1,2.628,8.76,6
Ceramic,396,Low,1,0.475,1.98,5
Bioplastic,1319,Low,0,0.923,6.595,7
Glass,1272,Low,1,1.908,6.36,6
Bioplastic,767,Medium,1,0.537,3.835,7
Ceramic,537,Medium,1,0.644,2.685,5
Bioplastic,663,Medium,1,0.464,3.315,7
Glass,1211,Low,0,1.817,6.055,6
Metal,668,Low,1,1.202,3.34,5
Glass,1070,Medium,0,1.605,5.35,6
Bioplastic,1556,Low,1,1.089,7.78,7
Plastic,574,Low,0,1.205,2.87,2
Ceramic,929,Low,1,1.115,4.645,5
Paper,1461,Low,1,1.315,7.305,9
Metal,1371,Low,0,2.468,6.855,5
Bioplastic,1785,Low,1,1.25,8.925,7
Paper,348,High,1,0.313,1.74,9
Metal,1583,Low,1,2.849,7.915,5
Plastic,834,Medium,1,1.751,4.17,2
Bioplastic,774,Medium,1,0.542,3.87,7
Bioplastic,575,Low,1,0.403,2.875,7
Glass,1594,High,1,2.391,7.97,6
Plastic,1141,Low,1,2.396,5.705,2
Plastic,985,Medium,0,2.068,4.925,2
Glass,606,Low,1,0.909,3.03,6
Metal,1192,Low,0,2.146,5.96,5
Glass,1444,Low,0,2.166,7.22,6
Glass,1725,Low,1,2.587,8.625,6
Plastic,191,Medium,0,0.401,0.955,2
Glass,1816,Medium,0,2.724,9.08,6
Ceramic,1190,Medium,1,1.428,5.95,5
Bioplastic,1837,High,1,1.286,9.185,7
Metal,516,Low,1,0.929,2.58,5
Ceramic,1738,Medium,1,2.086,8.69,5
Ceramic,327,Low,1,0.392,1.635,5
Bioplastic,863,High,1,0.604,4.315,7
Plastic,1006,Low,1,2.113,5.03,2
Bioplastic,747,Low,1,0.523,3.735,7
Paper,1773,High,1,1.596,8.865,9
Ceramic,1253,Low,1,1.504,6.265,5
Bioplastic,223,Medium,0,0.156,1.115,7
Bioplastic,1106,Low,1,0.774,5.53,7
Ceramic,1904,Low,1,2.285,9.52,5
Metal,1824,High,0,3.283,9.12,5
Bioplastic,362,High,1,0.253,1.81,7
Bioplastic,819,Medium,1,0.573,4.095,7
Ceramic,473,Low,1,0.568,2.365,5
Bioplastic,1414,Medium,1,0.99,7.07,7
Metal,1265,Medium,1,2.277,6.325,5
Ceramic,112,Medium,1,0.134,0.56,5
Plastic,1278,Low,1,2.684,6.39,2
Plastic,645,Low,0,1.355,3.225,2
Bioplastic,1207,Low,1,0.845,6.035,7
Bioplastic,1950,Medium,1,1.365,9.75,7
Metal,1287,Medium,1,2.317,6.435,5
Paper,1522,High,0,1.37,7.61,9
Ceramic,1891,Medium,1,2.269,9.455,5
Metal,797,Medium,1,1.435,3.985,5
Bioplastic,1210,Low,1,0.847,6.05,7
Plastic,171,High,1,0.359,0.855,2
Metal,432,Low,1,0.778,2.16,5
Glass,1162,Medium,0,1.743,5.81,6
Bioplastic,925,High,1,0.647,4.625,7
Bioplastic,1778,Low,1,1.245,8.89,7
Bioplastic,1231,Medium,0,0.862,6.155,7
Glass,1175,Medium,1,1.762,5.875,6
Plastic,1540,Medium,0,3.234,7.7,2
Glass,267,Medium,1,0.401,1.335,6
Ceramic,383,Low,1,0.46,1.915,5
Glass,1850,High,1,2.775,9.25,6
Glass,530,Low,0,0.795,2.65,6
Ceramic,230,Medium,1,0.276,1.15,5
Metal,706,Medium,1,1.271,3.53,5
Glass,296,Low,1,0.444,1.48,6
Glass,1092,Medium,1,1.638,5.46,6
Ceramic,483,Medium,1,0.58,2.415,5
Glass,1781,Medium,1,2.671,8.905,6
Paper,1275,High,1,1.147,6.375,9
Metal,544,Low,1,0.979,2.72,5
Bioplastic,1870,Medium,1,1.309,9.35,7
Glass,218,Low,1,0.327,1.09,6
Paper,1356,Low,1,1.22,6.78,9
Bioplastic,1633,Low,1,1.143,8.165,7
Metal,1795,Medium,1,3.231,8.975,5
Ceramic,1338,Medium,0,1.606,6.69,5
Metal,1786,Low,0,3.215,8.93,5
Paper,1829,Low,1,1.646,9.145,9
Ceramic,1632,Medium,0,1.958,8.16,5
Ceramic,150,Low,1,0.18,0.75,5
Ceramic,1104,Medium,1,1.325,5.52,5
Paper,200,High,0,0.18,1,9
Ceramic,135,Medium,1,0.162,0.675,5
Plastic,1695,Low,1,3.559,8.475,2
Bioplastic,1857,Medium,1,1.3,9.285,7
Paper,862,Low,1,0.776,4.31,9
Metal,1610,Low,1,2.898,8.05,5
Metal,724,Low,1,1.303,3.62,5
Paper,580,Low,0,0.522,2.9,9
Metal,1805,Medium,1,3.249,9.025,5
Ceramic,957,High,1,1.148,4.785,5
Paper,1556,High,0,1.4,7.78,9
Metal,227,Medium,0,0.409,1.135,5
Glass,1955,High,0,2.933,9.775,6
Bioplastic,683,Medium,0,0.478,3.415,7
Ceramic,250,Low,1,0.3,1.25,5
Plastic,900,Medium,1,1.89,4.5,2
Plastic,660,Medium,1,1.386,3.3,2
Metal,235,Low,1,0.423,1.175,5
Glass,1263,Low,1,1.895,6.315,6
Plastic,756,High,1,1.588,3.78,2
Paper,1134,Low,1,1.021,5.67,9
Plastic,1827,High,1,3.837,9.135,2
Paper,871,Medium,1,0.784,4.355,9
Ceramic,1757,Low,1,2.108,8.785,5
Plastic,204,Low,1,0.428,1.02,2
Plastic,1597,Medium,1,3.354,7.985,2
Paper,122,High,1,0.11,0.61,9
Ceramic,1635,High,0,1.962,8.175,5
Ceramic,276,High,1,0.331,1.38,5
Bioplastic,721,High,0,0.505,3.605,7
Bioplastic,1878,Low,1,1.315,9.39,7
Ceramic,368,Medium,0,0.442,1.84,5
Metal,1484,Medium,1,2.671,7.42,5
Bioplastic,1975,Medium,1,1.383,9.875,7
Plastic,937,Medium,1,1.968,4.685,2
Plastic,1332,Medium,0,2.797,6.66,2
Bioplastic,136,High,1,0.095,0.68,7
Ceramic,1693,Medium,1,2.032,8.465,5
Ceramic,1333,Low,0,1.6,6.665,5
Metal,1873,Medium,1,3.371,9.365,5
Ceramic,1981,Low,1,2.377,9.905,5
Paper,1538,Low,1,1.384,7.69,9
Plastic,379,High,1,0.796,1.895,2
Metal,146,Medium,1,0.263,0.73,5
Bioplastic,1483,Low,1,1.038,7.415,7
Paper,366,Low,1,0.329,1.83,9
Metal,555,Medium,1,0.999,2.775,5
Metal,427,Low,1,0.769,2.135,5
Plastic,697,Low,0,1.464,3.485,2
Metal,919,High,1,1.654,4.595,5
Metal,1572,High,1,2.83,7.86,5
Paper,193,Low,1,0.174,0.965,9
Ceramic,1141,Medium,0,1.369,5.705,5
Bioplastic,1185,Medium,0,0.83,5.925,7
Metal,1322,Medium,1,2.38,6.61,5
Metal,773,Medium,1,1.391,3.865,5
Plastic,1271,Medium,0,2.669,6.355,2
Paper,924,Medium,1,0.832,4.62,9
Ceramic,1390,Medium,0,1.668,6.95,5
Plastic,820,Low,1,1.722,4.1,2
Glass,1516,Medium,1,2.274,7.58,6
Bioplastic,1524,Low,1,1.067,7.62,7
Plastic,334,Low,0,0.701,1.67,2
Bioplastic,384,Medium,0,0.269,1.92,7
Plastic,533,Medium,1,1.119,2.665,2
Ceramic,1384,Medium,0,1.661,6.92,5
Metal,1741,Low,0,3.134,8.705,5
Plastic,862,Low,1,1.81,4.31,2
Plastic,1818,Low,1,3.818,9.09,2
Glass,225,High,1,0.338,1.125,6
Glass,1433,Medium,1,2.15,7.165,6
Ceramic,1326,Medium,1,1.591,6.63,5
Glass,1206,High,1,1.809,6.03,6
Metal,1869,High,1,3.364,9.345,5
Plastic,1142,Medium,1,2.398,5.71,2
Metal,419,Medium,1,0.754,2.095,5
Metal,786,Low,0,1.415,3.93,5
Paper,1421,High,1,1.279,7.105,9
Ceramic,884,High,1,1.061,4.42,5
Plastic,1696,Low,1,3.562,8.48,2
Metal,199,Low,1,0.358,0.995,5
Bioplastic,772,High,0,0.54,3.86,7
Metal,1574,Medium,1,2.833,7.87,5
Paper,129,Low,1,0.116,0.645,9
Ceramic,1452,Low,1,1.742,7.26,5
Plastic,550,Low,1,1.155,2.75,2
Metal,310,Low,0,0.558,1.55,5
Bioplastic,1392,Medium,1,0.974,6.96,7
Bioplastic,1790,High,1,1.253,8.95,7
Glass,1163,Medium,0,1.744,5.815,6
Ceramic,1945,Medium,0,2.334,9.725,5
Bioplastic,1441,Low,1,1.009,7.205,7
Metal,1833,High,1,3.299,9.165,5
Paper,342,Low,1,0.308,1.71,9
Glass,1057,High,1,1.585,5.285,6
Ceramic,1645,Low,1,1.974,8.225,5
Paper,1349,Medium,1,1.214,6.745,9
Glass,264,High,1,0.396,1.32,6
Metal,486,Low,1,0.875,2.43,5
Glass,593,Low,1,0.889,2.965,6
Paper,613,Low,1,0.552,3.065,9
Plastic,1816,Medium,1,3.814,9.08,2
Plastic,1300,Low,1,2.73,6.5,2
Glass,969,Low,1,1.454,4.845,6
Plastic,117,Medium,1,0.246,0.585,2
Glass,1500,Medium,1,2.25,7.5,6
Glass,894,Medium,1,1.341,4.47,6
Glass,1958,High,1,2.937,9.79,6
Paper,195,Medium,0,0.175,0.975,9
Paper,531,Medium,1,0.478,2.655,9
Bioplastic,530,Medium,1,0.371,2.65,7
Paper,689,Medium,1,0.62,3.445,9
Metal,1002,Low,1,1.804,5.01,5
Plastic,1814,High,1,3.809,9.07,2
Glass,802,High,1,1.203,4.01,6
Paper,1311,Low,0,1.18,6.555,9
Paper,458,Medium,1,0.412,2.29,9
Plastic,465,Medium,0,0.977,2.325,2
Metal,216,Medium,1,0.389,1.08,5
Bioplastic,316,Low,0,0.221,1.58,7
Paper,398,Low,1,0.358,1.99,9
Ceramic,1634,High,0,1.961,8.17,5
Glass,1429,Medium,1,2.143,7.145,6
Metal,301,Medium,1,0.542,1.505,5
Ceramic,615,Low,1,0.738,3.075,5
Plastic,997,Medium,0,2.094,4.985,2
Glass,1493,Low,1,2.24,7.465,6
Plastic,306,High,1,0.643,1.53,2
Ceramic,1320,Medium,1,1.584,6.6,5
Paper,1276,Medium,1,1.148,6.38,9
Bioplastic,1291,Low,1,0.904,6.455,7
Paper,1401,High,1,1.261,7.005,9
Glass,1898,Low,1,2.847,9.49,6
Metal,786,Medium,1,1.415,3.93,5
Bioplastic,1837,Low,1,1.286,9.185,7
Plastic,1611,Medium,0,3.383,8.055,2
Bioplastic,1017,Medium,1,0.712,5.085,7
Metal,1047,Medium,1,1.885,5.235,5
Plastic,888,High,0,1.865,4.44,2
Paper,972,Low,1,0.875,4.86,9
Paper,1574,Medium,1,1.417,7.87,9
Ceramic,1440,Low,1,1.728,7.2,5
Plastic,415,Medium,1,0.872,2.075,2
Glass,857,Low,1,1.286,4.285,6
Plastic,1872,Medium,1,3.931,9.36,2
Paper,903,High,1,0.813,4.515,9
Plastic,452,Low,1,0.949,2.26,2
Metal,1949,Medium,1,3.508,9.745,5
Plastic,1009,Medium,1,2.119,5.045,2
Paper,1679,Low,1,1.511,8.395,9
Plastic,202,Medium,0,0.424,1.01,2
Plastic,1121,Medium,0,2.354,5.605,2
Paper,926,Low,1,0.833,4.63,9
Ceramic,1280,Low,1,1.536,6.4,5
Metal,286,Medium,1,0.515,1.43,5
Ceramic,1858,Medium,0,2.23,9.29,5
Glass,770,High,0,1.155,3.85,6
Glass,519,Medium,1,0.778,2.595,6
Plastic,366,Low,1,0.769,1.83,2
Plastic,143,Medium,1,0.3,0.715,2
Paper,1439,Low,1,1.295,7.195,9
Bioplastic,308,Low,1,0.216,1.54,7
Plastic,745,Low,1,1.565,3.725,2
Ceramic,547,High,1,0.656,2.735,5
Ceramic,956,Medium,0,1.147,4.78,5
Glass,738,Medium,1,1.107,3.69,6
Bioplastic,666,Low,1,0.466,3.33,7
Plastic,1753,High,1,3.681,8.765,2
Metal,715,Medium,1,1.287,3.575,5
Glass,544,High,1,0.816,2.72,6
Paper,735,Low,1,0.661,3.675,9
Paper,1923,Medium,1,1.731,9.615,9
Metal,1729,Low,1,3.112,8.645,5
Plastic,1973,Low,1,4.143,9.865,2
Metal,1949,Medium,0,3.508,9.745,5
Metal,1137,Medium,1,2.047,5.685,5
Bioplastic,678,Medium,1,0.475,3.39,7
Metal,1538,Low,1,2.768,7.69,5
Glass,177,Low,0,0.266,0.885,6
Ceramic,1213,High,1,1.456,6.065,5
Paper,576,Low,1,0.518,2.88,9
Plastic,182,Low,1,0.382,0.91,2
Ceramic,1477,Medium,1,1.772,7.385,5
Paper,1272,High,1,1.145,6.36,9
Paper,1664,Medium,1,1.498,8.32,9
Plastic,359,Medium,1,0.754,1.795,2
Plastic,1490,High,0,3.129,7.45,2
Metal,1386,Low,1,2.495,6.93,5
Paper,1325,High,1,1.192,6.625,9
Ceramic,1786,High,1,2.143,8.93,5
Plastic,358,Medium,0,0.752,1.79,2
Ceramic,671,Low,1,0.805,3.355,5
Paper,620,Low,1,0.558,3.1,9
Plastic,510,Low,1,1.071,2.55,2
Paper,1019,High,1,0.917,5.095,9
Paper,1466,High,1,1.319,7.33,9
Glass,1900,Medium,1,2.85,9.5,6
Paper,1655,Medium,1,1.49,8.275,9
Plastic,1198,Low,1,2.516,5.99,2
Bioplastic,1998,High,1,1.399,9.99,7
Bioplastic,1490,High,1,1.043,7.45,7
Metal,818,High,1,1.472,4.09,5
Ceramic,1990,Medium,1,2.388,9.95,5
Bioplastic,108,Medium,1,0.076,0.54,7
Glass,1368,Medium,1,2.052,6.84,6
Plastic,347,Low,1,0.729,1.735,2
Plastic,643,Medium,1,1.35,3.215,2
Ceramic,1026,Medium,1,1.231,5.13,5
Plastic,845,Low,1,1.774,4.225,2
Paper,1984,Low,1,1.786,9.92,9
Metal,159,High,0,0.286,0.795,5
Metal,853,High,1,1.535,4.265,5
Bioplastic,1789,Medium,0,1.252,8.945,7
Bioplastic,1807,Low,1,1.265,9.035,7
Plastic,1613,Medium,1,3.387,8.065,2
Ceramic,189,High,1,0.227,0.945,5
Plastic,1206,Low,0,2.533,6.03,2
Plastic,728,Medium,1,1.529,3.64,2
Glass,998,Low,1,1.497,4.99,6
Bioplastic,1514,High,1,1.06,7.57,7
Plastic,1745,Low,1,3.664,8.725,2
Ceramic,1660,Low,1,1.992,8.3,5
Metal,1593,Medium,1,2.867,7.965,5
Ceramic,1399,Medium,1,1.679,6.995,5
Plastic,1608,Low,0,3.377,8.04,2
Paper,977,High,1,0.879,4.885,9
Metal,236,Medium,0,0.425,1.18,5
Glass,561,High,1,0.842,2.805,6
Plastic,1977,Medium,1,4.152,9.885,2
Bioplastic,686,Medium,0,0.48,3.43,7
Bioplastic,261,Low,0,0.183,1.305,7
Plastic,275,Low,1,0.578,1.375,2
Ceramic,1091,Low,1,1.309,5.455,5
Paper,1742,Medium,1,1.568,8.71,9
Ceramic,1332,Medium,1,1.598,6.66,5
Metal,729,High,1,1.312,3.645,5
Bioplastic,607,High,1,0.425,3.035,7
Glass,258,Low,0,0.387,1.29,6
Ceramic,1807,Medium,1,2.168,9.035,5
Plastic,1387,High,0,2.913,6.935,2
Ceramic,1776,Medium,1,2.131,8.88,5
Plastic,465,High,1,0.977,2.325,2
Metal,1455,High,1,2.619,7.275,5
Paper,147,High,1,0.132,0.735,9
Glass,197,Medium,1,0.295,0.985,6
Metal,998,Low,1,1.796,4.99,5
Bioplastic,1134,Low,0,0.794,5.67,7
Paper,1975,Low,1,1.778,9.875,9
Plastic,1286,High,1,2.701,6.43,2
Ceramic,247,Low,1,0.296,1.235,5
Paper,559,Medium,0,0.503,2.795,9
Glass,1553,Low,1,2.329,7.765,6
Plastic,1852,Low,1,3.889,9.26,2
Bioplastic,1023,High,0,0.716,5.115,7
Bioplastic,275,Medium,1,0.193,1.375,7
Glass,590,Medium,1,0.885,2.95,6
Metal,1122,Low,1,2.02,5.61,5
Plastic,1762,Medium,1,3.7,8.81,2
Bioplastic,572,High,1,0.4,2.86,7
Paper,431,Low,0,0.388,2.155,9
Glass,901,Medium,1,1.351,4.505,6
Ceramic,636,Low,0,0.763,3.18,5
Paper,1764,Medium,1,1.588,8.82,9
Paper,1974,Medium,0,1.777,9.87,9
Ceramic,478,Low,0,0.574,2.39,5
Glass,1329,Medium,0,1.994,6.645,6
Paper,1834,Medium,1,1.651,9.17,9
Paper,1483,Low,1,1.335,7.415,9
Metal,1385,Medium,1,2.493,6.925,5
Glass,378,Low,1,0.567,1.89,6
Glass,1662,Medium,1,2.493,8.31,6
Glass,1032,High,1,1.548,5.16,6
Bioplastic,346,Low,1,0.242,1.73,7
Metal,721,Low,0,1.298,3.605,5
Bioplastic,1731,High,1,1.212,8.655,7
Bioplastic,1088,Low,1,0.762,5.44,7
Plastic,163,Medium,0,0.342,0.815,2
Metal,1972,Medium,1,3.55,9.86,5
Glass,1877,Low,1,2.816,9.385,6
Bioplastic,774,High,0,0.542,3.87,7
Plastic,1499,Low,1,3.148,7.495,2
Bioplastic,333,Medium,0,0.233,1.665,7
Plastic,1754,Medium,1,3.683,8.77,2
Plastic,803,Medium,0,1.686,4.015,2
Paper,1081,High,1,0.973,5.405,9
Plastic,742,Low,0,1.558,3.71,2
Metal,1073,Low,1,1.931,5.365,5
Plastic,918,High,1,1.928,4.59,2
Paper,1125,Medium,1,1.012,5.625,9
Bioplastic,1495,Medium,0,1.046,7.475,7
Metal,556,High,1,1.001,2.78,5
Plastic,1336,Medium,1,2.806,6.68,2
Glass,1528,Low,1,2.292,7.64,6
Ceramic,734,Low,1,0.881,3.67,5
Ceramic,1633,Medium,1,1.96,8.165,5
Paper,955,High,0,0.86,4.775,9
Paper,221,Medium,0,0.199,1.105,9
Ceramic,667,Medium,1,0.8,3.335,5
Plastic,121,High,1,0.254,0.605,2
Plastic,1491,Medium,1,3.131,7.455,2
Glass,756,Medium,0,1.134,3.78,6
Glass,359,Low,1,0.538,1.795,6
Bioplastic,439,Low,1,0.307,2.195,7
Bioplastic,1236,High,1,0.865,6.18,7
Glass,598,Low,1,0.897,2.99,6
Metal,1826,Low,0,3.287,9.13,5
Plastic,244,Low,1,0.512,1.22,2
Paper,412,Low,1,0.371,2.06,9
Bioplastic,226,Medium,1,0.158,1.13,7
Plastic,235,Medium,1,0.493,1.175,2
Ceramic,840,Low,1,1.008,4.2,5
Bioplastic,1901,Medium,1,1.331,9.505,7
Plastic,288,Low,1,0.605,1.44,2
Paper,1702,Low,0,1.532,8.51,9
Glass,221,High,1,0.332,1.105,6
Paper,817,Low,1,0.735,4.085,9
Plastic,1760,Medium,0,3.696,8.8,2
Paper,1003,Medium,0,0.903,5.015,9
Metal,1373,Medium,1,2.471,6.865,5
Ceramic,495,High,1,0.594,2.475,5
Glass,1013,Low,1,1.52,5.065,6
Plastic,1360,Low,1,2.856,6.8,2
Plastic,1145,Medium,1,2.405,5.725,2
Glass,884,High,1,1.326,4.42,6
Bioplastic,1922,High,1,1.345,9.61,7
Paper,1118,Low,1,1.006,5.59,9
Ceramic,594,Low,1,0.713,2.97,5
Ceramic,911,Low,1,1.093,4.555,5
Plastic,1068,High,1,2.243,5.34,2
Metal,1268,High,1,2.282,6.34,5
Ceramic,985,High,1,1.182,4.925,5
Bioplastic,1977,Low,1,1.384,9.885,7
Ceramic,1404,Medium,1,1.685,7.02,5
Glass,1226,Medium,0,1.839,6.13,6
Paper,816,Medium,1,0.734,4.08,9
Ceramic,222,Low,0,0.266,1.11,5
Plastic,1344,High,1,2.822,6.72,2
Glass,1517,Medium,1,2.276,7.585,6
Glass,1306,Low,1,1.959,6.53,6
Paper,767,Low,1,0.69,3.835,9
Bioplastic,1101,High,1,0.771,5.505,7
Glass,136,High,0,0.204,0.68,6
Ceramic,1903,Low,1,2.284,9.515,5
Bioplastic,798,High,0,0.559,3.99,7
Ceramic,1080,High,1,1.296,5.4,5
Ceramic,172,Low,1,0.206,0.86,5
Plastic,1263,Medium,1,2.652,6.315,2
Bioplastic,1051,Low,1,0.736,5.255,7
Ceramic,278,Medium,1,0.334,1.39,5
Paper,551,High,1,0.496,2.755,9
Paper,384,Low,1,0.346,1.92,9
Glass,1282,High,1,1.923,6.41,6
Bioplastic,1416,Medium,0,0.991,7.08,7
Metal,1229,Low,0,2.212,6.145,5
Ceramic,838,Medium,0,1.006,4.19,5
Ceramic,653,High,1,0.784,3.265,5
Paper,473,Medium,1,0.426,2.365,9
Ceramic,1563,Low,1,1.876,7.815,5
Ceramic,1986,High,1,2.383,9.93,5
Bioplastic,1608,Medium,1,1.126,8.04,7
Glass,587,Medium,1,0.88,2.935,6
Plastic,499,Low,0,1.048,2.495,2
Metal,801,High,1,1.442,4.005,5
Ceramic,1529,Low,1,1.835,7.645,5
Plastic,1796,Medium,1,3.772,8.98,2
Plastic,928,Low,0,1.949,4.64,2
Bioplastic,1741,Low,1,1.219,8.705,7
Glass,1433,Medium,1,2.15,7.165,6
Metal,570,Low,0,1.026,2.85,5
Plastic,1871,Low,1,3.929,9.355,2
Ceramic,1411,Low,1,1.693,7.055,5
Glass,606,Low,1,0.909,3.03,6
Ceramic,162,Medium,1,0.194,0.81,5
Glass,1929,Low,1,2.893,9.645,6
Bioplastic,111,Low,0,0.078,0.555,7
Ceramic,604,Medium,1,0.725,3.02,5
Plastic,1025,Low,1,2.152,5.125,2
Glass,650,Medium,1,0.975,3.25,6
Paper,626,Low,1,0.563,3.13,9
Paper,659,Low,0,0.593,3.295,9
Glass,1625,Medium,1,2.438,8.125,6
Glass,980,Low,1,1.47,4.9,6
Plastic,275,Medium,1,0.578,1.375,2
Ceramic,298,High,1,0.358,1.49,5
Ceramic,475,Low,1,0.57,2.375,5
Metal,617,Low,0,1.111,3.085,5
Glass,500,Medium,0,0.75,2.5,6
Paper,918,High,1,0.826,4.59,9
Metal,106,Medium,1,0.191,0.53,5
Metal,193,Low,1,0.347,0.965,5
Paper,929,High,1,0.836,4.645,9
Bioplastic,1031,Medium,1,0.722,5.155,7
Glass,105,Medium,1,0.158,0.525,6
Ceramic,695,High,0,0.834,3.475,5
Paper,1220,Medium,0,1.098,6.1,9
Bioplastic,1211,Low,0,0.848,6.055,7
Glass,893,High,1,1.339,4.465,6
Paper,1829,Medium,1,1.646,9.145,9
Ceramic,886,High,1,1.063,4.43,5
Metal,778,Medium,1,1.4,3.89,5
Plastic,742,Medium,1,1.558,3.71,2
Ceramic,945,Low,1,1.134,4.725,5
Glass,172,Low,1,0.258,0.86,6
Plastic,144,Low,0,0.302,0.72,2
Glass,380,Low,1,0.57,1.9,6
Glass,942,Medium,0,1.413,4.71,6
Glass,1783,Low,1,2.675,8.915,6
Ceramic,1630,Low,1,1.956,8.15,5
Plastic,725,Medium,0,1.522,3.625,2
Ceramic,315,Medium,1,0.378,1.575,5
Bioplastic,548,High,1,0.384,2.74,7
Paper,610,Low,1,0.549,3.05,9
Glass,1592,High,1,2.388,7.96,6
Ceramic,161,Medium,0,0.193,0.805,5
Bioplastic,1575,Medium,1,1.103,7.875,7
Glass,583,Low,1,0.875,2.915,6
Metal,874,Medium,1,1.573,4.37,5
Bioplastic,1417,Low,1,0.992,7.085,7
Glass,1178,Low,1,1.767,5.89,6
Metal,207,High,1,0.373,1.035,5
Plastic,1540,High,1,3.234,7.7,2
Paper,147,Medium,1,0.132,0.735,9
Metal,1822,Medium,0,3.28,9.11,5
Plastic,1550,Low,1,3.255,7.75,2
Plastic,397,Medium,0,0.834,1.985,2
Ceramic,1001,Low,1,1.201,5.005,5
Ceramic,1286,Medium,1,1.543,6.43,5
Glass,980,Medium,0,1.47,4.9,6
Metal,628,Medium,1,1.13,3.14,5
Glass,615,Medium,1,0.922,3.075,6
Glass,871,Low,0,1.306,4.355,6
Paper,1632,Low,1,1.469,8.16,9
Bioplastic,1341,Low,1,0.939,6.705,7
Plastic,438,Low,1,0.92,2.19,2
Glass,1421,Low,1,2.131,7.105,6
Bioplastic,213,High,1,0.149,1.065,7
Paper,1402,Low,1,1.262,7.01,9
Paper,1825,Low,1,1.643,9.125,9
Metal,1537,High,1,2.767,7.685,5
Glass,450,Medium,1,0.675,2.25,6
Metal,1762,Medium,1,3.172,8.81,5
Plastic,1990,Medium,1,4.179,9.95,2
Glass,1320,High,1,1.98,6.6,6
Metal,1868,High,1,3.362,9.34,5
Ceramic,761,High,0,0.913,3.805,5
Ceramic,1702,Medium,0,2.042,8.51,5
Bioplastic,182,High,1,0.127,0.91,7
Plastic,1040,Low,1,2.184,5.2,2
Plastic,562,Medium,0,1.18,2.81,2
Ceramic,1637,High,1,1.964,8.185,5
Metal,1203,Low,1,2.165,6.015,5
Glass,1377,Medium,1,2.066,6.885,6
Plastic,359,Medium,1,0.754,1.795,2
Paper,133,High,1,0.12,0.665,9
Glass,1820,Low,1,2.73,9.1,6
Plastic,841,Medium,0,1.766,4.205,2
Plastic,590,Medium,1,1.239,2.95,2
Paper,1560,Low,1,1.404,7.8,9
Bioplastic,337,High,1,0.236,1.685,7
Glass,1352,High,1,2.028,6.76,6
Glass,408,Medium,1,0.612,2.04,6
Glass,1440,Low,1,2.16,7.2,6
Metal,1352,Medium,1,2.434,6.76,5
Glass,804,Low,0,1.206,4.02,6
Metal,787,Medium,1,1.417,3.935,5
Ceramic,684,Medium,1,0.821,3.42,5
Glass,828,High,1,1.242,4.14,6
Metal,396,Low,1,0.713,1.98,5
Ceramic,988,Low,1,1.186,4.94,5
Bioplastic,1595,Low,1,1.117,7.975,7
Ceramic,1901,Medium,1,2.281,9.505,5
Paper,1262,Low,1,1.136,6.31,9
Ceramic,1809,Low,1,2.171,9.045,5
Plastic,240,Low,1,0.504,1.2,2
Plastic,855,Low,0,1.796,4.275,2
Paper,378,Medium,1,0.34,1.89,9
Paper,868,Medium,1,0.781,4.34,9
Ceramic,1566,Medium,1,1.879,7.83,5
Ceramic,1566,Low,1,1.879,7.83,5
Bioplastic,259,High,1,0.181,1.295,7
Glass,1075,Medium,1,1.613,5.375,6
Plastic,1721,Medium,1,3.614,8.605,2
Plastic,1527,Medium,0,3.207,7.635,2
Ceramic,857,High,1,1.028,4.285,5
Ceramic,1045,Medium,1,1.254,5.225,5
Paper,690,High,1,0.621,3.45,9
Glass,755,Medium,1,1.133,3.775,6
Ceramic,1866,Medium,1,2.239,9.33,5
Paper,710,High,1,0.639,3.55,9
Ceramic,1982,High,1,2.378,9.91,5
Metal,1487,Medium,0,2.677,7.435,5
Glass,1115,Low,0,1.673,5.575,6
Paper,1902,Low,0,1.712,9.51,9
Glass,1853,Medium,1,2.78,9.265,6
Glass,1695,Low,1,2.542,8.475,6
Plastic,410,Low,1,0.861,2.05,2
Glass,1931,Medium,1,2.897,9.655,6
Plastic,690,Medium,1,1.449,3.45,2
Glass,1041,Low,0,1.562,5.205,6
Paper,600,Medium,1,0.54,3,9
Glass,707,Medium,1,1.06,3.535,6
Ceramic,1507,Low,1,1.808,7.535,5
Bioplastic,1010,High,1,0.707,5.05,7
Ceramic,762,High,1,0.914,3.81,5
Paper,1184,High,1,1.066,5.92,9
Bioplastic,1061,Low,1,0.743,5.305,7
Ceramic,188,Low,1,0.226,0.94,5
Ceramic,463,High,1,0.556,2.315,5
Metal,304,Medium,1,0.547,1.52,5
Metal,298,Medium,1,0.536,1.49,5
Metal,1153,High,1,2.075,5.765,5
Glass,812,Medium,1,1.218,4.06,6
Bioplastic,1848,Medium,1,1.294,9.24,7
Plastic,333,Medium,1,0.699,1.665,2
Plastic,1827,Medium,1,3.837,9.135,2
Metal,1163,High,1,2.093,5.815,5
Ceramic,289,Low,0,0.347,1.445,5
Metal,100,Low,1,0.18,0.5,5
Paper,284,Low,1,0.256,1.42,9
Ceramic,1939,Low,0,2.327,9.695,5
Metal,205,High,0,0.369,1.025,5
Bioplastic,673,Low,0,0.471,3.365,7
Metal,1187,Medium,1,2.137,5.935,5
Plastic,1785,Low,1,3.748,8.925,2
Bioplastic,1050,Medium,1,0.735,5.25,7
Paper,1845,Medium,1,1.661,9.225,9
Ceramic,1484,Medium,1,1.781,7.42,5
Ceramic,1947,Medium,0,2.336,9.735,5
Metal,224,High,1,0.403,1.12,5
Plastic,1632,Medium,1,3.427,8.16,2
Bioplastic,1655,Medium,1,1.159,8.275,7
Metal,1502,Low,1,2.704,7.51,5
Plastic,148,Medium,1,0.311,0.74,2
Paper,1599,Low,1,1.439,7.995,9
Metal,1212,Low,1,2.182,6.06,5
Ceramic,830,Low,1,0.996,4.15,5
Paper,115,Medium,1,0.103,0.575,9
Metal,116,High,0,0.209,0.58,5
Bioplastic,399,Low,1,0.279,1.995,7
Metal,804,Medium,0,1.447,4.02,5
Ceramic,1778,Low,1,2.134,8.89,5
Glass,1402,High,1,2.103,7.01,6
Metal,391,Low,1,0.704,1.955,5
Ceramic,130,Medium,1,0.156,0.65,5
Glass,190,Medium,1,0.285,0.95,6
Paper,1929,Low,1,1.736,9.645,9
Paper,426,Medium,1,0.383,2.13,9
Bioplastic,675,Low,1,0.472,3.375,7
Plastic,1629,Low,1,3.421,8.145,2
Plastic,724,Medium,1,1.52,3.62,2
Glass,1931,Medium,1,2.897,9.655,6
Bioplastic,240,Low,1,0.168,1.2,7
Glass,1660,Low,1,2.49,8.3,6
Bioplastic,790,Low,0,0.553,3.95,7
Glass,1214,Low,1,1.821,6.07,6
Glass,1507,Medium,1,2.26,7.535,6
Bioplastic,1035,Medium,1,0.725,5.175,7
Glass,1661,Medium,1,2.491,8.305,6
Glass,1511,Low,0,2.267,7.555,6
Ceramic,1091,Medium,1,1.309,5.455,5
Metal,1838,Medium,1,3.308,9.19,5
Ceramic,527,Low,1,0.632,2.635,5
Metal,206,Medium,1,0.371,1.03,5
Ceramic,225,Medium,1,0.27,1.125,5
Paper,469,Medium,1,0.422,2.345,9
Metal,767,Medium,1,1.381,3.835,5
Metal,429,Medium,1,0.772,2.145,5
Plastic,132,Medium,1,0.277,0.66,2
Paper,144,Medium,1,0.13,0.72,9
Ceramic,654,Low,1,0.785,3.27,5
Metal,977,Medium,1,1.759,4.885,5
Metal,1587,Low,1,2.857,7.935,5
Ceramic,873,High,1,1.048,4.365,5
Bioplastic,1254,Medium,1,0.878,6.27,7
Bioplastic,1690,Medium,1,1.183,8.45,7
Ceramic,832,Medium,1,0.998,4.16,5
Paper,127,Low,1,0.114,0.635,9
Metal,448,Low,1,0.806,2.24,5
Plastic,1215,Medium,1,2.551,6.075,2
Plastic,1914,Low,1,4.019,9.57,2
Paper,1680,Low,1,1.512,8.4,9
Paper,588,Medium,0,0.529,2.94,9
Paper,1021,Medium,1,0.919,5.105,9
Bioplastic,496,Medium,1,0.347,2.48,7
Ceramic,539,Medium,1,0.647,2.695,5
Paper,1241,High,1,1.117,6.205,9
Paper,1697,Medium,1,1.527,8.485,9
Glass,1812,Medium,1,2.718,9.06,6
Metal,1060,Low,0,1.908,5.3,5
Paper,1721,Low,1,1.549,8.605,9
Glass,976,Medium,1,1.464,4.88,6
Ceramic,1097,Low,1,1.316,5.485,5
Ceramic,115,High,1,0.138,0.575,5
Ceramic,1889,Low,1,2.267,9.445,5
Metal,1728,Medium,1,3.11,8.64,5
Ceramic,1839,Medium,1,2.207,9.195,5
Plastic,304,High,1,0.638,1.52,2
Paper,1063,High,0,0.957,5.315,9
Metal,1247,Low,1,2.245,6.235,5
Paper,496,Low,1,0.446,2.48,9
Glass,271,High,0,0.406,1.355,6
Plastic,561,Low,1,1.178,2.805,2
Glass,522,Medium,1,0.783,2.61,6
Ceramic,1048,High,1,1.258,5.24,5
Metal,795,Low,1,1.431,3.975,5
Glass,910,Medium,1,1.365,4.55,6
Paper,529,Low,1,0.476,2.645,9
Paper,546,Low,1,0.491,2.73,9
Ceramic,338,Medium,1,0.406,1.69,5
Bioplastic,330,Medium,1,0.231,1.65,7
Glass,907,High,1,1.361,4.535,6
Bioplastic,1676,Low,1,1.173,8.38,7
Glass,390,High,0,0.585,1.95,6
Ceramic,1102,Medium,1,1.322,5.51,5
Bioplastic,1298,Low,1,0.909,6.49,7
Bioplastic,588,Medium,1,0.412,2.94,7
Ceramic,1100,Low,0,1.32,5.5,5
Ceramic,1990,Low,1,2.388,9.95,5
Glass,1143,Low,1,1.714,5.715,6
Plastic,1375,Medium,0,2.888,6.875,2
Metal,830,Low,1,1.494,4.15,5
Paper,1339,Low,1,1.205,6.695,9
Plastic,1716,Medium,1,3.604,8.58,2
Ceramic,561,Low,1,0.673,2.805,5
Ceramic,1144,Medium,1,1.373,5.72,5
Glass,251,High,1,0.377,1.255,6
Ceramic,480,High,1,0.576,2.4,5
Glass,830,Medium,1,1.245,4.15,6
Ceramic,165,Low,1,0.198,0.825,5
Paper,1227,Medium,1,1.104,6.135,9
Bioplastic,1898,High,1,1.329,9.49,7
Ceramic,1417,Low,0,1.7,7.085,5
Ceramic,279,High,1,0.335,1.395,5
Plastic,807,Medium,0,1.695,4.035,2
Paper,1377,Medium,0,1.239,6.885,9
Glass,1354,High,1,2.031,6.77,6
Bioplastic,230,Low,1,0.161,1.15,7
Metal,945,Low,1,1.701,4.725,5
Glass,596,Low,1,0.894,2.98,6
Paper,1496,Medium,1,1.346,7.48,9
Glass,1668,Low,0,2.502,8.34,6
Plastic,1567,Medium,0,3.291,7.835,2
Ceramic,1604,Medium,1,1.925,8.02,5
Bioplastic,1558,High,1,1.091,7.79,7
Plastic,472,Medium,0,0.991,2.36,2
Plastic,1603,Low,1,3.366,8.015,2
Bioplastic,335,Medium,1,0.234,1.675,7
Ceramic,1727,Low,0,2.072,8.635,5
Ceramic,373,Medium,0,0.448,1.865,5
Bioplastic,1452,Low,1,1.016,7.26,7
Bioplastic,1455,Medium,0,1.018,7.275,7
Bioplastic,486,Low,1,0.34,2.43,7
Bioplastic,1593,Medium,1,1.115,7.965,7
Metal,996,Medium,0,1.793,4.98,5
Paper,207,Medium,1,0.186,1.035,9
Paper,503,Medium,1,0.453,2.515,9
Metal,342,Low,1,0.616,1.71,5
Glass,1679,Low,1,2.518,8.395,6
Ceramic,153,Low,1,0.184,0.765,5
Ceramic,1223,Low,0,1.468,6.115,5
Ceramic,833,Medium,1,1,4.165,5
Bioplastic,777,Low,0,0.544,3.885,7
Metal,104,Medium,1,0.187,0.52,5
Glass,390,Low,1,0.585,1.95,6
Bioplastic,1885,Low,1,1.319,9.425,7
Metal,1900,Medium,1,3.42,9.5,5
Paper,267,Medium,0,0.24,1.335,9
Ceramic,871,Low,1,1.045,4.355,5
Paper,401,Medium,1,0.361,2.005,9
Ceramic,852,Medium,1,1.022,4.26,5
Bioplastic,1453,High,1,1.017,7.265,7
Ceramic,1331,Medium,1,1.597,6.655,5
Bioplastic,840,Low,0,0.588,4.2,7
Metal,530,Low,0,0.954,2.65,5
Glass,654,Medium,1,0.981,3.27,6
Paper,1789,Medium,1,1.61,8.945,9
Glass,1018,Medium,0,1.527,5.09,6
Metal,1130,Medium,1,2.034,5.65,5
Ceramic,870,Medium,1,1.044,4.35,5
Bioplastic,537,Low,1,0.376,2.685,7
Ceramic,855,Low,1,1.026,4.275,5
Paper,521,High,1,0.469,2.605,9
Bioplastic,1744,Medium,1,1.221,8.72,7
Metal,1480,Medium,1,2.664,7.4,5
Glass,967,High,1,1.45,4.835,6
