material,weight_capacity,fragility,recyclability,co2_score,strength,biodegradability,co2_impact_index,eco_score
Plastic,520,Low,1,1.092,2.6,2,0.0021000000000000003,1.908
Metal,334,Low,1,0.601,1.67,5,0.0017994011976047903,5.399
Paper,1706,Low,1,1.535,8.53,9,0.0008997655334114888,8.465
Bioplastic,1566,Medium,1,1.096,7.83,7,0.0006998722860791827,6.904
Paper,1564,Low,0,1.408,7.82,9,0.0009002557544757032,7.5920000000000005
Paper,1916,High,1,1.724,9.58,9,0.0008997912317327766,8.276
Paper,717,Medium,1,0.645,3.585,9,0.000899581589958159,9.355
Ceramic,1886,High,0,2.263,9.43,5,0.0011998939554612937,2.737
Paper,1371,High,0,1.234,6.855,9,0.000900072939460248,7.766
Ceramic,970,Medium,1,1.164,4.85,5,0.0012,4.836
Paper,314,Low,1,0.283,1.57,9,0.0009012738853503184,9.717
Ceramic,1006,Low,0,1.207,5.03,5,0.0011998011928429425,3.793
Metal,363,High,1,0.653,1.815,5,0.0017988980716253445,5.3469999999999995
Paper,971,High,1,0.874,4.855,9,0.0009001029866117405,9.126
Glass,704,Medium,1,1.056,3.52,6,0.0015,5.944
Ceramic,1869,High,1,2.243,9.345,5,0.0012001070090957731,3.757
Ceramic,1820,Medium,1,2.184,9.1,5,0.0012000000000000001,3.816
Ceramic,772,Medium,0,0.926,3.86,5,0.0011994818652849742,4.074
Paper,1492,Medium,1,1.343,7.46,9,0.0009001340482573726,8.657
Paper,580,High,1,0.522,2.9,9,0.0009000000000000001,9.478
Glass,272,Medium,1,0.408,1.36,6,0.0014999999999999998,6.592
Glass,1417,Low,1,2.126,7.085,6,0.0015003528581510233,4.8740000000000006
Plastic,259,Medium,0,0.544,1.295,2,0.0021003861003861006,1.456
Paper,358,High,1,0.322,1.79,9,0.000899441340782123,9.678
Paper,940,Low,1,0.846,4.7,9,0.0009,9.154
Paper,566,Low,0,0.509,2.83,9,0.0008992932862190813,8.491
Plastic,1998,Medium,1,4.196,9.99,2,0.0021001001001001,-1.1959999999999997
Metal,268,Medium,1,0.482,1.34,5,0.0017985074626865672,5.518
Glass,1717,Low,1,2.575,8.585,6,0.0014997087944088527,4.425
Paper,1532,Low,0,1.379,7.66,9,0.000900130548302872,7.621
Glass,583,Low,1,0.875,2.915,6,0.0015008576329331046,6.125
Ceramic,610,Low,1,0.732,3.05,5,0.0012,5.268
Plastic,1790,Low,0,3.759,8.95,2,0.0021,-1.759
Bioplastic,1074,Medium,1,0.752,5.37,7,0.0007001862197392924,7.248
Metal,730,Medium,0,1.314,3.65,5,0.0018000000000000002,3.686
Paper,921,Medium,1,0.829,4.605,9,0.0009001085776330076,9.171
Ceramic,765,Medium,1,0.918,3.825,5,0.0012000000000000001,5.082
Plastic,370,Medium,1,0.777,1.85,2,0.0021,2.223
Paper,297,Low,1,0.267,1.485,9,0.000898989898989899,9.733
Bioplastic,1940,High,1,1.358,9.7,7,0.0007000000000000001,6.6419999999999995
Plastic,1948,Medium,1,4.091,9.74,2,0.0021001026694045175,-1.0910000000000002
Plastic,1705,Medium,1,3.58,8.525,2,0.002099706744868035,-0.5800000000000001
Glass,1811,Low,1,2.716,9.055,6,0.0014997239094422972,4.284
Metal,1201,High,1,2.162,6.005,5,0.001800166527893422,3.838
Metal,296,Low,1,0.533,1.48,5,0.0018006756756756758,5.467
Bioplastic,1349,Low,1,0.944,6.745,7,0.0006997776130467012,7.056
Ceramic,554,Low,1,0.665,2.77,5,0.001200361010830325,5.335
Plastic,691,Medium,1,1.451,3.455,2,0.0020998552821997105,1.549
Ceramic,1106,High,1,1.327,5.53,5,0.0011998191681735985,4.673
Glass,871,Medium,1,1.306,4.355,6,0.0014994259471871412,5.694
Glass,586,Low,1,0.879,2.93,6,0.0015,6.121
Paper,1566,High,1,1.409,7.83,9,0.0008997445721583652,8.591
Bioplastic,1477,Medium,1,1.034,7.385,7,0.0007000677048070414,6.966
Paper,295,Medium,1,0.266,1.475,9,0.0009016949152542373,9.734
Bioplastic,855,Medium,1,0.599,4.275,7,0.0007005847953216374,7.401
Ceramic,1198,Low,1,1.438,5.99,5,0.0012003338898163606,4.562
Bioplastic,1356,Medium,1,0.949,6.78,7,0.0006998525073746313,7.051
Paper,1761,Low,1,1.585,8.805,9,0.0009000567859170926,8.415
Plastic,639,High,1,1.342,3.195,2,0.0021001564945226916,1.658
Glass,1053,Low,1,1.579,5.265,6,0.001499525166191833,5.421
Metal,257,High,1,0.463,1.285,5,0.0018015564202334632,5.537
Ceramic,1191,Low,1,1.429,5.955,5,0.0011998320738874895,4.571
Plastic,1490,Medium,1,3.129,7.45,2,0.0021,-0.129
Ceramic,609,Medium,1,0.731,3.045,5,0.001200328407224959,5.269
Metal,1245,High,0,2.241,6.225,5,0.0018000000000000002,2.759
Bioplastic,1481,Medium,0,1.037,7.405,7,0.0007002025658338959,5.963
Plastic,1450,Low,1,3.045,7.25,2,0.0021,-0.04499999999999993
Ceramic,787,Low,1,0.944,3.935,5,0.0011994917407878018,5.056
Ceramic,1405,Low,1,1.686,7.025,5,0.0012,4.314
Plastic,737,Medium,1,1.548,3.685,2,0.0021004070556309364,1.452
Ceramic,709,Low,1,0.851,3.545,5,0.0012002820874471086,5.149
Metal,526,Medium,1,0.947,2.63,5,0.001800380228136882,5.053
Glass,1614,High,0,2.421,8.07,6,0.0014999999999999998,3.579
Glass,479,Medium,1,0.719,2.395,6,0.001501043841336117,6.281
Plastic,735,Medium,1,1.544,3.675,2,0.0021006802721088434,1.456
Bioplastic,1310,Low,1,0.917,6.55,7,0.0007,7.083
Paper,950,Low,1,0.855,4.75,9,0.0009,9.145
Ceramic,1157,High,0,1.388,5.785,5,0.0011996542783059636,3.612
Bioplastic,1781,Low,1,1.247,8.905,7,0.0007001684446939922,6.753
Glass,723,Low,1,1.085,3.615,6,0.0015006915629322268,5.915
Plastic,450,Medium,1,0.945,2.25,2,0.0021,2.055
Ceramic,268,Low,1,0.322,1.34,5,0.0012014925373134329,5.678
Metal,379,Low,1,0.682,1.895,5,0.001799472295514512,5.318
Glass,1547,High,0,2.321,7.735,6,0.0015003232062055592,3.679
Ceramic,1509,Low,1,1.811,7.545,5,0.0012001325381047051,4.189
Glass,1285,Low,1,1.927,6.425,6,0.0014996108949416342,5.073
Paper,955,Low,1,0.86,4.775,9,0.0009005235602094241,9.14
Glass,1622,Medium,1,2.433,8.11,6,0.0014999999999999998,4.567
Paper,394,Low,1,0.355,1.97,9,0.0009010152284263959,9.645
Paper,380,Medium,0,0.342,1.9,9,0.0009000000000000001,8.658
Glass,1135,Medium,1,1.702,5.675,6,0.0014995594713656387,5.298
Plastic,1407,Medium,1,2.955,7.035,2,0.0021002132196162046,0.04499999999999993
Plastic,803,Low,1,1.686,4.015,2,0.002099626400996264,1.314
Ceramic,471,Low,0,0.565,2.355,5,0.0011995753715498938,4.4350000000000005
Ceramic,876,High,0,1.051,4.38,5,0.0011997716894977168,3.949
Metal,198,Low,1,0.356,0.99,5,0.0017979797979797978,5.644
Metal,1903,Low,0,3.425,9.515,5,0.0017997898055701522,1.5750000000000002
Metal,1471,High,0,2.648,7.355,5,0.0018001359619306595,2.352
Ceramic,1414,Low,1,1.697,7.07,5,0.0012001414427157,4.303
Metal,1346,Low,0,2.423,6.73,5,0.001800148588410104,2.577
Metal,1183,Low,1,2.129,5.915,5,0.0017996618765849534,3.871
Metal,1185,Medium,1,2.133,5.925,5,0.0018,3.867
Plastic,1166,Medium,1,2.449,5.83,2,0.0021003430531732416,0.5510000000000002
Plastic,1778,Low,0,3.734,8.89,2,0.0021001124859392575,-1.734
Glass,1426,Medium,1,2.139,7.13,6,0.0014999999999999998,4.861000000000001
Ceramic,456,Medium,1,0.547,2.28,5,0.001199561403508772,5.453
Metal,1818,Medium,1,3.272,9.09,5,0.0017997799779977998,2.728
Ceramic,214,Medium,0,0.257,1.07,5,0.0012009345794392523,4.743
Bioplastic,336,Low,1,0.235,1.68,7,0.0006994047619047619,7.765
Paper,272,High,1,0.245,1.36,9,0.0009007352941176471,9.755
Bioplastic,505,High,1,0.353,2.525,7,0.0006990099009900989,7.647
Metal,524,Low,1,0.943,2.62,5,0.0017996183206106869,5.057
Ceramic,1763,High,1,2.116,8.815,5,0.0012002268859897902,3.884
Glass,536,Medium,1,0.804,2.68,6,0.0015,6.196
Glass,1661,Medium,1,2.491,8.305,6,0.0014996989765201686,4.509
Plastic,1726,Medium,1,3.625,8.63,2,0.002100231749710313,-0.625
Glass,1618,Low,1,2.427,8.09,6,0.0015,4.573
Bioplastic,1671,Low,1,1.17,8.355,7,0.0007001795332136445,6.83
Bioplastic,866,Low,1,0.606,4.33,7,0.0006997690531177829,7.394
Glass,1513,Low,1,2.269,7.565,6,0.0014996695307336418,4.731
Plastic,675,Low,1,1.417,3.375,2,0.0020992592592592595,1.583
Ceramic,226,High,1,0.271,1.13,5,0.0011991150442477877,5.729
Plastic,116,Medium,1,0.244,0.58,2,0.002103448275862069,2.7560000000000002
Bioplastic,867,Medium,1,0.607,4.335,7,0.0007001153402537485,7.393
Paper,1829,High,0,1.646,9.145,9,0.0008999453253143794,7.354
Ceramic,1841,Medium,1,2.209,9.205,5,0.0011998913633894622,3.791
Glass,559,Medium,1,0.839,2.795,6,0.0015008944543828265,6.161
Bioplastic,191,Low,1,0.134,0.955,7,0.0007015706806282723,7.866
Ceramic,1542,High,1,1.85,7.71,5,0.0011997405966277562,4.15
Paper,1447,Medium,1,1.302,7.235,9,0.0008997926744989634,8.698
Bioplastic,1779,Low,1,1.245,8.895,7,0.0006998313659359191,6.755
Paper,1866,Low,1,1.679,9.33,9,0.00089978563772776,8.321
Bioplastic,1072,Medium,1,0.75,5.36,7,0.0006996268656716418,7.25
Plastic,277,Low,1,0.582,1.385,2,0.0021010830324909744,2.418
Glass,1352,Low,1,2.028,6.76,6,0.0015,4.9719999999999995
Plastic,1369,Low,0,2.875,6.845,2,0.002100073046018992,-0.875
Ceramic,1372,High,1,1.646,6.86,5,0.0011997084548104955,4.354
Plastic,1898,High,1,3.986,9.49,2,0.002100105374077977,-0.9860000000000002
Bioplastic,549,Low,1,0.384,2.745,7,0.0006994535519125683,7.616
Paper,1294,Low,1,1.165,6.47,9,0.0009003091190108192,8.835
Ceramic,894,Low,0,1.073,4.47,5,0.0012002237136465323,3.927
Paper,303,Low,1,0.273,1.515,9,0.000900990099009901,9.727
Bioplastic,314,Medium,1,0.22,1.57,7,0.0007006369426751592,7.78
Paper,507,Low,1,0.456,2.535,9,0.0008994082840236687,9.544
Ceramic,1932,High,1,2.318,9.66,5,0.001199792960662526,3.682
Ceramic,819,Low,1,0.983,4.095,5,0.0012002442002442002,5.017
Ceramic,848,Low,1,1.018,4.24,5,0.0012004716981132075,4.982
Bioplastic,310,Medium,1,0.217,1.55,7,0.0007,7.783
Plastic,502,Low,1,1.054,2.51,2,0.002099601593625498,1.946
Bioplastic,1059,High,1,0.741,5.295,7,0.0006997167138810198,7.259
Ceramic,1876,Medium,1,2.251,9.38,5,0.0011998933901918975,3.749
Plastic,794,Low,1,1.667,3.97,2,0.0020994962216624685,1.333
Metal,139,Low,0,0.25,0.695,5,0.0017985611510791368,4.75
Glass,1942,Medium,1,2.913,9.71,6,0.0014999999999999998,4.087
Glass,726,Low,1,1.089,3.63,6,0.0015,5.911
Glass,1678,Low,1,2.517,8.39,6,0.0015,4.4830000000000005
Glass,648,High,1,0.972,3.24,6,0.0015,6.0280000000000005
Plastic,1244,Medium,1,2.612,6.22,2,0.00209967845659164,0.3879999999999999
Bioplastic,580,High,0,0.406,2.9,7,0.0007000000000000001,6.594
Glass,188,High,1,0.282,0.94,6,0.0014999999999999998,6.718
Metal,1365,Low,1,2.457,6.825,5,0.0018,3.543
Glass,1583,Medium,0,2.374,7.915,6,0.0014996841440303222,3.626
Bioplastic,870,High,1,0.609,4.35,7,0.0007,7.391
Plastic,399,Medium,0,0.838,1.995,2,0.002100250626566416,1.162
Ceramic,1935,High,1,2.322,9.675,5,0.0012000000000000001,3.678
Ceramic,1552,High,1,1.862,7.76,5,0.0011997422680412372,4.138
Glass,119,Low,1,0.178,0.595,6,0.001495798319327731,6.822
Glass,471,Medium,1,0.707,2.355,6,0.0015010615711252653,6.293
Plastic,1733,Low,1,3.639,8.665,2,0.0020998268897864975,-0.6389999999999998
Ceramic,168,High,1,0.202,0.84,5,0.0012023809523809524,5.798
Bioplastic,1619,Medium,1,1.133,8.095,7,0.0006998147004323656,6.867
Metal,542,High,1,0.976,2.71,5,0.0018007380073800738,5.024
Paper,848,High,1,0.763,4.24,9,0.0008997641509433963,9.237
Paper,671,Low,1,0.604,3.355,9,0.0009001490312965723,9.396
Paper,1339,High,1,1.205,6.695,9,0.0008999253174010456,8.795
Plastic,428,Medium,1,0.899,2.14,2,0.0021004672897196263,2.101
Plastic,1779,Medium,1,3.736,8.895,2,0.0021000562113546936,-0.7360000000000002
Bioplastic,745,High,1,0.521,3.725,7,0.0006993288590604027,7.479
Metal,244,Medium,1,0.439,1.22,5,0.0017991803278688526,5.561
Ceramic,1389,Medium,1,1.667,6.945,5,0.0012001439884809216,4.333
Bioplastic,1001,Low,1,0.701,5.005,7,0.0007002997002997002,7.299
Ceramic,942,Low,1,1.13,4.71,5,0.0011995753715498938,4.87
Plastic,295,Medium,1,0.62,1.475,2,0.0021016949152542373,2.38
Ceramic,1860,Low,1,2.232,9.3,5,0.0012000000000000001,3.768
Ceramic,889,Low,1,1.067,4.445,5,0.0012002249718785151,4.933
Bioplastic,838,Medium,1,0.587,4.19,7,0.0007004773269689737,7.413
Metal,1930,High,1,3.474,9.65,5,0.0018000000000000002,2.526
Bioplastic,1279,Low,1,0.895,6.395,7,0.0006997654417513683,7.105
Bioplastic,1576,Low,0,1.103,7.88,7,0.0006998730964467005,5.897
Metal,154,High,1,0.277,0.77,5,0.001798701298701299,5.723
Metal,1800,Medium,1,3.24,9.0,5,0.0018000000000000002,2.76
Glass,446,High,1,0.669,2.23,6,0.0015,6.3309999999999995
Paper,737,Medium,1,0.663,3.685,9,0.0008995929443690638,9.337
Metal,1573,Low,1,2.831,7.865,5,0.0017997457088366178,3.169
Bioplastic,1070,Low,0,0.749,5.35,7,0.0007,6.251
Plastic,1303,Low,0,2.736,6.515,2,0.0020997697620874904,-0.7360000000000002
Glass,1157,Medium,1,1.736,5.785,6,0.0015004321521175455,5.264
Glass,952,Medium,1,1.428,4.76,6,0.0015,5.572
Bioplastic,480,Low,1,0.336,2.4,7,0.0007,7.664
Plastic,278,Medium,1,0.584,1.39,2,0.0021007194244604317,2.416
Paper,270,Low,1,0.243,1.35,9,0.0009,9.757
Paper,1814,High,0,1.633,9.07,9,0.0009002205071664829,7.367
Bioplastic,1954,Low,1,1.368,9.77,7,0.0007001023541453429,6.632
Metal,1185,Low,1,2.133,5.925,5,0.0018,3.867
Bioplastic,852,Low,1,0.596,4.26,7,0.0006995305164319249,7.404
Paper,1732,Medium,0,1.559,8.66,9,0.0009001154734411085,7.441
Metal,1231,Medium,0,2.216,6.155,5,0.001800162469536962,2.784
Ceramic,931,Low,1,1.117,4.655,5,0.0011997851772287862,4.883
Glass,1071,Medium,1,1.607,5.355,6,0.0015004668534080298,5.393
Ceramic,1825,Low,1,2.19,9.125,5,0.0012,3.81
Ceramic,909,Medium,1,1.091,4.545,5,0.0012002200220022,4.909
Plastic,583,Low,1,1.224,2.915,2,0.0020994854202401373,1.776
Ceramic,601,Medium,1,0.721,3.005,5,0.0011996672212978368,5.279
Ceramic,409,High,1,0.491,2.045,5,0.001200488997555012,5.509
Plastic,547,Low,0,1.149,2.735,2,0.00210054844606947,0.851
Glass,629,High,1,0.944,3.145,6,0.0015007949125596183,6.056
Metal,1087,High,1,1.957,5.435,5,0.0018003679852805889,4.043
Plastic,1112,High,1,2.335,5.56,2,0.002099820143884892,0.665
Bioplastic,908,Low,1,0.636,4.54,7,0.0007004405286343612,7.364
Glass,1206,Medium,0,1.809,6.03,6,0.0015,4.191
Plastic,1259,Low,1,2.644,6.295,2,0.002100079428117554,0.35599999999999987
Metal,138,Medium,0,0.248,0.69,5,0.0017971014492753623,4.752
Plastic,986,Low,1,2.071,4.93,2,0.002100405679513185,0.9289999999999998
Glass,1227,Low,1,1.841,6.135,6,0.0015004074979625102,5.159
Metal,519,High,0,0.934,2.595,5,0.0017996146435452795,4.066
Ceramic,1814,Low,1,2.177,9.07,5,0.0012001102535832415,3.823
Metal,1255,Medium,1,2.259,6.275,5,0.0018,3.741
Paper,658,Medium,1,0.592,3.29,9,0.0008996960486322188,9.408
Plastic,158,Medium,1,0.332,0.79,2,0.00210126582278481,2.668
Paper,1021,Low,0,0.919,5.105,9,0.0009000979431929481,8.081
Bioplastic,1306,Medium,1,0.914,6.53,7,0.0006998468606431854,7.086
Bioplastic,1565,Medium,1,1.095,7.825,7,0.0006996805111821086,6.905
Bioplastic,1234,Medium,1,0.864,6.17,7,0.000700162074554295,7.136
Plastic,1012,Medium,1,2.125,5.06,2,0.002099802371541502,0.875
Metal,426,Medium,0,0.767,2.13,5,0.0018004694835680752,4.233
Bioplastic,477,Low,1,0.334,2.385,7,0.00070020964360587,7.666
Paper,540,High,0,0.486,2.7,9,0.0009,8.514
Plastic,772,Medium,1,1.621,3.86,2,0.0020997409326424872,1.379
Bioplastic,579,High,1,0.405,2.895,7,0.0006994818652849742,7.595
Metal,255,Low,1,0.459,1.275,5,0.0018000000000000002,5.541
Metal,696,High,1,1.253,3.48,5,0.001800287356321839,4.747
Plastic,338,Low,1,0.71,1.69,2,0.0021005917159763314,2.29
Glass,162,Low,1,0.243,0.81,6,0.0015,6.757
Glass,1256,Medium,0,1.884,6.28,6,0.0014999999999999998,4.116
Bioplastic,251,Low,1,0.176,1.255,7,0.000701195219123506,7.824
Paper,586,High,1,0.527,2.93,9,0.0008993174061433447,9.473
Paper,1655,High,1,1.49,8.275,9,0.0009003021148036253,8.51
Metal,1734,Medium,1,3.121,8.67,5,0.0017998846597462514,2.879
Paper,903,Medium,1,0.813,4.515,9,0.0009003322259136213,9.187
Bioplastic,1177,High,1,0.824,5.885,7,0.0007000849617672047,7.176
Glass,404,Low,1,0.606,2.02,6,0.0015,6.394
Bioplastic,468,Low,1,0.328,2.34,7,0.0007008547008547009,7.672
Bioplastic,257,Low,1,0.18,1.285,7,0.0007003891050583657,7.82
Paper,1589,Medium,0,1.43,7.945,9,0.0008999370673379483,7.57
Paper,1951,High,1,1.756,9.755,9,0.0009000512557662737,8.244
Ceramic,502,Medium,0,0.602,2.51,5,0.001199203187250996,4.398
Bioplastic,1810,High,1,1.267,9.05,7,0.0007,6.7330000000000005
Bioplastic,1832,Low,1,1.282,9.16,7,0.0006997816593886463,6.718
Metal,333,Low,1,0.599,1.665,5,0.0017987987987987987,5.401
Paper,1454,Low,0,1.309,7.27,9,0.0009002751031636863,7.691
Bioplastic,800,Low,0,0.56,4.0,7,0.0007000000000000001,6.4399999999999995
Metal,359,Low,1,0.646,1.795,5,0.0017994428969359331,5.354
Plastic,1921,Low,1,4.034,9.605,2,0.0020999479437792817,-1.0339999999999998
Glass,1441,Medium,0,2.162,7.205,6,0.0015003469812630117,3.838
Ceramic,1491,Low,1,1.789,7.455,5,0.0011998658618376928,4.211
Glass,1875,High,1,2.812,9.375,6,0.0014997333333333332,4.188000000000001
Plastic,180,Low,1,0.378,0.9,2,0.0021,2.622
Plastic,1105,Low,1,2.321,5.525,2,0.002100452488687783,0.6789999999999998
Paper,445,Low,1,0.401,2.225,9,0.000901123595505618,9.599
Glass,1555,Low,1,2.333,7.775,6,0.0015003215434083602,4.667
Glass,294,Medium,1,0.441,1.47,6,0.0015,6.559
Bioplastic,1752,Medium,0,1.226,8.76,7,0.0006997716894977169,5.774
Paper,1279,Medium,1,1.151,6.395,9,0.0008999218139171228,8.849
Ceramic,290,High,1,0.348,1.45,5,0.0012,5.652
Glass,684,Low,1,1.026,3.42,6,0.0015,5.974
Bioplastic,578,Low,1,0.405,2.89,7,0.0007006920415224914,7.595
Ceramic,977,High,0,1.172,4.885,5,0.0011995905834186285,3.8280000000000003
Plastic,170,Low,0,0.357,0.85,2,0.0021,1.643
Metal,624,Medium,1,1.123,3.12,5,0.0017996794871794873,4.877
Plastic,280,Low,0,0.588,1.4,2,0.0021,1.412
Bioplastic,858,Medium,1,0.601,4.29,7,0.0007004662004662005,7.399
Paper,1327,Low,0,1.194,6.635,9,0.0008997739261492087,7.806
Metal,419,Medium,1,0.754,2.095,5,0.0017995226730310263,5.246
Ceramic,1901,Medium,0,2.281,9.505,5,0.001199894792214624,2.719
Ceramic,1038,Medium,1,1.246,5.19,5,0.0012003853564547206,4.754
Glass,1413,Medium,1,2.119,7.065,6,0.001499646142958245,4.881
Paper,154,Medium,0,0.139,0.77,9,0.0009025974025974027,8.861
Plastic,645,High,1,1.355,3.225,2,0.0021007751937984495,1.645
Paper,666,Medium,1,0.599,3.33,9,0.0008993993993993993,9.401
Ceramic,1148,Low,1,1.378,5.74,5,0.001200348432055749,4.622
Glass,813,Medium,1,1.22,4.065,6,0.0015006150061500614,5.78
Bioplastic,208,Low,1,0.146,1.04,7,0.0007019230769230769,7.854
Glass,1403,Medium,1,2.104,7.015,6,0.0014996436208125445,4.896
Plastic,1730,High,1,3.633,8.65,2,0.0021,-0.633
Ceramic,1224,Medium,1,1.469,6.12,5,0.0012001633986928105,4.531
Bioplastic,1625,Medium,1,1.137,8.125,7,0.0006996923076923077,6.8629999999999995
Bioplastic,1409,Low,1,0.986,7.045,7,0.0006997870830376153,7.014
Plastic,1149,Medium,0,2.413,5.745,2,0.0021000870322019144,-0.4129999999999998
Ceramic,1120,Low,0,1.344,5.6,5,0.0012000000000000001,3.6559999999999997
Glass,239,High,1,0.358,1.195,6,0.001497907949790795,6.642
Ceramic,1503,Low,1,1.804,7.515,5,0.001200266134397871,4.196
Metal,312,Medium,1,0.562,1.56,5,0.0018012820512820515,5.438
Glass,217,Low,1,0.326,1.085,6,0.0015023041474654377,6.674
Plastic,923,Medium,1,1.938,4.615,2,0.0020996749729144094,1.062
Plastic,1973,Low,0,4.143,9.865,2,0.0020998479472883933,-2.143
Metal,274,Low,1,0.493,1.37,5,0.0017992700729927008,5.507
Glass,292,High,1,0.438,1.46,6,0.0015,6.562
Ceramic,473,Medium,1,0.568,2.365,5,0.001200845665961945,5.432
Bioplastic,1278,High,1,0.895,6.39,7,0.0007003129890453834,7.105
Ceramic,1801,High,0,2.161,9.005,5,0.0011998889505830095,2.839
Ceramic,1138,Low,0,1.366,5.69,5,0.0012003514938488578,3.634
Glass,1811,Medium,1,2.716,9.055,6,0.0014997239094422972,4.284
Metal,1282,Medium,1,2.308,6.41,5,0.0018003120124804991,3.692
Metal,1256,Medium,1,2.261,6.28,5,0.00180015923566879,3.739
Plastic,830,Low,0,1.743,4.15,2,0.0021000000000000003,0.2569999999999999
Ceramic,1087,Medium,1,1.304,5.435,5,0.0011996320147194112,4.696
Plastic,1056,Low,1,2.218,5.28,2,0.002100378787878788,0.782
Ceramic,997,Medium,1,1.196,4.985,5,0.0011995987963891674,4.804
Glass,1983,High,1,2.974,9.915,6,0.0014997478567826527,4.026
Plastic,1538,Medium,1,3.23,7.69,2,0.0021001300390117036,-0.22999999999999998
Bioplastic,1791,Medium,1,1.254,8.955,7,0.0007001675041876047,6.746
Bioplastic,516,Low,1,0.361,2.58,7,0.0006996124031007752,7.639
Ceramic,327,Medium,1,0.392,1.635,5,0.001198776758409786,5.608
Metal,386,Medium,1,0.695,1.93,5,0.0018005181347150257,5.305
Metal,1546,Low,1,2.783,7.73,5,0.00180012936610608,3.217
Plastic,1611,Low,1,3.383,8.055,2,0.0020999379267535694,-0.383
Glass,723,High,1,1.085,3.615,6,0.0015006915629322268,5.915
Ceramic,184,Medium,0,0.221,0.92,5,0.001201086956521739,4.779
Metal,1140,High,0,2.052,5.7,5,0.0018,2.948
Bioplastic,171,High,1,0.12,0.855,7,0.0007017543859649122,7.88
Ceramic,902,High,1,1.082,4.51,5,0.0011995565410199557,4.918
Bioplastic,879,Low,1,0.615,4.395,7,0.0006996587030716723,7.385
Bioplastic,1229,Low,1,0.86,6.145,7,0.0006997558991049634,7.14
Glass,554,Medium,1,0.831,2.77,6,0.0015,6.1690000000000005
Glass,538,High,1,0.807,2.69,6,0.0015,6.193
Glass,1112,Medium,1,1.668,5.56,6,0.0015,5.332
Bioplastic,351,Low,1,0.246,1.755,7,0.0007008547008547009,7.754
Bioplastic,1685,Medium,1,1.179,8.425,7,0.0006997032640949555,6.821
Paper,689,Medium,1,0.62,3.445,9,0.0008998548621190131,9.38
Metal,413,Low,1,0.743,2.065,5,0.0017990314769975786,5.257
Ceramic,819,Medium,1,0.983,4.095,5,0.0012002442002442002,5.017
Glass,1993,Medium,1,2.99,9.965,6,0.0015002508780732565,4.01
Glass,1660,Medium,1,2.49,8.3,6,0.0015,4.51
Bioplastic,1377,Medium,1,0.964,6.885,7,0.000700072621641249,7.036
Metal,1503,Low,1,2.705,7.515,5,0.0017997338656021292,3.295
Metal,1442,Medium,1,2.596,7.21,5,0.0018002773925104023,3.404
Paper,1378,Low,0,1.24,6.89,9,0.0008998548621190131,7.76
Bioplastic,1814,Low,1,1.27,9.07,7,0.0007001102535832414,6.73
Metal,684,Low,1,1.231,3.42,5,0.0017997076023391814,4.769
Bioplastic,1159,Medium,1,0.811,5.795,7,0.0006997411561691113,7.189
Ceramic,537,High,1,0.644,2.685,5,0.0011992551210428305,5.356
Paper,1307,Low,1,1.176,6.535,9,0.000899770466717674,8.824
Metal,1177,High,1,2.119,5.885,5,0.0018003398470688191,3.881
Glass,1369,Medium,1,2.054,6.845,6,0.0015003652300949596,4.946
Ceramic,1455,Medium,1,1.746,7.275,5,0.0012,4.254
Paper,1117,Low,1,1.005,5.585,9,0.0008997314234556848,8.995000000000001
Bioplastic,1308,High,0,0.916,6.54,7,0.0007003058103975536,6.084
Paper,1191,High,1,1.072,5.955,9,0.0009000839630562553,8.928
Glass,502,Low,1,0.753,2.51,6,0.0015,6.247
Paper,1336,Medium,1,1.202,6.68,9,0.0008997005988023952,8.798
Glass,591,High,0,0.886,2.955,6,0.0014991539763113367,5.114
Plastic,1437,Medium,1,3.018,7.185,2,0.0021002087682672234,-0.017999999999999794
Plastic,603,Medium,0,1.266,3.015,2,0.002099502487562189,0.734
Paper,1069,Low,1,0.962,5.345,9,0.0008999064546304958,9.038
Glass,1365,High,1,2.047,6.825,6,0.0014996336996336997,4.952999999999999
Paper,487,Low,1,0.438,2.435,9,0.0008993839835728952,9.562
Bioplastic,700,Low,1,0.49,3.5,7,0.0007,7.51
Plastic,378,Medium,1,0.794,1.89,2,0.0021005291005291005,2.206
Ceramic,711,Medium,1,0.853,3.555,5,0.00119971870604782,5.147
Metal,952,Medium,0,1.714,4.76,5,0.0018004201680672269,3.286
Paper,646,Low,1,0.581,3.23,9,0.0008993808049535603,9.419
Ceramic,413,Low,0,0.496,2.065,5,0.0012009685230024213,4.504
Plastic,1946,High,1,4.087,9.73,2,0.0021002055498458377,-1.0869999999999997
Paper,1810,Low,1,1.629,9.05,9,0.0009,8.371
Bioplastic,1940,High,0,1.358,9.7,7,0.0007000000000000001,5.6419999999999995
Ceramic,932,Low,0,1.118,4.66,5,0.001199570815450644,3.8819999999999997
Plastic,1790,Low,1,3.759,8.95,2,0.0021,-0.7589999999999999
Glass,1081,Low,1,1.621,5.405,6,0.0014995374653098983,5.379
Ceramic,1253,Medium,0,1.504,6.265,5,0.001200319233838787,3.496
Ceramic,1690,Medium,1,2.028,8.45,5,0.0012000000000000001,3.972
Ceramic,1389,High,1,1.667,6.945,5,0.0012001439884809216,4.333
Paper,866,Low,0,0.779,4.33,9,0.0008995381062355659,8.221
Ceramic,1629,High,0,1.955,8.145,5,0.0012001227747084101,3.045
Bioplastic,580,Low,0,0.406,2.9,7,0.0007000000000000001,6.594
Plastic,1658,Low,1,3.482,8.29,2,0.0021001206272617612,-0.4820000000000002
Paper,878,Low,1,0.79,4.39,9,0.0008997722095671982,9.21
Glass,1651,Medium,1,2.477,8.255,6,0.0015003028467595397,4.523
Plastic,651,Medium,1,1.367,3.255,2,0.0020998463901689707,1.633
Ceramic,692,Medium,0,0.83,3.46,5,0.001199421965317919,4.17
Bioplastic,527,High,1,0.369,2.635,7,0.0007001897533206831,7.631
Paper,1083,Low,1,0.975,5.415,9,0.0009002770083102493,9.025
Paper,161,High,1,0.145,0.805,9,0.0009006211180124223,9.855
Bioplastic,1516,Low,1,1.061,7.58,7,0.0006998680738786279,6.939
Paper,910,Low,1,0.819,4.55,9,0.0009,9.181000000000001
Metal,963,High,0,1.733,4.815,5,0.0017995846313603324,3.267
Paper,362,Medium,0,0.326,1.81,9,0.0009005524861878453,8.674
Glass,1254,Low,1,1.881,6.27,6,0.0015,5.119
Metal,1565,Low,0,2.817,7.825,5,0.0018000000000000002,2.183
Metal,1036,Low,0,1.865,5.18,5,0.00180019305019305,3.135
Plastic,1317,Low,1,2.766,6.585,2,0.0021002277904328018,0.23399999999999999
Bioplastic,673,Low,0,0.471,3.365,7,0.000699851411589896,6.529
Metal,889,Low,1,1.6,4.445,5,0.001799775028121485,4.4
Ceramic,1392,Low,1,1.67,6.96,5,0.0011997126436781608,4.33
Paper,778,Low,1,0.7,3.89,9,0.0008997429305912596,9.3
Plastic,1110,Low,1,2.331,5.55,2,0.0021,0.669
Metal,981,Low,1,1.766,4.905,5,0.001800203873598369,4.234
Glass,1144,Medium,1,1.716,5.72,6,0.0015,5.284
Metal,1030,Low,0,1.854,5.15,5,0.0018000000000000002,3.146
Bioplastic,1784,High,1,1.249,8.92,7,0.0007001121076233185,6.7509999999999994
Glass,1567,High,1,2.35,7.835,6,0.0014996809189534142,4.65
Plastic,1486,Medium,0,3.121,7.43,2,0.002100269179004038,-1.121
Ceramic,1429,Low,1,1.715,7.145,5,0.0012001399580125964,4.285
Plastic,561,Low,1,1.178,2.805,2,0.0020998217468805704,1.822
Bioplastic,1141,Low,0,0.799,5.705,7,0.0007002629272567923,6.201
Paper,793,Low,0,0.714,3.965,9,0.0009003783102143757,8.286
Metal,1817,Medium,1,3.271,9.085,5,0.0018002201430930105,2.729
Bioplastic,1982,Medium,1,1.387,9.91,7,0.0006997981836528758,6.6129999999999995
Bioplastic,760,High,1,0.532,3.8,7,0.0007,7.468
Plastic,1369,Medium,0,2.875,6.845,2,0.002100073046018992,-0.875
Paper,1754,Medium,1,1.579,8.77,9,0.0009002280501710376,8.421
Glass,1414,Low,1,2.121,7.07,6,0.0015,4.879
Glass,172,Medium,1,0.258,0.86,6,0.0015,6.742
Metal,1974,Medium,1,3.553,9.87,5,0.0017998986828774062,2.447
Metal,913,High,0,1.643,4.565,5,0.0017995618838992334,3.357
Paper,279,Low,1,0.251,1.395,9,0.0008996415770609319,9.749
Ceramic,1858,Medium,1,2.23,9.29,5,0.00120021528525296,3.77
Paper,1252,Low,1,1.127,6.26,9,0.0009001597444089457,8.873
Glass,1654,Low,0,2.481,8.27,6,0.0014999999999999998,3.519
Glass,1395,Low,1,2.092,6.975,6,0.001499641577060932,4.9079999999999995
Bioplastic,1589,Medium,1,1.112,7.945,7,0.0006998112020138453,6.888
Ceramic,1502,Medium,0,1.802,7.51,5,0.001199733688415446,3.198
Glass,1629,Low,1,2.443,8.145,6,0.0014996930632289749,4.557
Paper,1017,Low,0,0.915,5.085,9,0.0008997050147492626,8.085
Glass,690,High,1,1.035,3.45,6,0.0014999999999999998,5.965
Glass,794,Low,1,1.191,3.97,6,0.0015,5.809
Metal,356,High,0,0.641,1.78,5,0.0018005617977528091,4.359
Bioplastic,1283,Low,1,0.898,6.415,7,0.0006999220576773188,7.102
Bioplastic,698,Medium,1,0.489,3.49,7,0.0007005730659025788,7.511
Glass,765,Low,1,1.147,3.825,6,0.0014993464052287582,5.853
Metal,953,Low,1,1.715,4.765,5,0.0017995802728226653,4.285
Bioplastic,1756,Medium,1,1.229,8.78,7,0.0006998861047835992,6.771
Metal,1516,High,1,2.729,7.58,5,0.001800131926121372,3.271
Metal,1698,Medium,0,3.056,8.49,5,0.0017997644287396938,1.944
Metal,1589,Medium,1,2.86,7.945,5,0.0017998741346758967,3.14
Ceramic,864,Medium,1,1.037,4.32,5,0.0012002314814814814,4.963
Metal,1868,Medium,1,3.362,9.34,5,0.0017997858672376874,2.638
Paper,1960,Medium,0,1.764,9.8,9,0.0009,7.236
Ceramic,1780,Low,1,2.136,8.9,5,0.0012000000000000001,3.864
Plastic,1077,Low,1,2.262,5.385,2,0.0021002785515320333,0.738
Metal,497,Low,1,0.895,2.485,5,0.0018008048289738432,5.105
Ceramic,1284,Medium,1,1.541,6.42,5,0.0012001557632398754,4.459
Metal,1738,Low,1,3.128,8.69,5,0.0017997698504027618,2.872
Bioplastic,290,Medium,1,0.203,1.45,7,0.0007000000000000001,7.797
Bioplastic,1389,High,1,0.972,6.945,7,0.0006997840172786177,7.0280000000000005
Glass,963,Low,1,1.444,4.815,6,0.0014994807892004154,5.556
Ceramic,1166,Low,1,1.399,5.83,5,0.001199828473413379,4.601
Glass,1619,Low,1,2.429,8.095,6,0.0015003088326127239,4.571
Paper,939,Low,1,0.845,4.695,9,0.0008998935037273695,9.155
Paper,135,Low,1,0.121,0.675,9,0.0008962962962962963,9.879
Metal,1878,Low,0,3.38,9.39,5,0.001799787007454739,1.62
Bioplastic,394,Low,1,0.276,1.97,7,0.000700507614213198,7.724
Paper,1385,Low,1,1.246,6.925,9,0.0008996389891696751,8.754
Glass,379,Low,1,0.569,1.895,6,0.0015013192612137202,6.431
Paper,1036,Low,1,0.932,5.18,9,0.0008996138996138997,9.068
Bioplastic,424,High,1,0.297,2.12,7,0.0007004716981132075,7.703
Plastic,1261,Low,1,2.648,6.305,2,0.0020999206978588422,0.35199999999999987
Ceramic,1870,Medium,1,2.244,9.35,5,0.0012000000000000001,3.756
Paper,100,Medium,1,0.09,0.5,9,0.0009,9.91
Glass,1996,High,1,2.994,9.98,6,0.0015,4.006
Plastic,1975,Medium,1,4.147,9.875,2,0.002099746835443038,-1.1470000000000002
Glass,1396,Medium,1,2.094,6.98,6,0.0014999999999999998,4.906000000000001
Ceramic,1057,Low,1,1.268,5.285,5,0.0011996215704824977,4.732
Paper,503,Medium,0,0.453,2.515,9,0.000900596421471173,8.547
Metal,1353,Low,1,2.435,6.765,5,0.0017997043606799705,3.565
Paper,1648,Low,1,1.483,8.24,9,0.0008998786407766991,8.517
Paper,956,Low,1,0.86,4.78,9,0.000899581589958159,9.14
Plastic,1333,Low,0,2.799,6.665,2,0.002099774943735934,-0.7989999999999999
Metal,450,Low,1,0.81,2.25,5,0.0018000000000000002,5.1899999999999995
Ceramic,518,Low,0,0.622,2.59,5,0.0012007722007722009,4.378
Plastic,1799,Low,0,3.778,8.995,2,0.0021000555864369094,-1.778
Plastic,1962,High,1,4.12,9.81,2,0.0020998980632008155,-1.12
Plastic,1543,High,1,3.24,7.715,2,0.002099805573558004,-0.2400000000000002
Bioplastic,117,Medium,1,0.082,0.585,7,0.0007008547008547009,7.918
Plastic,657,Low,1,1.38,3.285,2,0.002100456621004566,1.62
Ceramic,1035,Low,1,1.242,5.175,5,0.0012,4.758
Plastic,583,High,1,1.224,2.915,2,0.0020994854202401373,1.776
Paper,1480,Low,1,1.332,7.4,9,0.0009000000000000001,8.668
Ceramic,435,Low,0,0.522,2.175,5,0.0012000000000000001,4.478
Ceramic,1289,Medium,1,1.547,6.445,5,0.001200155159038014,4.453
Plastic,331,High,1,0.695,1.655,2,0.0020996978851963743,2.305
Paper,138,High,0,0.124,0.69,9,0.0008985507246376812,8.876
Plastic,1993,Medium,1,4.185,9.965,2,0.002099849473156046,-1.1849999999999996
Paper,892,Low,1,0.803,4.46,9,0.0009002242152466368,9.197
Metal,1637,Medium,0,2.947,8.185,5,0.0018002443494196702,2.053
Glass,524,Low,1,0.786,2.62,6,0.0015,6.214
Glass,1166,Low,0,1.749,5.83,6,0.0015,4.2509999999999994
Bioplastic,473,Medium,1,0.331,2.365,7,0.0006997885835095137,7.669
Plastic,1022,Medium,1,2.146,5.11,2,0.0020998043052837573,0.8540000000000001
Glass,1561,Medium,1,2.341,7.805,6,0.0014996796925048047,4.659
Paper,1887,High,1,1.698,9.435,9,0.0008998410174880763,8.302
Glass,763,Low,0,1.145,3.815,6,0.0015006553079947576,4.855
Paper,580,High,1,0.522,2.9,9,0.0009000000000000001,9.478
Paper,942,Medium,1,0.848,4.71,9,0.000900212314225053,9.152
Ceramic,1329,Low,1,1.595,6.645,5,0.001200150489089541,4.405
Metal,1792,Low,0,3.226,8.96,5,0.0018002232142857143,1.774
Plastic,1265,Medium,1,2.656,6.325,2,0.002099604743083004,0.34399999999999986
Bioplastic,394,Low,1,0.276,1.97,7,0.000700507614213198,7.724
Bioplastic,877,Medium,0,0.614,4.385,7,0.0007001140250855188,6.386
Bioplastic,1303,High,1,0.912,6.515,7,0.0006999232540291635,7.088
Paper,994,High,0,0.895,4.97,9,0.0009004024144869216,8.105
Paper,1003,Low,0,0.903,5.015,9,0.0009002991026919242,8.097
Ceramic,1464,Medium,0,1.757,7.32,5,0.0012001366120218578,3.2430000000000003
Bioplastic,1031,Medium,0,0.722,5.155,7,0.0007002909796314258,6.2780000000000005
Metal,1800,Medium,0,3.24,9.0,5,0.0018000000000000002,1.7599999999999998
Metal,1537,Medium,1,2.767,7.685,5,0.0018002602472348731,3.233
Metal,495,High,1,0.891,2.475,5,0.0018,5.109
Paper,1038,Medium,1,0.934,5.19,9,0.0008998073217726398,9.066
Ceramic,535,Medium,1,0.642,2.675,5,0.0012000000000000001,5.358
Glass,552,Low,1,0.828,2.76,6,0.0015,6.172
Bioplastic,605,High,1,0.423,3.025,7,0.0006991735537190082,7.577
Bioplastic,268,Medium,1,0.188,1.34,7,0.0007014925373134329,7.812
Glass,382,High,1,0.573,1.91,6,0.0014999999999999998,6.427
Glass,594,Low,1,0.891,2.97,6,0.0015,6.109
Glass,1748,High,1,2.622,8.74,6,0.0015,4.378
Ceramic,761,High,1,0.913,3.805,5,0.0011997371879106438,5.087
Plastic,1992,Medium,0,4.183,9.96,2,0.0020998995983935744,-2.183
Metal,1550,High,1,2.79,7.75,5,0.0018,3.21
Ceramic,590,Medium,1,0.708,2.95,5,0.0012,5.292
Paper,1560,High,1,1.404,7.8,9,0.0009,8.596
Glass,1290,Medium,1,1.935,6.45,6,0.0015,5.0649999999999995
Glass,528,Low,1,0.792,2.64,6,0.0015,6.208
Plastic,1628,Low,1,3.419,8.14,2,0.00210012285012285,-0.41900000000000004
Metal,792,Medium,1,1.426,3.96,5,0.0018005050505050504,4.574
Ceramic,390,Low,0,0.468,1.95,5,0.0012000000000000001,4.532
Bioplastic,1603,Medium,1,1.122,8.015,7,0.0006999376169681847,6.878
Ceramic,1866,Medium,1,2.239,9.33,5,0.0011998928188638798,3.761
Bioplastic,1858,Low,1,1.301,9.29,7,0.0007002152852529602,6.699
Paper,1071,Low,1,0.964,5.355,9,0.000900093370681606,9.036
Paper,899,Medium,1,0.809,4.495,9,0.000899888765294772,9.191
Plastic,701,Medium,0,1.472,3.505,2,0.002099857346647646,0.528
Metal,362,Medium,1,0.652,1.81,5,0.0018011049723756906,5.348
Paper,267,Medium,1,0.24,1.335,9,0.000898876404494382,9.76
Paper,754,Low,1,0.679,3.77,9,0.0009005305039787799,9.321
Glass,1826,Low,1,2.739,9.13,6,0.0015,4.261
Ceramic,1635,Medium,1,1.962,8.175,5,0.0012,4.038
Paper,1759,Medium,1,1.583,8.795,9,0.0008999431495167709,8.417
Metal,1464,Medium,1,2.635,7.32,5,0.0017998633879781419,3.365
Ceramic,137,Medium,0,0.164,0.685,5,0.001197080291970803,4.836
Bioplastic,714,Low,1,0.5,3.57,7,0.0007002801120448179,7.5
Glass,590,Medium,1,0.885,2.95,6,0.0015,6.115
Ceramic,615,Low,0,0.738,3.075,5,0.0012,4.2620000000000005
Ceramic,1475,Medium,0,1.77,7.375,5,0.0012000000000000001,3.23
Metal,925,Low,0,1.665,4.625,5,0.0018,3.335
Metal,594,Medium,1,1.069,2.97,5,0.0017996632996632996,4.931
Glass,849,Medium,1,1.274,4.245,6,0.0015005889281507656,5.726
Plastic,1985,Low,0,4.168,9.925,2,0.002099748110831234,-2.168
Paper,489,Medium,0,0.44,2.445,9,0.0008997955010224949,8.56
Glass,932,High,1,1.398,4.66,6,0.0014999999999999998,5.602
Plastic,598,High,1,1.256,2.99,2,0.0021003344481605353,1.744
Paper,1443,Low,1,1.299,7.215,9,0.0009002079002079002,8.701
Ceramic,618,Low,0,0.742,3.09,5,0.0012006472491909385,4.258
Bioplastic,1158,High,0,0.811,5.79,7,0.0007003454231433507,6.189
Metal,1843,Low,1,3.317,9.215,5,0.001799782962561042,2.683
Ceramic,1474,High,1,1.769,7.37,5,0.001200135685210312,4.231
Glass,1454,High,0,2.181,7.27,6,0.0015,3.819
Metal,508,Medium,1,0.914,2.54,5,0.0017992125984251969,5.086
Glass,1818,Low,1,2.727,9.09,6,0.0015,4.273
Ceramic,1718,Medium,1,2.062,8.59,5,0.0012002328288707798,3.938
Plastic,822,High,1,1.726,4.11,2,0.002099756690997567,1.274
Ceramic,1101,Low,1,1.321,5.505,5,0.0011998183469573115,4.679
Plastic,487,Low,1,1.023,2.435,2,0.0021006160164271045,1.977
Plastic,237,Medium,1,0.498,1.185,2,0.00210126582278481,2.502
Glass,1894,High,0,2.841,9.47,6,0.0015,3.159
Paper,1835,High,1,1.651,9.175,9,0.0008997275204359673,8.349
Glass,450,High,0,0.675,2.25,6,0.0015,5.325
Glass,1412,Medium,1,2.118,7.06,6,0.0014999999999999998,4.882
Bioplastic,1201,Low,1,0.841,6.005,7,0.0007002497918401332,7.159
Plastic,435,Low,0,0.913,2.175,2,0.0020988505747126436,1.087
Metal,1998,Low,1,3.596,9.99,5,0.0017997997997997999,2.404
Ceramic,616,Low,1,0.739,3.08,5,0.0011996753246753247,5.261
Glass,1674,Low,1,2.511,8.37,6,0.0015,4.489
Ceramic,725,High,1,0.87,3.625,5,0.0012,5.13
Paper,1036,High,1,0.932,5.18,9,0.0008996138996138997,9.068
Glass,186,Medium,1,0.279,0.93,6,0.0015,6.721
Paper,1074,Medium,0,0.967,5.37,9,0.0009003724394785847,8.033
Plastic,612,Medium,1,1.285,3.06,2,0.002099673202614379,1.715
Glass,1111,Medium,1,1.667,5.555,6,0.0015004500450045005,5.333
Bioplastic,1581,Low,1,1.107,7.905,7,0.0007001897533206831,6.893
Glass,130,Low,0,0.195,0.65,6,0.0015,5.805
Paper,396,Low,1,0.356,1.98,9,0.0008989898989898989,9.644
Metal,260,Medium,1,0.468,1.3,5,0.0018000000000000002,5.532
Metal,847,Low,0,1.525,4.235,5,0.0018004722550177094,3.475
Paper,1518,High,1,1.366,7.59,9,0.0008998682476943347,8.634
Ceramic,218,Low,1,0.262,1.09,5,0.001201834862385321,5.7379999999999995
Paper,1605,High,1,1.444,8.025,9,0.0008996884735202492,8.556000000000001
Paper,783,High,1,0.705,3.915,9,0.0009003831417624521,9.295
Ceramic,1700,Low,1,2.04,8.5,5,0.0012000000000000001,3.96
Plastic,884,Medium,1,1.856,4.42,2,0.002099547511312217,1.144
Metal,1620,Medium,1,2.916,8.1,5,0.0018,3.084
Metal,965,Low,0,1.737,4.825,5,0.0018000000000000002,3.263
Ceramic,1803,Low,1,2.164,9.015,5,0.0012002218524681087,3.836
Plastic,1227,Medium,1,2.577,6.135,2,0.002100244498777506,0.42300000000000004
Metal,1885,High,1,3.393,9.425,5,0.0018,2.607
Paper,1150,Low,1,1.035,5.75,9,0.0009,8.965
Glass,700,High,1,1.05,3.5,6,0.0015,5.95
Bioplastic,1717,Low,1,1.202,8.585,7,0.0007000582411182295,6.798
Ceramic,1980,High,1,2.376,9.9,5,0.0012,3.624
Bioplastic,1263,Medium,0,0.884,6.315,7,0.0006999208234362629,6.116
Ceramic,1488,Medium,0,1.786,7.44,5,0.0012002688172043012,3.214
Paper,324,Medium,0,0.292,1.62,9,0.0009012345679012345,8.708
Glass,580,Medium,1,0.87,2.9,6,0.0015,6.13
Glass,1528,Low,1,2.292,7.64,6,0.0014999999999999998,4.708
Plastic,1370,Low,1,2.877,6.85,2,0.0021,0.12300000000000022
Bioplastic,1871,Low,0,1.31,9.355,7,0.0007001603420630679,5.6899999999999995
Bioplastic,238,Medium,1,0.167,1.19,7,0.0007016806722689076,7.833
Metal,1483,High,1,2.669,7.415,5,0.0017997302764666218,3.331
Ceramic,1008,Low,0,1.21,5.04,5,0.0012003968253968254,3.79
Metal,887,Medium,0,1.597,4.435,5,0.0018004509582863586,3.403
Paper,1111,High,0,1.0,5.555,9,0.0009000900090009,8.0
Paper,1964,Medium,1,1.768,9.82,9,0.00090020366598778,8.232
Metal,1243,Low,1,2.237,6.215,5,0.0017996781979082864,3.763
Metal,1020,Medium,1,1.836,5.1,5,0.0018000000000000002,4.164
Bioplastic,1066,High,1,0.746,5.33,7,0.000699812382739212,7.254
Ceramic,1171,Medium,1,1.405,5.855,5,0.0011998292058070026,4.595
Ceramic,1815,Low,1,2.178,9.075,5,0.0012,3.822
Bioplastic,1451,Low,1,1.016,7.255,7,0.0007002067539627843,6.984
Glass,592,Low,1,0.888,2.96,6,0.0015,6.112
Paper,538,Medium,1,0.484,2.69,9,0.0008996282527881041,9.516
Metal,1196,Low,1,2.153,5.98,5,0.0018001672240802677,3.847
Paper,392,Medium,1,0.353,1.96,9,0.0009005102040816327,9.647
Glass,174,Low,0,0.261,0.87,6,0.0015,5.739
Glass,503,Low,1,0.754,2.515,6,0.0014990059642147116,6.246
Paper,1789,Low,1,1.61,8.945,9,0.0008999441028507547,8.39
Metal,1540,Low,1,2.772,7.7,5,0.0018,3.228
Paper,1050,Low,0,0.945,5.25,9,0.0009,8.055
Ceramic,811,Low,1,0.973,4.055,5,0.0011997533908754624,5.027
Plastic,994,High,1,2.087,4.97,2,0.0020995975855130785,0.9129999999999998
Paper,1780,Medium,1,1.602,8.9,9,0.0009000000000000001,8.398
Plastic,1710,Medium,1,3.591,8.55,2,0.0021000000000000003,-0.5910000000000002
Glass,1437,Medium,1,2.155,7.185,6,0.001499652052887961,4.845000000000001
Paper,1018,Low,0,0.916,5.09,9,0.0008998035363457761,8.084
Glass,1878,Low,1,2.817,9.39,6,0.0015,4.183
Metal,698,High,1,1.256,3.49,5,0.0017994269340974212,4.744
Bioplastic,181,Low,1,0.127,0.905,7,0.000701657458563536,7.873
Plastic,298,Medium,1,0.626,1.49,2,0.0021006711409395974,2.374
Ceramic,1250,Low,1,1.5,6.25,5,0.0012,4.5
Paper,222,Medium,1,0.2,1.11,9,0.0009009009009009009,9.8
Ceramic,1064,Low,1,1.277,5.32,5,0.001200187969924812,4.723
Ceramic,116,Low,1,0.139,0.58,5,0.0011982758620689656,5.861
Plastic,916,Medium,1,1.924,4.58,2,0.0021004366812227074,1.076
Bioplastic,1670,Medium,1,1.169,8.35,7,0.0007,6.8309999999999995
Plastic,813,Low,1,1.707,4.065,2,0.0020996309963099632,1.293
Bioplastic,178,Medium,1,0.125,0.89,7,0.0007022471910112359,7.875
Glass,753,Low,1,1.129,3.765,6,0.00149933598937583,5.871
Paper,1473,Medium,1,1.326,7.365,9,0.00090020366598778,8.674
Plastic,1023,Low,1,2.148,5.115,2,0.0020997067448680355,0.8519999999999999
Ceramic,1063,Low,1,1.276,5.315,5,0.001200376293508937,4.724
Paper,387,High,1,0.348,1.935,9,0.0008992248062015503,9.652
Glass,1442,Medium,1,2.163,7.21,6,0.0014999999999999998,4.837
Metal,1811,Low,1,3.26,9.055,5,0.001800110436223081,2.74
Glass,1458,Low,1,2.187,7.29,6,0.0014999999999999998,4.813000000000001
Bioplastic,1384,Low,0,0.969,6.92,7,0.0007001445086705202,6.031
Ceramic,1609,Medium,1,1.931,8.045,5,0.0012001243008079553,4.069
Bioplastic,440,Low,0,0.308,2.2,7,0.0007,6.692
Ceramic,932,High,1,1.118,4.66,5,0.001199570815450644,4.882
Ceramic,640,High,0,0.768,3.2,5,0.0012000000000000001,4.232
Paper,1668,Medium,1,1.501,8.34,9,0.0008998800959232613,8.499
Bioplastic,635,High,0,0.445,3.175,7,0.0007007874015748032,6.555
Paper,1351,Low,1,1.216,6.755,9,0.0009000740192450037,8.784
Bioplastic,1652,Low,0,1.156,8.26,7,0.0006997578692493946,5.844
Plastic,823,Medium,0,1.728,4.115,2,0.0020996354799513975,0.272
Plastic,877,Medium,1,1.842,4.385,2,0.0021003420752565565,1.158
Paper,949,Low,0,0.854,4.745,9,0.0008998946259220231,8.146
Glass,999,Low,1,1.498,4.995,6,0.0014994994994994995,5.502
Plastic,616,Low,1,1.294,3.08,2,0.0021006493506493507,1.706
Bioplastic,454,Medium,1,0.318,2.27,7,0.0007004405286343612,7.682
Bioplastic,911,High,1,0.638,4.555,7,0.0007003293084522503,7.362
Metal,1023,High,0,1.841,5.115,5,0.0017996089931573802,3.159
Metal,1112,Low,0,2.002,5.56,5,0.0018003597122302156,2.998
Glass,860,Low,1,1.29,4.3,6,0.0015,5.71
Metal,974,Medium,1,1.753,4.87,5,0.001799794661190965,4.247
Glass,1670,High,1,2.505,8.35,6,0.0015,4.495
Bioplastic,1601,Low,0,1.121,8.005,7,0.0007001873828856965,5.879
Bioplastic,1271,Medium,1,0.89,6.355,7,0.0007002360346184107,7.11
Metal,1565,High,1,2.817,7.825,5,0.0018000000000000002,3.183
Metal,1293,Medium,1,2.327,6.465,5,0.00179969064191802,3.673
Metal,1038,Low,0,1.868,5.19,5,0.0017996146435452795,3.1319999999999997
Paper,1279,Low,1,1.151,6.395,9,0.0008999218139171228,8.849
Paper,1609,Medium,1,1.448,8.045,9,0.0008999378495960224,8.552
Glass,1932,Low,0,2.898,9.66,6,0.0015,3.102
Ceramic,131,Low,1,0.157,0.655,5,0.001198473282442748,5.843
Ceramic,1408,Low,1,1.69,7.04,5,0.0012002840909090908,4.3100000000000005
Glass,769,Medium,0,1.153,3.845,6,0.0014993498049414825,4.8469999999999995
Paper,1955,Medium,1,1.76,9.775,9,0.0009002557544757034,8.24
Ceramic,736,Medium,1,0.883,3.68,5,0.0011997282608695653,5.117
Plastic,349,Medium,1,0.733,1.745,2,0.0021002865329512893,2.267
Paper,1700,Low,1,1.53,8.5,9,0.0009,8.47
Ceramic,1984,Medium,1,2.381,9.92,5,0.0012001008064516127,3.619
Plastic,539,Medium,1,1.132,2.695,2,0.002100185528756957,1.868
Ceramic,404,High,1,0.485,2.02,5,0.0012004950495049505,5.515
Plastic,875,Low,1,1.837,4.375,2,0.0020994285714285715,1.163
Ceramic,1638,Medium,1,1.966,8.19,5,0.0012002442002442002,4.034
Glass,386,Medium,1,0.579,1.93,6,0.0014999999999999998,6.421
Plastic,595,High,0,1.25,2.975,2,0.0021008403361344537,0.75
Ceramic,931,Medium,1,1.117,4.655,5,0.0011997851772287862,4.883
Plastic,421,High,1,0.884,2.105,2,0.0020997624703087887,2.116
Plastic,1703,Medium,1,3.576,8.515,2,0.0020998238402818556,-0.5760000000000001
Plastic,406,Medium,1,0.853,2.03,2,0.002100985221674877,2.1470000000000002
Plastic,1103,Low,1,2.316,5.515,2,0.002099728014505893,0.6840000000000002
Paper,1418,High,1,1.276,7.09,9,0.0008998589562764457,8.724
Plastic,204,Low,1,0.428,1.02,2,0.0020980392156862743,2.572
Plastic,443,Medium,1,0.93,2.215,2,0.0020993227990970657,2.07
Metal,743,High,0,1.337,3.715,5,0.0017994616419919245,3.6630000000000003
Bioplastic,1607,Low,1,1.125,8.035,7,0.0007000622277535781,6.875
Plastic,1272,Low,1,2.671,6.36,2,0.0020998427672955975,0.3290000000000002
Ceramic,166,High,0,0.199,0.83,5,0.0011987951807228916,4.801
Bioplastic,615,Low,1,0.43,3.075,7,0.0006991869918699187,7.57
Plastic,267,Low,1,0.561,1.335,2,0.0021011235955056182,2.439
Glass,869,Low,0,1.304,4.345,6,0.0015005753739930955,4.696
Plastic,563,Medium,1,1.182,2.815,2,0.0020994671403197157,1.818
Metal,1281,Medium,0,2.306,6.405,5,0.0018001561280249806,2.694
Bioplastic,2000,Medium,1,1.4,10.0,7,0.0007,6.6
Paper,495,Medium,0,0.446,2.475,9,0.000901010101010101,8.554
Glass,893,Low,1,1.339,4.465,6,0.0014994400895856662,5.661
Glass,1272,Medium,1,1.908,6.36,6,0.0015,5.0920000000000005
Metal,343,Low,1,0.617,1.715,5,0.0017988338192419825,5.383
Bioplastic,957,Low,1,0.67,4.785,7,0.0007001044932079415,7.33
Ceramic,398,Medium,1,0.478,1.99,5,0.0012010050251256281,5.522
Metal,676,Medium,1,1.217,3.38,5,0.001800295857988166,4.7829999999999995
Ceramic,1622,Medium,1,1.946,8.11,5,0.0011997533908754624,4.054
Glass,1398,Low,1,2.097,6.99,6,0.0015,4.9030000000000005
Ceramic,1805,High,1,2.166,9.025,5,0.0012,3.834
Glass,345,Low,0,0.517,1.725,6,0.0014985507246376812,5.483
Bioplastic,1073,Low,1,0.751,5.365,7,0.0006999068033550792,7.249
Plastic,564,Medium,1,1.184,2.82,2,0.0020992907801418437,1.816
Metal,1887,High,0,3.397,9.435,5,0.0018002119766825648,1.6030000000000002
Ceramic,160,High,0,0.192,0.8,5,0.0012000000000000001,4.808
Plastic,682,Low,1,1.432,3.41,2,0.002099706744868035,1.568
Ceramic,1929,High,0,2.315,9.645,5,0.0012001036806635562,2.685
Bioplastic,322,Low,1,0.225,1.61,7,0.0006987577639751553,7.775
Bioplastic,532,Medium,1,0.372,2.66,7,0.0006992481203007519,7.628
Ceramic,1196,Medium,0,1.435,5.98,5,0.0011998327759197324,3.565
Bioplastic,1975,Medium,1,1.383,9.875,7,0.000700253164556962,6.617
Bioplastic,434,High,1,0.304,2.17,7,0.0007004608294930876,7.696
Bioplastic,1106,Low,1,0.774,5.53,7,0.0006998191681735986,7.226
Bioplastic,1048,Low,0,0.734,5.24,7,0.000700381679389313,6.266
Paper,1694,Medium,1,1.525,8.47,9,0.0009002361275088547,8.475
Metal,471,High,1,0.848,2.355,5,0.001800424628450106,5.152
Glass,1248,Medium,1,1.872,6.24,6,0.0015,5.128
Plastic,834,Medium,1,1.751,4.17,2,0.0020995203836930453,1.249
Paper,338,Medium,0,0.304,1.69,9,0.0008994082840236686,8.696
Metal,1341,High,1,2.414,6.705,5,0.0018001491424310216,3.586
Glass,488,Medium,1,0.732,2.44,6,0.0015,6.268
Metal,1002,High,0,1.804,5.01,5,0.0018003992015968064,3.1959999999999997
Glass,1678,Low,0,2.517,8.39,6,0.0015,3.483
Bioplastic,143,Medium,0,0.1,0.715,7,0.0006993006993006993,6.9
Paper,774,Low,1,0.697,3.87,9,0.000900516795865633,9.303
Metal,519,Low,1,0.934,2.595,5,0.0017996146435452795,5.066
Bioplastic,1444,High,1,1.011,7.22,7,0.0007001385041551245,6.989
Bioplastic,795,Medium,1,0.556,3.975,7,0.00069937106918239,7.444
Paper,135,Low,1,0.121,0.675,9,0.0008962962962962963,9.879
Ceramic,1557,Medium,1,1.868,7.785,5,0.001199743095696853,4.132
Plastic,1984,Low,1,4.166,9.92,2,0.0020997983870967743,-1.1660000000000004
Metal,1845,Medium,1,3.321,9.225,5,0.0018000000000000002,2.679
Ceramic,331,Low,1,0.397,1.655,5,0.0011993957703927494,5.603
Metal,1101,Medium,1,1.982,5.505,5,0.0018001816530426884,4.018
Ceramic,808,Low,1,0.97,4.04,5,0.0012004950495049505,5.03
Glass,713,Medium,1,1.069,3.565,6,0.0014992987377279103,5.931
Ceramic,1104,Medium,0,1.325,5.52,5,0.0012001811594202897,3.675
Bioplastic,144,Low,1,0.101,0.72,7,0.000701388888888889,7.899
Glass,1247,Medium,1,1.871,6.235,6,0.0015004009623095429,5.129
Paper,762,Low,1,0.686,3.81,9,0.0009002624671916011,9.314
Plastic,582,High,1,1.222,2.91,2,0.002099656357388316,1.778
Plastic,1380,Low,1,2.898,6.9,2,0.0021000000000000003,0.10199999999999987
Ceramic,1700,Medium,1,2.04,8.5,5,0.0012000000000000001,3.96
Glass,1906,Medium,0,2.859,9.53,6,0.0015,3.141
Paper,1475,Low,1,1.327,7.375,9,0.0008996610169491525,8.673
Bioplastic,924,Low,1,0.647,4.62,7,0.0007002164502164502,7.353
Metal,1926,High,1,3.467,9.63,5,0.001800103842159917,2.533
Metal,1820,Medium,1,3.276,9.1,5,0.0018,2.724
Metal,333,High,0,0.599,1.665,5,0.0017987987987987987,4.401
Bioplastic,1115,Low,0,0.78,5.575,7,0.0006995515695067265,6.22
Ceramic,1635,Medium,0,1.962,8.175,5,0.0012,3.0380000000000003
Plastic,1161,Medium,1,2.438,5.805,2,0.002099913867355728,0.5619999999999998
Glass,666,Medium,1,0.999,3.33,6,0.0015,6.001
Metal,1307,Low,1,2.353,6.535,5,0.0018003060443764348,3.647
Paper,584,High,1,0.526,2.92,9,0.0009006849315068493,9.474
Glass,455,Low,1,0.682,2.275,6,0.001498901098901099,6.318
Glass,1542,Medium,1,2.313,7.71,6,0.0015,4.686999999999999
Bioplastic,303,Medium,1,0.212,1.515,7,0.0006996699669966996,7.788
Plastic,1934,Medium,1,4.061,9.67,2,0.0020997931747673217,-1.061
Bioplastic,636,High,1,0.445,3.18,7,0.000699685534591195,7.555
Paper,574,Medium,1,0.517,2.87,9,0.0009006968641114983,9.483
Plastic,1156,Low,1,2.428,5.78,2,0.0021003460207612455,0.5720000000000001
Bioplastic,1120,High,1,0.784,5.6,7,0.0007,7.216
Paper,1181,Low,1,1.063,5.905,9,0.0009000846740050804,8.937
Paper,417,Low,1,0.375,2.085,9,0.0008992805755395684,9.625
Plastic,1277,Medium,1,2.682,6.385,2,0.002100234925606891,0.31800000000000006
Ceramic,975,Low,1,1.17,4.875,5,0.0012,4.83
Paper,1842,Medium,1,1.658,9.21,9,0.0009001085776330076,8.342
Glass,798,Medium,0,1.197,3.99,6,0.0015,4.803
Paper,1476,Medium,1,1.328,7.38,9,0.000899728997289973,8.672
Bioplastic,537,High,0,0.376,2.685,7,0.0007001862197392924,6.624
Paper,359,Medium,1,0.323,1.795,9,0.0008997214484679666,9.677
Plastic,1753,Medium,1,3.681,8.765,2,0.0020998288648031945,-0.681
Plastic,936,Low,1,1.966,4.68,2,0.0021004273504273505,1.034
Glass,1260,Low,1,1.89,6.3,6,0.0014999999999999998,5.11
Paper,1739,High,0,1.565,8.695,9,0.0008999424956871765,7.4350000000000005
Bioplastic,1732,High,1,1.212,8.66,7,0.0006997690531177829,6.788
Bioplastic,265,High,1,0.185,1.325,7,0.0006981132075471698,7.815
Metal,1738,Medium,1,3.128,8.69,5,0.0017997698504027618,2.872
Paper,1716,Medium,1,1.544,8.58,9,0.0008997668997668997,8.456
Bioplastic,1946,Medium,1,1.362,9.73,7,0.0006998972250770812,6.638
Paper,1892,Medium,1,1.703,9.46,9,0.0009001057082452432,8.297
Paper,1410,Medium,1,1.269,7.05,9,0.0009,8.731
Glass,1926,Medium,1,2.889,9.63,6,0.0014999999999999998,4.111000000000001
Metal,1390,Medium,1,2.502,6.95,5,0.0017999999999999997,3.498
Metal,1689,High,1,3.04,8.445,5,0.0017998815867377145,2.96
Metal,1045,High,1,1.881,5.225,5,0.0018,4.119
Plastic,917,Medium,0,1.926,4.585,2,0.002100327153762268,0.07400000000000007
Glass,1266,Low,1,1.899,6.33,6,0.0015,5.101
Metal,555,Low,0,0.999,2.775,5,0.0018,4.001
Plastic,1206,Low,1,2.533,6.03,2,0.0021003316749585404,0.4670000000000001
Plastic,987,Low,1,2.073,4.935,2,0.002100303951367781,0.927
Metal,1310,Medium,1,2.358,6.55,5,0.0018000000000000002,3.642
Metal,1419,High,1,2.554,7.095,5,0.001799859055673009,3.446
Metal,1890,High,1,3.402,9.45,5,0.0018000000000000002,2.598
Paper,1158,Low,1,1.042,5.79,9,0.0008998272884283247,8.958
Bioplastic,293,High,0,0.205,1.465,7,0.0006996587030716723,6.795
Ceramic,363,Low,1,0.436,1.815,5,0.0012011019283746556,5.564
Paper,1557,Low,1,1.401,7.785,9,0.0008998073217726398,8.599
Paper,1335,Low,1,1.202,6.675,9,0.000900374531835206,8.798
Ceramic,1344,Low,1,1.613,6.72,5,0.0012001488095238096,4.3870000000000005
Glass,965,High,1,1.448,4.825,6,0.0015005181347150258,5.552
Ceramic,1862,Medium,1,2.234,9.31,5,0.0011997851772287862,3.766
Metal,483,Medium,1,0.869,2.415,5,0.0017991718426501036,5.131
Bioplastic,1564,High,1,1.095,7.82,7,0.0007001278772378516,6.905
Bioplastic,1779,High,1,1.245,8.895,7,0.0006998313659359191,6.755
Glass,1286,Low,1,1.929,6.43,6,0.0015,5.071
Paper,1228,Low,0,1.105,6.14,9,0.0008998371335504886,7.895
Bioplastic,453,Low,1,0.317,2.265,7,0.0006997792494481236,7.683
Metal,822,Low,0,1.48,4.11,5,0.0018004866180048663,3.52
Metal,1706,Low,1,3.071,8.53,5,0.0018001172332942556,2.929
Paper,1366,Low,1,1.229,6.83,9,0.0008997071742313324,8.771
Glass,1649,Medium,1,2.474,8.245,6,0.001500303214069133,4.526
Ceramic,1597,Medium,1,1.916,7.985,5,0.0011997495303694428,4.084
Paper,1862,High,1,1.676,9.31,9,0.0009001074113856068,8.324
Paper,149,Low,1,0.134,0.745,9,0.0008993288590604027,9.866
Ceramic,566,Medium,1,0.679,2.83,5,0.0011996466431095406,5.321
Plastic,251,Medium,1,0.527,1.255,2,0.002099601593625498,2.473
Paper,855,Low,1,0.769,4.275,9,0.0008994152046783626,9.231
Ceramic,1007,Medium,1,1.208,5.035,5,0.0011996027805362462,4.792
Glass,1026,Low,0,1.539,5.13,6,0.0015,4.461
Metal,1993,Medium,1,3.587,9.965,5,0.0017997992975413949,2.413
Glass,1844,Medium,1,2.766,9.22,6,0.0015,4.234
Ceramic,1496,Medium,1,1.795,7.48,5,0.0011998663101604277,4.205
Metal,1844,Medium,0,3.319,9.22,5,0.0017998915401301518,1.681
Plastic,768,Medium,1,1.613,3.84,2,0.0021002604166666665,1.387
Bioplastic,1901,Low,1,1.331,9.505,7,0.0007001578116780641,6.6690000000000005
Bioplastic,1983,Medium,1,1.388,9.915,7,0.0006999495713565305,6.612
Glass,144,Low,0,0.216,0.72,6,0.0015,5.784
Ceramic,1636,Medium,0,1.963,8.18,5,0.001199877750611247,3.037
Paper,1163,Low,1,1.047,5.815,9,0.0009002579535683576,8.953
Ceramic,1344,Low,1,1.613,6.72,5,0.0012001488095238096,4.3870000000000005
Ceramic,238,Low,1,0.286,1.19,5,0.0012016806722689075,5.714
Plastic,1547,High,1,3.249,7.735,2,0.0021001939237233354,-0.2490000000000001
Paper,384,High,1,0.346,1.92,9,0.0009010416666666666,9.654
Metal,868,Medium,1,1.562,4.34,5,0.0017995391705069126,4.438
Paper,1875,Low,1,1.688,9.375,9,0.0009002666666666667,8.312
Bioplastic,1869,Low,1,1.308,9.345,7,0.0006998394863563404,6.692
Glass,1426,Medium,0,2.139,7.13,6,0.0014999999999999998,3.861
Bioplastic,1418,Low,1,0.993,7.09,7,0.0007002820874471086,7.007
Plastic,884,Low,0,1.856,4.42,2,0.002099547511312217,0.1439999999999999
Paper,1944,Low,0,1.75,9.72,9,0.0009002057613168725,7.25
Ceramic,1280,Medium,0,1.536,6.4,5,0.0012000000000000001,3.464
Glass,601,Low,0,0.901,3.005,6,0.0014991680532445925,5.099
Glass,1237,Medium,1,1.855,6.185,6,0.0014995957962813259,5.145
Paper,1434,High,1,1.291,7.17,9,0.000900278940027894,8.709
Bioplastic,1258,Low,1,0.881,6.29,7,0.0007003179650238474,7.119
Plastic,259,Low,0,0.544,1.295,2,0.0021003861003861006,1.456
Glass,802,High,1,1.203,4.01,6,0.0015,5.797
Plastic,1885,Medium,1,3.958,9.425,2,0.0020997347480106103,-0.9580000000000002
Paper,777,Medium,1,0.699,3.885,9,0.0008996138996138996,9.301
Bioplastic,592,High,1,0.414,2.96,7,0.0006993243243243243,7.586
Ceramic,174,Low,1,0.209,0.87,5,0.0012011494252873562,5.791
Plastic,538,Low,1,1.13,2.69,2,0.002100371747211896,1.87
Bioplastic,667,Low,1,0.467,3.335,7,0.0007001499250374812,7.533
Glass,612,Medium,1,0.918,3.06,6,0.0015,6.082
Metal,1072,Low,1,1.93,5.36,5,0.0018003731343283582,4.07
Bioplastic,233,Low,0,0.163,1.165,7,0.0006995708154506438,6.837
Plastic,1634,Medium,1,3.431,8.17,2,0.0020997552019583845,-0.43100000000000005
Bioplastic,1982,Low,1,1.387,9.91,7,0.0006997981836528758,6.6129999999999995
Paper,423,Low,0,0.381,2.115,9,0.0009007092198581561,8.619
Paper,470,Low,1,0.423,2.35,9,0.0009,9.577
Metal,1936,Medium,0,3.485,9.68,5,0.001800103305785124,1.5150000000000001
Plastic,1640,Medium,0,3.444,8.2,2,0.0021,-1.444
Paper,1584,Low,1,1.426,7.92,9,0.0009002525252525252,8.574
Metal,742,Low,1,1.336,3.71,5,0.0018005390835579517,4.664
Ceramic,1992,Medium,1,2.39,9.96,5,0.0011997991967871487,3.61
Metal,1434,Medium,1,2.581,7.17,5,0.001799860529986053,3.419
Paper,1005,Medium,1,0.904,5.025,9,0.0008995024875621891,9.096
Bioplastic,391,Medium,0,0.274,1.955,7,0.00070076726342711,6.726
Metal,711,Low,1,1.28,3.555,5,0.00180028129395218,4.72
Metal,1172,Medium,1,2.11,5.86,5,0.0018003412969283276,3.89
Ceramic,1295,Medium,1,1.554,6.475,5,0.0012000000000000001,4.446
Glass,1307,Medium,1,1.96,6.535,6,0.0014996174445294568,5.04
Bioplastic,508,High,1,0.356,2.54,7,0.0007007874015748032,7.644
Paper,788,Medium,1,0.709,3.94,9,0.000899746192893401,9.291
Plastic,1603,Medium,0,3.366,8.015,2,0.0020998128509045542,-1.366
Glass,1522,High,0,2.283,7.61,6,0.0015,3.717
Plastic,1877,Medium,1,3.942,9.385,2,0.002100159829515184,-0.9420000000000002
Plastic,1116,Low,1,2.344,5.58,2,0.002100358422939068,0.6560000000000001
Ceramic,1572,Low,1,1.886,7.86,5,0.0011997455470737913,4.114
Paper,1154,Medium,1,1.039,5.77,9,0.0009003466204506065,8.961
Ceramic,541,Medium,1,0.649,2.705,5,0.001199630314232902,5.351
Glass,1273,Medium,1,1.909,6.365,6,0.0014996072270227808,5.091
Glass,450,Medium,0,0.675,2.25,6,0.0015,5.325
Ceramic,465,Low,0,0.558,2.325,5,0.0012000000000000001,4.442
Plastic,1067,Low,1,2.241,5.335,2,0.0021002811621368325,0.7589999999999999
Plastic,1407,Low,1,2.955,7.035,2,0.0021002132196162046,0.04499999999999993
Ceramic,1687,Low,1,2.024,8.435,5,0.0011997628927089509,3.976
Glass,935,Low,0,1.403,4.675,6,0.001500534759358289,4.5969999999999995
Bioplastic,1277,Medium,1,0.894,6.385,7,0.0007000783085356304,7.106
Plastic,1388,Low,1,2.915,6.94,2,0.00210014409221902,0.08499999999999996
Paper,580,Medium,1,0.522,2.9,9,0.0009000000000000001,9.478
Bioplastic,1070,Medium,1,0.749,5.35,7,0.0007,7.251
Bioplastic,598,Medium,1,0.419,2.99,7,0.0007006688963210702,7.581
Glass,771,Medium,1,1.157,3.855,6,0.0015006485084306097,5.843
Paper,1984,Low,0,1.786,9.92,9,0.0009002016129032258,7.214
Metal,830,Low,1,1.494,4.15,5,0.0018,4.506
Glass,1100,Medium,0,1.65,5.5,6,0.0014999999999999998,4.35
Metal,564,High,1,1.015,2.82,5,0.0017996453900709219,4.985
Paper,1229,High,1,1.106,6.145,9,0.0008999186330349879,8.894
Ceramic,336,Low,1,0.403,1.68,5,0.001199404761904762,5.5969999999999995
Glass,1008,Medium,1,1.512,5.04,6,0.0015,5.4879999999999995
Bioplastic,1180,Medium,1,0.826,5.9,7,0.0007,7.174
Metal,1900,Medium,1,3.42,9.5,5,0.0018,2.58
Plastic,420,Low,1,0.882,2.1,2,0.0021,2.118
Ceramic,782,High,1,0.938,3.91,5,0.0011994884910485934,5.062
Plastic,1677,Low,1,3.522,8.385,2,0.002100178890876565,-0.5219999999999998
Glass,1616,Medium,1,2.424,8.08,6,0.0015,4.5760000000000005
Bioplastic,417,High,1,0.292,2.085,7,0.0007002398081534772,7.708
Bioplastic,417,Medium,1,0.292,2.085,7,0.0007002398081534772,7.708
Bioplastic,550,Low,1,0.385,2.75,7,0.0007,7.615
Plastic,1023,Medium,0,2.148,5.115,2,0.0020997067448680355,-0.14800000000000013
Plastic,1875,Low,0,3.938,9.375,2,0.0021002666666666667,-1.9380000000000002
Bioplastic,559,Medium,1,0.391,2.795,7,0.0006994633273703041,7.609
Ceramic,442,Medium,1,0.53,2.21,5,0.0011990950226244345,5.47
Ceramic,1774,Medium,1,2.129,8.87,5,0.0012001127395715897,3.871
Paper,1201,High,1,1.081,6.005,9,0.000900083263946711,8.919
Glass,352,Medium,1,0.528,1.76,6,0.0015,6.4719999999999995
Paper,127,Low,1,0.114,0.635,9,0.0008976377952755906,9.886
Ceramic,1595,Low,1,1.914,7.975,5,0.0012,4.086
Glass,950,Medium,1,1.425,4.75,6,0.0015,5.575
Plastic,1099,Low,1,2.308,5.495,2,0.002100090991810737,0.6920000000000002
Paper,165,Low,1,0.148,0.825,9,0.000896969696969697,9.852
Ceramic,862,Low,1,1.034,4.31,5,0.0011995359628770301,4.966
Ceramic,1741,Medium,0,2.089,8.705,5,0.0011998851234922459,2.911
Ceramic,1823,Medium,1,2.188,9.115,5,0.0012002194185408669,3.812
Ceramic,1965,Low,1,2.358,9.825,5,0.0012000000000000001,3.642
Paper,434,High,1,0.391,2.17,9,0.0009009216589861751,9.609
Bioplastic,792,Low,1,0.554,3.96,7,0.0006994949494949495,7.446
Plastic,1468,High,1,3.083,7.34,2,0.0021001362397820166,-0.08300000000000018
Ceramic,148,Medium,1,0.178,0.74,5,0.0012027027027027026,5.822
Metal,605,Medium,0,1.089,3.025,5,0.0018,3.911
Glass,253,Low,1,0.38,1.265,6,0.0015019762845849803,6.62
Bioplastic,412,Low,0,0.288,2.06,7,0.0006990291262135922,6.712
Paper,1153,Medium,1,1.038,5.765,9,0.0009002601908065915,8.962
Paper,129,Medium,1,0.116,0.645,9,0.0008992248062015504,9.884
Bioplastic,888,Low,1,0.622,4.44,7,0.0007004504504504504,7.378
Paper,1673,Low,1,1.506,8.365,9,0.0009001793185893604,8.494
Glass,444,Medium,1,0.666,2.22,6,0.0015,6.334
Paper,1559,Low,1,1.403,7.795,9,0.0008999358563181527,8.597
Glass,816,Low,0,1.224,4.08,6,0.0015,4.776
Ceramic,265,Medium,1,0.318,1.325,5,0.0012000000000000001,5.682
Paper,903,High,1,0.813,4.515,9,0.0009003322259136213,9.187
Plastic,1914,High,0,4.019,9.57,2,0.002099791013584117,-2.019
Ceramic,1115,Medium,1,1.338,5.575,5,0.0012000000000000001,4.662
Ceramic,787,High,1,0.944,3.935,5,0.0011994917407878018,5.056
Paper,1724,High,0,1.552,8.62,9,0.000900232018561485,7.448
Ceramic,747,Low,0,0.896,3.735,5,0.0011994645247657297,4.104
Paper,969,Medium,1,0.872,4.845,9,0.0008998968008255934,9.128
Glass,929,Low,0,1.393,4.645,6,0.0014994617868675996,4.607
Bioplastic,846,High,1,0.592,4.23,7,0.0006997635933806147,7.408
Ceramic,1358,High,0,1.63,6.79,5,0.0012002945508100148,3.37
Metal,440,Medium,1,0.792,2.2,5,0.0018000000000000002,5.208
Ceramic,1818,Medium,0,2.182,9.09,5,0.0012002200220022,2.818
Metal,531,High,1,0.956,2.655,5,0.001800376647834275,5.0440000000000005
Paper,988,Medium,1,0.889,4.94,9,0.0008997975708502024,9.111
Ceramic,109,Low,1,0.131,0.545,5,0.001201834862385321,5.869
Bioplastic,1369,Medium,0,0.958,6.845,7,0.0006997808619430241,6.042
Plastic,664,Medium,1,1.394,3.32,2,0.0020993975903614457,1.606
Bioplastic,1996,Medium,1,1.397,9.98,7,0.0006998997995991984,6.603
Paper,1232,Low,1,1.109,6.16,9,0.0009001623376623377,8.891
Paper,736,High,1,0.662,3.68,9,0.0008994565217391305,9.338
Ceramic,464,Low,1,0.557,2.32,5,0.0012004310344827587,5.443
Ceramic,407,Low,1,0.488,2.035,5,0.001199017199017199,5.5120000000000005
Glass,320,Low,1,0.48,1.6,6,0.0015,6.52
Glass,1379,Medium,1,2.068,6.895,6,0.0014996374184191444,4.932
Metal,413,Medium,1,0.743,2.065,5,0.0017990314769975786,5.257
Plastic,1929,Low,1,4.051,9.645,2,0.002100051840331778,-1.0510000000000002
Glass,577,Medium,0,0.866,2.885,6,0.0015008665511265164,5.134
Ceramic,191,Medium,1,0.229,0.955,5,0.001198952879581152,5.771
Bioplastic,189,Low,0,0.132,0.945,7,0.0006984126984126985,6.868
Ceramic,1513,Medium,1,1.816,7.565,5,0.0012002643754130866,4.184
Ceramic,682,Low,0,0.818,3.41,5,0.0011994134897360704,4.182
Glass,186,Medium,1,0.279,0.93,6,0.0015,6.721
Glass,1639,Medium,1,2.458,8.195,6,0.0014996949359365468,4.542
Glass,1109,Medium,1,1.663,5.545,6,0.0014995491433724077,5.337
Metal,967,Low,1,1.741,4.835,5,0.001800413650465357,4.259
Metal,1967,Low,1,3.541,9.835,5,0.0018002033553634977,2.459
Glass,913,Medium,1,1.369,4.565,6,0.0014994523548740417,5.631
Paper,918,Low,1,0.826,4.59,9,0.0008997821350762527,9.174
Bioplastic,1600,Low,1,1.12,8.0,7,0.0007000000000000001,6.88
Ceramic,1209,Medium,0,1.451,6.045,5,0.0012001654259718776,3.549
Plastic,1698,Low,1,3.566,8.49,2,0.002100117785630153,-0.5659999999999998
Metal,1841,Low,1,3.314,9.205,5,0.0018001086366105379,2.686
Plastic,399,Low,0,0.838,1.995,2,0.002100250626566416,1.162
Paper,1297,Low,1,1.167,6.485,9,0.0008997686969930609,8.833
Plastic,1410,Low,1,2.961,7.05,2,0.0021,0.039000000000000146
Metal,1369,Medium,1,2.464,6.845,5,0.001799853907962016,3.536
Plastic,863,Low,1,1.812,4.315,2,0.0020996523754345307,1.188
Bioplastic,205,Medium,0,0.143,1.025,7,0.000697560975609756,6.857
Glass,342,High,1,0.513,1.71,6,0.0015,6.487
Paper,1764,Medium,1,1.588,8.82,9,0.0009002267573696146,8.411999999999999
Paper,1487,Medium,1,1.338,7.435,9,0.0008997982515131137,8.661999999999999
Paper,966,Medium,0,0.869,4.83,9,0.0008995859213250518,8.131
Ceramic,1567,Low,1,1.88,7.835,5,0.0011997447351627312,4.12
Paper,1868,Low,1,1.681,9.34,9,0.0008998929336188437,8.318999999999999
Plastic,822,Medium,0,1.726,4.11,2,0.002099756690997567,0.274
Paper,1969,Medium,0,1.772,9.845,9,0.0008999492127983748,7.228
Metal,1329,High,1,2.392,6.645,5,0.001799849510910459,3.608
Bioplastic,165,High,1,0.115,0.825,7,0.000696969696969697,7.885
Glass,1227,Low,0,1.841,6.135,6,0.0015004074979625102,4.159
Paper,661,Medium,1,0.595,3.305,9,0.0009001512859304084,9.405
Metal,234,Medium,1,0.421,1.17,5,0.001799145299145299,5.579
Paper,589,Medium,1,0.53,2.945,9,0.000899830220713073,9.47
Ceramic,1572,Low,1,1.886,7.86,5,0.0011997455470737913,4.114
Plastic,1503,Medium,1,3.156,7.515,2,0.002099800399201597,-0.15600000000000014
Paper,330,Low,1,0.297,1.65,9,0.0009,9.703
Metal,422,Low,1,0.76,2.11,5,0.0018009478672985782,5.24
Glass,437,Medium,1,0.655,2.185,6,0.0014988558352402746,6.345
Paper,698,Low,1,0.628,3.49,9,0.0008997134670487106,9.372
Bioplastic,447,Low,0,0.313,2.235,7,0.0007002237136465324,6.687
Glass,269,Medium,1,0.404,1.345,6,0.0015018587360594797,6.596
Plastic,434,Low,1,0.911,2.17,2,0.002099078341013825,2.089
Plastic,1871,High,1,3.929,9.355,2,0.0020999465526456438,-0.9289999999999998
Paper,1020,Low,1,0.918,5.1,9,0.0009000000000000001,9.082
Metal,1823,Medium,1,3.281,9.115,5,0.0017997805814591334,2.719
Plastic,1790,High,0,3.759,8.95,2,0.0021,-1.759
Metal,835,Medium,1,1.503,4.175,5,0.0018,4.497
Ceramic,1632,Low,1,1.958,8.16,5,0.0011997549019607842,4.042
Glass,1245,Medium,0,1.867,6.225,6,0.0014995983935742973,4.133
Paper,1789,High,1,1.61,8.945,9,0.0008999441028507547,8.39
Paper,423,Medium,0,0.381,2.115,9,0.0009007092198581561,8.619
Paper,1003,Medium,1,0.903,5.015,9,0.0009002991026919242,9.097
Plastic,1755,Low,1,3.686,8.775,2,0.0021002849002849005,-0.6859999999999999
Glass,1071,Low,0,1.607,5.355,6,0.0015004668534080298,4.393
Bioplastic,1138,Medium,1,0.797,5.69,7,0.0007003514938488576,7.203
Glass,1770,Low,0,2.655,8.85,6,0.0014999999999999998,3.345
Glass,993,High,1,1.49,4.965,6,0.001500503524672709,5.51
Bioplastic,1943,Low,1,1.36,9.715,7,0.0006999485331960886,6.64
Glass,1726,Low,0,2.589,8.63,6,0.0015,3.411
Paper,528,Low,1,0.475,2.64,9,0.0008996212121212121,9.525
Glass,661,Low,1,0.992,3.305,6,0.0015007564296520423,6.008
Ceramic,821,Low,1,0.985,4.105,5,0.001199756394640682,5.015
Plastic,1474,Low,1,3.095,7.37,2,0.002099728629579376,-0.0950000000000002
Ceramic,487,High,0,0.584,2.435,5,0.0011991786447638603,4.416
Plastic,463,Medium,0,0.972,2.315,2,0.002099352051835853,1.028
Ceramic,605,High,1,0.726,3.025,5,0.0012,5.274
Metal,1684,Medium,1,3.031,8.42,5,0.0017998812351543944,2.969
Plastic,866,Low,0,1.819,4.33,2,0.002100461893764434,0.18100000000000005
Plastic,1734,Medium,1,3.641,8.67,2,0.002099769319492503,-0.641
Glass,569,Low,1,0.854,2.845,6,0.0015008787346221441,6.146
Ceramic,1545,Medium,0,1.854,7.725,5,0.0012000000000000001,3.146
Bioplastic,1786,Low,1,1.25,8.93,7,0.0006998880179171332,6.75
Plastic,1513,High,1,3.177,7.565,2,0.002099801718440185,-0.17700000000000005
Ceramic,498,Medium,1,0.598,2.49,5,0.0012008032128514056,5.402
Bioplastic,1431,Medium,1,1.002,7.155,7,0.00070020964360587,6.998
Paper,170,Medium,1,0.153,0.85,9,0.0009,9.847
Paper,477,High,1,0.429,2.385,9,0.0008993710691823899,9.571
Metal,545,Low,0,0.981,2.725,5,0.0018,4.019
Paper,463,High,1,0.417,2.315,9,0.0009006479481641468,9.583
Ceramic,1818,Medium,1,2.182,9.09,5,0.0012002200220022,3.818
Paper,1304,High,1,1.174,6.52,9,0.0009003067484662576,8.826
Paper,1835,Low,1,1.651,9.175,9,0.0008997275204359673,8.349
Plastic,743,Medium,0,1.56,3.715,2,0.0020995962314939434,0.43999999999999995
Paper,164,Low,0,0.148,0.82,9,0.0009024390243902438,8.852
Glass,1008,High,1,1.512,5.04,6,0.0015,5.4879999999999995
Metal,178,Low,1,0.32,0.89,5,0.0017977528089887641,5.68
Bioplastic,505,High,1,0.353,2.525,7,0.0006990099009900989,7.647
Plastic,983,Medium,1,2.064,4.915,2,0.0020996948118006103,0.9359999999999999
Glass,1383,Low,1,2.075,6.915,6,0.001500361532899494,4.925
Paper,811,Low,1,0.73,4.055,9,0.0009001233045622688,9.27
Paper,1348,Low,1,1.213,6.74,9,0.0008998516320474778,8.786999999999999
Ceramic,1883,Low,1,2.26,9.415,5,0.0012002124269782262,3.74
Paper,1281,Low,0,1.153,6.405,9,0.0009000780640124903,7.8469999999999995
Paper,1523,Low,1,1.371,7.615,9,0.0009001969796454366,8.629
Metal,1294,Low,1,2.329,6.47,5,0.0017998454404945905,3.671
Glass,1253,Low,1,1.879,6.265,6,0.0014996009577015164,5.121
Paper,927,Medium,1,0.834,4.635,9,0.0008996763754045307,9.166
Ceramic,1580,High,1,1.896,7.9,5,0.0012,4.104
Glass,1463,Medium,1,2.195,7.315,6,0.0015003417634996581,4.805
Plastic,1781,High,1,3.74,8.905,2,0.0020999438517686694,-0.7400000000000002
Plastic,1092,Low,1,2.293,5.46,2,0.00209981684981685,0.7069999999999999
Bioplastic,607,Low,1,0.425,3.035,7,0.000700164744645799,7.575
Metal,585,Medium,1,1.053,2.925,5,0.0018,4.947
Plastic,907,Low,0,1.905,4.535,2,0.0021003307607497246,0.09499999999999997
Paper,276,Medium,1,0.248,1.38,9,0.0008985507246376812,9.752
Plastic,1799,Low,1,3.778,8.995,2,0.0021000555864369094,-0.778
Glass,865,Medium,1,1.298,4.325,6,0.001500578034682081,5.702
Plastic,645,Low,1,1.355,3.225,2,0.0021007751937984495,1.645
Plastic,1409,Medium,1,2.959,7.045,2,0.002100070972320795,0.040999999999999925
Glass,1026,Medium,0,1.539,5.13,6,0.0015,4.461
Plastic,117,Medium,1,0.246,0.585,2,0.0021025641025641025,2.754
Bioplastic,559,Low,1,0.391,2.795,7,0.0006994633273703041,7.609
Plastic,665,Medium,0,1.397,3.325,2,0.002100751879699248,0.603
Glass,248,Medium,1,0.372,1.24,6,0.0015,6.628
Glass,1725,Low,1,2.587,8.625,6,0.0014997101449275364,4.413
Paper,1953,Medium,1,1.758,9.765,9,0.0009001536098310292,8.242
Paper,1677,Medium,1,1.509,8.385,9,0.0008998211091234347,8.491
Plastic,1621,Medium,1,3.404,8.105,2,0.0020999383096853793,-0.4039999999999999
Glass,1635,Medium,1,2.453,8.175,6,0.0015003058103975535,4.547000000000001
Paper,1254,Medium,1,1.129,6.27,9,0.0009003189792663477,8.871
Glass,676,Low,1,1.014,3.38,6,0.0015,5.986
Glass,812,Medium,1,1.218,4.06,6,0.0015,5.782
Bioplastic,1989,Low,1,1.392,9.945,7,0.0006998491704374057,6.6080000000000005
Paper,1325,Medium,1,1.192,6.625,9,0.0008996226415094339,8.808
Plastic,750,Medium,0,1.575,3.75,2,0.0021,0.42500000000000004
Ceramic,1102,High,1,1.322,5.51,5,0.0011996370235934665,4.678
Ceramic,283,Low,0,0.34,1.415,5,0.0012014134275618376,4.66
Ceramic,1828,Medium,1,2.194,9.14,5,0.0012002188183807439,3.806
Glass,1131,Low,1,1.696,5.655,6,0.0014995579133510167,5.304
Glass,1925,Medium,1,2.888,9.625,6,0.00150025974025974,4.112
Glass,1319,Low,1,1.978,6.595,6,0.0014996209249431387,5.022
Bioplastic,1146,Medium,1,0.802,5.73,7,0.000699825479930192,7.198
Paper,1939,Low,1,1.745,9.695,9,0.0008999484270242393,8.254999999999999
Metal,596,High,1,1.073,2.98,5,0.0018003355704697985,4.927
Ceramic,639,Medium,0,0.767,3.195,5,0.0012003129890453834,4.233
Ceramic,914,Medium,0,1.097,4.57,5,0.0012002188183807439,3.903
Paper,1011,Medium,1,0.91,5.055,9,0.0009000989119683482,9.09
Metal,1382,Medium,1,2.488,6.91,5,0.0018002894356005789,3.512
Metal,250,Low,1,0.45,1.25,5,0.0018,5.55
Plastic,1995,Medium,1,4.189,9.975,2,0.002099749373433584,-1.189
Plastic,1365,Medium,1,2.866,6.825,2,0.0020996336996336996,0.1339999999999999
Paper,1196,High,1,1.076,5.98,9,0.000899665551839465,8.924
Plastic,205,High,1,0.43,1.025,2,0.0020975609756097562,2.57
Metal,1866,Low,1,3.359,9.33,5,0.00180010718113612,2.641
Bioplastic,1520,Medium,0,1.064,7.6,7,0.0007,5.936
Paper,240,Low,1,0.216,1.2,9,0.0009,9.784
Bioplastic,444,Medium,1,0.311,2.22,7,0.0007004504504504504,7.689
Glass,646,High,1,0.969,3.23,6,0.0015,6.031
Plastic,1623,Low,1,3.408,8.115,2,0.002099815157116451,-0.4079999999999999
Paper,1840,High,0,1.656,9.2,9,0.0009,7.344
Metal,549,Low,0,0.988,2.745,5,0.0017996357012750456,4.0120000000000005
Ceramic,1998,High,1,2.398,9.99,5,0.0012002002002002002,3.602
Plastic,566,Low,0,1.189,2.83,2,0.002100706713780919,0.8109999999999999
Ceramic,1172,High,1,1.406,5.86,5,0.0011996587030716722,4.594
Metal,410,Medium,1,0.738,2.05,5,0.0018,5.2620000000000005
Plastic,791,Medium,1,1.661,3.955,2,0.002099873577749684,1.339
Glass,725,Low,0,1.087,3.625,6,0.0014993103448275862,4.913
Metal,284,Low,1,0.511,1.42,5,0.0017992957746478873,5.489
Metal,1492,Low,0,2.686,7.46,5,0.0018002680965147452,2.314
Plastic,1922,High,1,4.036,9.61,2,0.002099895941727367,-1.0359999999999996
Ceramic,1728,Low,1,2.074,8.64,5,0.0012002314814814814,3.926
Plastic,1775,Medium,1,3.728,8.875,2,0.0021002816901408454,-0.7280000000000002
Ceramic,742,Medium,1,0.89,3.71,5,0.0011994609164420486,5.11
Plastic,465,High,1,0.977,2.325,2,0.002101075268817204,2.023
Glass,1668,Low,1,2.502,8.34,6,0.0014999999999999998,4.498
Metal,875,Low,0,1.575,4.375,5,0.0018,3.425
Glass,633,High,1,0.95,3.165,6,0.0015007898894154818,6.05
Paper,532,Medium,0,0.479,2.66,9,0.000900375939849624,8.521
Bioplastic,1826,High,1,1.278,9.13,7,0.0006998904709748083,6.7219999999999995
Metal,1621,Low,0,2.918,8.105,5,0.0018001233806292413,2.082
Plastic,1858,Medium,1,3.902,9.29,2,0.00210010764262648,-0.9020000000000001
Ceramic,1841,High,1,2.209,9.205,5,0.0011998913633894622,3.791
Ceramic,211,High,0,0.253,1.055,5,0.0011990521327014218,4.747
Paper,1221,Medium,1,1.099,6.105,9,0.0009000819000819,8.901
Bioplastic,1264,High,0,0.885,6.32,7,0.0007001582278481013,6.115
Paper,1405,Low,1,1.264,7.025,9,0.000899644128113879,8.736
Ceramic,548,High,1,0.658,2.74,5,0.0012007299270072993,5.342
Glass,1401,Low,0,2.102,7.005,6,0.0015003568879371875,3.898
Plastic,251,Medium,1,0.527,1.255,2,0.002099601593625498,2.473
Glass,426,Medium,1,0.639,2.13,6,0.0015,6.361
Plastic,1840,Medium,1,3.864,9.2,2,0.0021,-0.8639999999999999
Bioplastic,1596,Medium,1,1.117,7.98,7,0.000699874686716792,6.883
Paper,1675,Low,1,1.508,8.375,9,0.0009002985074626866,8.492
Plastic,1948,Low,1,4.091,9.74,2,0.0021001026694045175,-1.0910000000000002
Bioplastic,1917,Low,0,1.342,9.585,7,0.0007000521648408973,5.6579999999999995
Bioplastic,878,Low,0,0.615,4.39,7,0.0007004555808656037,6.385
Metal,803,High,1,1.445,4.015,5,0.0017995018679950188,4.555
Plastic,351,High,0,0.737,1.755,2,0.0020997150997150997,1.263
Ceramic,893,Low,1,1.072,4.465,5,0.0012004479283314671,4.928
Ceramic,513,High,1,0.616,2.565,5,0.0012007797270955165,5.384
Ceramic,1904,Medium,0,2.285,9.52,5,0.0012001050420168068,2.715
Plastic,490,Medium,0,1.029,2.45,2,0.0021,0.9710000000000001
Paper,1594,Medium,1,1.435,7.97,9,0.0009002509410288583,8.565
Bioplastic,350,Low,1,0.245,1.75,7,0.0007,7.755
Ceramic,1017,Low,1,1.22,5.085,5,0.00119960668633235,4.78
Ceramic,327,Low,1,0.392,1.635,5,0.001198776758409786,5.608
Glass,566,Medium,0,0.849,2.83,6,0.0015,5.151
Paper,444,Medium,1,0.4,2.22,9,0.0009009009009009009,9.6
Ceramic,1744,Medium,1,2.093,8.72,5,0.0012001146788990825,3.907
Metal,448,Low,0,0.806,2.24,5,0.0017991071428571429,4.194
Metal,1273,Medium,1,2.291,6.365,5,0.0017996857816182247,3.709
Metal,1417,Low,0,2.551,7.085,5,0.0018002822865208188,2.449
Paper,1372,Medium,1,1.235,6.86,9,0.0009001457725947523,8.765
Paper,1708,High,1,1.537,8.54,9,0.0008998829039812646,8.463000000000001
Bioplastic,1970,Low,1,1.379,9.85,7,0.0007,6.621
Glass,1945,Medium,1,2.917,9.725,6,0.0014997429305912595,4.083
Ceramic,1264,Medium,1,1.517,6.32,5,0.0012001582278481013,4.4830000000000005
Plastic,431,Medium,1,0.905,2.155,2,0.0020997679814385153,2.0949999999999998
Plastic,1090,Medium,1,2.289,5.45,2,0.0021000000000000003,0.7109999999999999
Bioplastic,382,Medium,1,0.267,1.91,7,0.0006989528795811519,7.733
Bioplastic,287,Medium,1,0.201,1.435,7,0.0007003484320557492,7.799
Paper,1387,High,1,1.248,6.935,9,0.0008997837058399423,8.752
Glass,396,Medium,0,0.594,1.98,6,0.0015,5.406
Paper,856,High,1,0.77,4.28,9,0.0008995327102803739,9.23
Glass,657,High,0,0.986,3.285,6,0.0015007610350076103,5.014
Paper,1724,Medium,0,1.552,8.62,9,0.000900232018561485,7.448
Metal,1470,High,1,2.646,7.35,5,0.0018,3.354
Paper,1185,Low,1,1.067,5.925,9,0.00090042194092827,8.933
Bioplastic,757,Low,1,0.53,3.785,7,0.0007001321003963012,7.47
Ceramic,837,Medium,1,1.004,4.185,5,0.001199522102747909,4.996
Metal,1046,Medium,1,1.883,5.23,5,0.00180019120458891,4.117
Metal,263,High,0,0.473,1.315,5,0.0017984790874524714,4.527
Plastic,167,Low,1,0.351,0.835,2,0.0021017964071856285,2.649
Paper,1065,Medium,1,0.959,5.325,9,0.0009004694835680751,9.041
Paper,199,Low,1,0.179,0.995,9,0.0008994974874371859,9.821
Metal,1696,Medium,1,3.053,8.48,5,0.001800117924528302,2.947
Plastic,1308,Medium,1,2.747,6.54,2,0.0021001529051987767,0.2530000000000001
Plastic,452,Medium,1,0.949,2.26,2,0.0020995575221238938,2.051
Bioplastic,1104,Medium,1,0.773,5.52,7,0.0007001811594202899,7.227
Glass,294,Medium,0,0.441,1.47,6,0.0015,5.559
Paper,653,High,1,0.588,3.265,9,0.0009004594180704441,9.412
Metal,834,Low,1,1.501,4.17,5,0.0017997601918465227,4.4990000000000006
Plastic,1425,High,1,2.993,7.125,2,0.0021003508771929823,0.007000000000000117
Plastic,629,Low,0,1.321,3.145,2,0.002100158982511924,0.679
Ceramic,685,Medium,0,0.822,3.425,5,0.0012,4.178
Ceramic,1553,High,1,1.864,7.765,5,0.0012002575660012879,4.136
Plastic,988,Low,1,2.075,4.94,2,0.002100202429149798,0.9249999999999998
Plastic,562,Low,0,1.18,2.81,2,0.002099644128113879,0.8200000000000001
Plastic,633,Low,1,1.329,3.165,2,0.002099526066350711,1.671
Metal,1120,Medium,1,2.016,5.6,5,0.0018,3.984
Metal,820,High,1,1.476,4.1,5,0.0018,4.524
Metal,1817,Low,1,3.271,9.085,5,0.0018002201430930105,2.729
Ceramic,602,Low,1,0.722,3.01,5,0.0011993355481727573,5.2780000000000005
Metal,1770,Low,1,3.186,8.85,5,0.0018,2.814
Plastic,1065,Low,1,2.236,5.325,2,0.002099530516431925,0.7639999999999998
Glass,1124,Low,1,1.686,5.62,6,0.0015,5.314
Bioplastic,1906,Low,1,1.334,9.53,7,0.0006998950682056663,6.666
Metal,1251,Medium,0,2.252,6.255,5,0.001800159872102318,2.748
Paper,1995,Medium,1,1.796,9.975,9,0.0009002506265664161,8.204
Glass,1293,Medium,1,1.94,6.465,6,0.0015003866976024747,5.0600000000000005
Paper,625,Medium,1,0.562,3.125,9,0.0008992000000000001,9.438
Glass,518,Low,1,0.777,2.59,6,0.0015,6.223
Paper,702,Low,1,0.632,3.51,9,0.0009002849002849003,9.368
Ceramic,279,Low,0,0.335,1.395,5,0.0012007168458781363,4.665
Glass,1091,Low,1,1.637,5.455,6,0.0015004582951420715,5.3629999999999995
Paper,1628,Low,1,1.465,8.14,9,0.00089987714987715,8.535
Bioplastic,1883,Low,0,1.318,9.415,7,0.0006999468932554435,5.682
Paper,657,Medium,0,0.591,3.285,9,0.0008995433789954337,8.409
Paper,951,Low,1,0.856,4.755,9,0.0009001051524710831,9.144
Glass,1857,Low,0,2.785,9.285,6,0.001499730748519117,3.215
Glass,338,Medium,1,0.507,1.69,6,0.0015,6.493
Paper,1308,Low,1,1.177,6.54,9,0.0008998470948012232,8.823
Metal,1979,High,1,3.562,9.895,5,0.001799898938858009,2.438
Paper,314,Low,1,0.283,1.57,9,0.0009012738853503184,9.717
Metal,1161,Medium,1,2.09,5.805,5,0.0018001722652885442,3.91
Paper,1181,Low,1,1.063,5.905,9,0.0009000846740050804,8.937
Glass,1106,High,1,1.659,5.53,6,0.0015,5.341
Plastic,807,Low,1,1.695,4.035,2,0.002100371747211896,1.305
Metal,599,Medium,1,1.078,2.995,5,0.0017996661101836395,4.922
Ceramic,670,High,1,0.804,3.35,5,0.0012000000000000001,5.196
Glass,1634,Low,1,2.451,8.17,6,0.0015,4.5489999999999995
Ceramic,1776,Low,1,2.131,8.88,5,0.0011998873873873873,3.869
Ceramic,1586,Low,1,1.903,7.93,5,0.0011998738965952082,4.0969999999999995
Plastic,362,High,1,0.76,1.81,2,0.0020994475138121547,2.24
Plastic,226,Low,0,0.475,1.13,2,0.0021017699115044247,1.525
Glass,618,Medium,1,0.927,3.09,6,0.0015,6.073
Plastic,1017,Low,0,2.136,5.085,2,0.0021002949852507377,-0.13600000000000012
Glass,297,Medium,0,0.446,1.485,6,0.0015016835016835018,5.554
Plastic,1629,Low,1,3.421,8.145,2,0.002100061387354205,-0.4209999999999998
Paper,375,Medium,1,0.338,1.875,9,0.0009013333333333334,9.662
Bioplastic,1440,High,0,1.008,7.2,7,0.0007,5.992
Metal,341,High,1,0.614,1.705,5,0.0018005865102639295,5.386
Paper,771,High,1,0.694,3.855,9,0.0009001297016861218,9.306000000000001
Glass,607,Low,1,0.91,3.035,6,0.001499176276771005,6.09
Glass,850,Medium,1,1.275,4.25,6,0.0014999999999999998,5.725
Ceramic,991,Low,0,1.189,4.955,5,0.0011997981836528759,3.811
Glass,1318,Low,1,1.977,6.59,6,0.0015,5.023
Glass,212,Medium,0,0.318,1.06,6,0.0015,5.682
Metal,130,Medium,1,0.234,0.65,5,0.0018000000000000002,5.766
Metal,1944,Low,1,3.499,9.72,5,0.001799897119341564,2.501
Ceramic,1647,Low,1,1.976,8.235,5,0.0011997571341833637,4.024
Paper,711,High,1,0.64,3.555,9,0.00090014064697609,9.36
Ceramic,724,Low,1,0.869,3.62,5,0.0012002762430939227,5.131
Bioplastic,1413,High,1,0.989,7.065,7,0.0006999292285916489,7.011
Ceramic,1053,Medium,1,1.264,5.265,5,0.0012003798670465336,4.736
Glass,1474,Low,0,2.211,7.37,6,0.0014999999999999998,3.789
Glass,1536,High,0,2.304,7.68,6,0.0014999999999999998,3.696
Ceramic,1088,Low,1,1.306,5.44,5,0.0012003676470588235,4.694
Bioplastic,996,Low,1,0.697,4.98,7,0.0006997991967871485,7.303
Paper,1775,Medium,1,1.597,8.875,9,0.0008997183098591549,8.403
Ceramic,1862,Medium,1,2.234,9.31,5,0.0011997851772287862,3.766
Paper,752,High,1,0.677,3.76,9,0.0009002659574468086,9.323
Ceramic,726,Medium,1,0.871,3.63,5,0.001199724517906336,5.129
Paper,1791,Low,1,1.612,8.955,9,0.0009000558347292016,8.388
Glass,145,Medium,1,0.217,0.725,6,0.001496551724137931,6.783
Glass,1881,Medium,1,2.821,9.405,6,0.0014997341839447103,4.179
Bioplastic,1665,Medium,1,1.165,8.325,7,0.0006996996996996997,6.835
Metal,152,High,1,0.274,0.76,5,0.0018026315789473686,5.726
Glass,1677,Low,0,2.515,8.385,6,0.001499701848539058,3.485
Glass,769,High,1,1.153,3.845,6,0.0014993498049414825,5.8469999999999995
Paper,1579,Low,1,1.421,7.895,9,0.0008999366687777074,8.579
Paper,1894,Medium,1,1.705,9.47,9,0.0009002111932418163,8.295
Metal,939,Low,1,1.69,4.695,5,0.001799787007454739,4.3100000000000005
Ceramic,1888,Medium,1,2.266,9.44,5,0.0012002118644067797,3.734
Metal,1271,Medium,1,2.288,6.355,5,0.0018001573564122738,3.712
Bioplastic,393,Low,1,0.275,1.965,7,0.0006997455470737914,7.725
Paper,1752,Low,1,1.577,8.76,9,0.0009001141552511415,8.423
Paper,1643,Low,1,1.479,8.215,9,0.0009001825928180158,8.521
Metal,1556,High,1,2.801,7.78,5,0.0018001285347043702,3.199
Paper,519,High,0,0.467,2.595,9,0.0008998073217726398,8.533
Bioplastic,463,Low,1,0.324,2.315,7,0.0006997840172786177,7.676
Ceramic,733,Medium,1,0.88,3.665,5,0.0012005457025920873,5.12
Glass,1632,High,1,2.448,8.16,6,0.0015,4.552
Plastic,1668,High,0,3.503,8.34,2,0.0021001199040767385,-1.5030000000000001
Ceramic,232,High,0,0.278,1.16,5,0.0011982758620689656,4.7219999999999995
Metal,1322,High,1,2.38,6.61,5,0.0018003025718608169,3.62
Metal,1856,Medium,1,3.341,9.28,5,0.0018001077586206897,2.659
Ceramic,420,Low,1,0.504,2.1,5,0.0012000000000000001,5.496
Glass,1056,Medium,1,1.584,5.28,6,0.0015,5.416
Glass,750,Low,0,1.125,3.75,6,0.0015,4.875
Glass,217,Medium,1,0.326,1.085,6,0.0015023041474654377,6.674
Ceramic,1984,Low,1,2.381,9.92,5,0.0012001008064516127,3.619
Ceramic,1078,High,1,1.294,5.39,5,0.0012003710575139146,4.7059999999999995
Ceramic,1712,Low,1,2.054,8.56,5,0.001199766355140187,3.946
Paper,1040,Low,1,0.936,5.2,9,0.0009000000000000001,9.064
Glass,668,Low,1,1.002,3.34,6,0.0015,5.998
Ceramic,287,Low,1,0.344,1.435,5,0.0011986062717770033,5.656
Paper,646,Medium,1,0.581,3.23,9,0.0008993808049535603,9.419
Bioplastic,1980,Medium,0,1.386,9.9,7,0.0007,5.614
Paper,1736,Medium,0,1.562,8.68,9,0.0008997695852534563,7.438
Plastic,1165,Medium,1,2.446,5.825,2,0.002099570815450644,0.5539999999999998
Paper,685,Low,1,0.617,3.425,9,0.0009007299270072992,9.383
Glass,719,Medium,1,1.079,3.595,6,0.0015006954102920723,5.921
Ceramic,454,Low,0,0.545,2.27,5,0.0012004405286343614,4.455
Plastic,502,Medium,0,1.054,2.51,2,0.002099601593625498,0.946
Plastic,549,Low,1,1.153,2.745,2,0.002100182149362477,1.847
Glass,535,Medium,1,0.802,2.675,6,0.0014990654205607478,6.198
Ceramic,258,Low,1,0.31,1.29,5,0.0012015503875968993,5.69
Paper,527,Low,1,0.474,2.635,9,0.0008994307400379506,9.526
Plastic,918,Low,0,1.928,4.59,2,0.0021002178649237473,0.07200000000000006
Plastic,394,Low,1,0.827,1.97,2,0.002098984771573604,2.173
Plastic,1912,Medium,0,4.015,9.56,2,0.0020998953974895396,-2.0149999999999997
Paper,1378,High,1,1.24,6.89,9,0.0008998548621190131,8.76
Bioplastic,892,High,1,0.624,4.46,7,0.0006995515695067265,7.376
Paper,1873,Low,1,1.686,9.365,9,0.0009001601708489054,8.314
Bioplastic,1745,Low,1,1.222,8.725,7,0.0007002865329512894,6.7780000000000005
Plastic,754,Low,1,1.583,3.77,2,0.0020994694960212203,1.417
Glass,527,Medium,0,0.79,2.635,6,0.0014990512333965846,5.21
Glass,432,Medium,1,0.648,2.16,6,0.0015,6.352
Ceramic,1785,Medium,1,2.142,8.925,5,0.0012,3.858
Plastic,1625,Medium,0,3.413,8.125,2,0.002100307692307692,-1.4129999999999998
Metal,620,High,1,1.116,3.1,5,0.0018000000000000002,4.884
Glass,1094,Medium,1,1.641,5.47,6,0.0015,5.359
Plastic,1260,Medium,0,2.646,6.3,2,0.0021,-0.6459999999999999
Metal,1770,High,1,3.186,8.85,5,0.0018,2.814
Plastic,467,High,0,0.981,2.335,2,0.002100642398286938,1.0190000000000001
Bioplastic,154,Low,0,0.108,0.77,7,0.0007012987012987013,6.892
Paper,1123,High,1,1.011,5.615,9,0.00090026714158504,8.989
Ceramic,1912,Low,1,2.294,9.56,5,0.0011997907949790796,3.706
Paper,1858,High,1,1.672,9.29,9,0.0008998923573735199,8.328
Metal,1803,Medium,1,3.245,9.015,5,0.0017997781475318914,2.755
Paper,1153,High,0,1.038,5.765,9,0.0009002601908065915,7.962
Plastic,1284,Medium,1,2.696,6.42,2,0.002099688473520249,0.3039999999999998
Ceramic,1091,High,1,1.309,5.455,5,0.0011998166819431715,4.691
Paper,718,Medium,1,0.646,3.59,9,0.0008997214484679666,9.354
Ceramic,1729,Low,1,2.075,8.645,5,0.0012001156737998845,3.925
Ceramic,1321,Medium,0,1.585,6.605,5,0.0011998485995457985,3.415
Metal,1348,High,1,2.426,6.74,5,0.0017997032640949557,3.574
Glass,588,High,0,0.882,2.94,6,0.0015,5.118
Glass,886,Low,1,1.329,4.43,6,0.0015,5.671
Paper,615,Low,1,0.553,3.075,9,0.0008991869918699187,9.447
Plastic,1480,Low,1,3.108,7.4,2,0.0021,-0.1080000000000001
Bioplastic,530,Low,1,0.371,2.65,7,0.0007,7.629
Metal,1045,High,1,1.881,5.225,5,0.0018,4.119
Plastic,1729,Low,1,3.631,8.645,2,0.002100057836899942,-0.6309999999999998
Ceramic,1635,High,1,1.962,8.175,5,0.0012,4.038
Bioplastic,419,Medium,1,0.293,2.095,7,0.0006992840095465393,7.707
Glass,802,High,1,1.203,4.01,6,0.0015,5.797
Paper,1095,High,1,0.986,5.475,9,0.0009004566210045662,9.014
Paper,1193,Medium,1,1.074,5.965,9,0.0009002514668901929,8.926
Paper,1850,Medium,1,1.665,9.25,9,0.0009,8.335
Ceramic,893,Low,0,1.072,4.465,5,0.0012004479283314671,3.928
Bioplastic,502,Low,1,0.351,2.51,7,0.000699203187250996,7.649
Bioplastic,990,Medium,1,0.693,4.95,7,0.0007,7.307
Paper,521,High,1,0.469,2.605,9,0.0009001919385796545,9.531
Ceramic,871,High,0,1.045,4.355,5,0.0011997703788748564,3.955
Ceramic,1253,Low,0,1.504,6.265,5,0.001200319233838787,3.496
Glass,1755,High,1,2.632,8.775,6,0.0014997150997150999,4.368
Glass,1080,Low,1,1.62,5.4,6,0.0015,5.38
Ceramic,399,Medium,1,0.479,1.995,5,0.001200501253132832,5.521
Bioplastic,393,Medium,1,0.275,1.965,7,0.0006997455470737914,7.725
Plastic,461,Low,1,0.968,2.305,2,0.0020997830802603036,2.032
Glass,1583,Low,1,2.374,7.915,6,0.0014996841440303222,4.6259999999999994
Paper,1997,Low,1,1.797,9.985,9,0.000899849774661993,8.203
Metal,1933,Medium,1,3.479,9.665,5,0.0017997930677703053,2.521
Plastic,684,High,0,1.436,3.42,2,0.0020994152046783627,0.5640000000000001
Paper,1388,Medium,1,1.249,6.94,9,0.0008998559077809799,8.751
Paper,1620,Medium,1,1.458,8.1,9,0.0009,8.542
Bioplastic,888,High,0,0.622,4.44,7,0.0007004504504504504,6.378
Plastic,1475,Low,1,3.098,7.375,2,0.0021003389830508475,-0.09799999999999986
Ceramic,330,Low,1,0.396,1.65,5,0.0012000000000000001,5.604
Ceramic,929,Low,1,1.115,4.645,5,0.00120021528525296,4.885
Metal,1993,Low,1,3.587,9.965,5,0.0017997992975413949,2.413
Metal,888,Medium,1,1.598,4.44,5,0.0017995495495495496,4.402
Bioplastic,1567,Low,1,1.097,7.835,7,0.0007000638162093172,6.9030000000000005
Bioplastic,1191,High,1,0.834,5.955,7,0.0007002518891687657,7.166
Paper,229,Low,0,0.206,1.145,9,0.0008995633187772926,8.794
Bioplastic,967,Low,0,0.677,4.835,7,0.0007001034126163392,6.323
Ceramic,497,Low,1,0.596,2.485,5,0.001199195171026157,5.404
Metal,136,High,0,0.245,0.68,5,0.0018014705882352941,4.755
Plastic,1207,High,1,2.535,6.035,2,0.002100248550124275,0.46499999999999986
Glass,1428,Low,1,2.142,7.14,6,0.0015,4.8580000000000005
Plastic,1687,Low,1,3.543,8.435,2,0.002100177830468287,-0.5430000000000001
Glass,865,High,1,1.298,4.325,6,0.001500578034682081,5.702
Bioplastic,1813,Low,0,1.269,9.065,7,0.0006999448428019856,5.731
Ceramic,1636,Medium,0,1.963,8.18,5,0.001199877750611247,3.037
Plastic,426,Medium,0,0.895,2.13,2,0.0021009389671361504,1.105
Bioplastic,1112,High,1,0.778,5.56,7,0.0006996402877697842,7.2219999999999995
Bioplastic,371,Medium,1,0.26,1.855,7,0.0007008086253369272,7.74
Plastic,567,Low,1,1.191,2.835,2,0.0021005291005291005,1.809
Paper,979,Medium,1,0.881,4.895,9,0.0008998978549540347,9.119
Plastic,620,Low,0,1.302,3.1,2,0.0021,0.698
Metal,1872,High,0,3.37,9.36,5,0.0018002136752136753,1.63
Metal,633,Low,1,1.139,3.165,5,0.0017993680884676145,4.861
Metal,1413,Low,1,2.543,7.065,5,0.001799716914366596,3.457
Ceramic,634,Low,1,0.761,3.17,5,0.0012003154574132492,5.239
Paper,544,Low,0,0.49,2.72,9,0.0009007352941176471,8.51
Paper,1491,Low,0,1.342,7.455,9,0.0009000670690811536,7.6579999999999995
Bioplastic,1790,Medium,1,1.253,8.95,7,0.0007,6.747
Bioplastic,1727,Medium,1,1.209,8.635,7,0.00070005790387956,6.791
Ceramic,710,Medium,1,0.852,3.55,5,0.0012,5.148
Metal,1049,High,1,1.888,5.245,5,0.001799809342230696,4.112
Paper,1976,High,1,1.778,9.88,9,0.0008997975708502024,8.222
Bioplastic,808,High,1,0.566,4.04,7,0.0007004950495049505,7.434
Glass,1588,Medium,1,2.382,7.94,6,0.0015,4.618
Ceramic,1519,Low,1,1.823,7.595,5,0.0012001316655694536,4.177
Plastic,315,Medium,1,0.661,1.575,2,0.0020984126984126984,2.339
Metal,692,Low,1,1.246,3.46,5,0.001800578034682081,4.754
Ceramic,895,Low,0,1.074,4.475,5,0.0012000000000000001,3.926
Plastic,1239,Medium,1,2.602,6.195,2,0.002100080710250202,0.39800000000000013
Metal,781,Low,1,1.406,3.905,5,0.0018002560819462227,4.594
Paper,760,Medium,1,0.684,3.8,9,0.0009000000000000001,9.316
Ceramic,1039,High,0,1.247,5.195,5,0.0012001924927815208,3.753
Metal,1540,Medium,0,2.772,7.7,5,0.0018,2.228
Plastic,1063,Medium,1,2.232,5.315,2,0.0020997177798682976,0.7679999999999998
Ceramic,1277,Low,1,1.532,6.385,5,0.0011996867658574785,4.468
Paper,967,Medium,0,0.87,4.835,9,0.0008996897621509824,8.13
Bioplastic,1366,High,1,0.956,6.83,7,0.0006998535871156662,7.0440000000000005
Bioplastic,1879,High,1,1.315,9.395,7,0.0006998403406067057,6.6850000000000005
Paper,853,High,1,0.768,4.265,9,0.0009003516998827667,9.232
Plastic,1024,Low,1,2.15,5.12,2,0.002099609375,0.8500000000000001
Glass,887,Medium,1,1.331,4.435,6,0.0015005636978579482,5.6690000000000005
Glass,1674,High,1,2.511,8.37,6,0.0015,4.489
Paper,139,Medium,1,0.125,0.695,9,0.0008992805755395684,9.875
Metal,1108,Medium,1,1.994,5.54,5,0.001799638989169675,4.006
Glass,1057,Low,1,1.585,5.285,6,0.001499526963103122,5.415
Plastic,992,High,1,2.083,4.96,2,0.0020997983870967743,0.9169999999999998
Ceramic,319,Low,1,0.383,1.595,5,0.001200626959247649,5.617
Paper,852,High,1,0.767,4.26,9,0.0009002347417840376,9.233
Metal,1017,Medium,1,1.831,5.085,5,0.00180039331366765,4.1690000000000005
Metal,1351,Low,1,2.432,6.755,5,0.0018001480384900073,3.568
Metal,1158,High,1,2.084,5.79,5,0.0017996545768566494,3.916
Plastic,324,Low,0,0.68,1.62,2,0.0020987654320987655,1.3199999999999998
Bioplastic,259,Medium,0,0.181,1.295,7,0.0006988416988416988,6.819
Ceramic,1349,Medium,1,1.619,6.745,5,0.0012001482579688657,4.381
Glass,898,Medium,1,1.347,4.49,6,0.0015,5.6530000000000005
Glass,1277,Medium,1,1.915,6.385,6,0.001499608457321848,5.085
Bioplastic,227,Medium,1,0.159,1.135,7,0.0007004405286343612,7.841
Paper,990,Low,1,0.891,4.95,9,0.0009,9.109
Ceramic,1775,Low,1,2.13,8.875,5,0.0012,3.87
Ceramic,154,Medium,1,0.185,0.77,5,0.0012012987012987014,5.815
Metal,1960,Low,1,3.528,9.8,5,0.0018,2.472
Paper,1087,Medium,1,0.978,5.435,9,0.0008997240110395584,9.022
Plastic,554,Low,0,1.163,2.77,2,0.00209927797833935,0.837
Metal,1555,Medium,1,2.799,7.775,5,0.0018,3.201
Ceramic,933,High,1,1.12,4.665,5,0.0012004287245444803,4.88
Ceramic,1023,Medium,1,1.228,5.115,5,0.0012003910068426197,4.772
Ceramic,819,Low,1,0.983,4.095,5,0.0012002442002442002,5.017
Metal,1057,Low,1,1.903,5.285,5,0.0018003784295175023,4.0969999999999995
Paper,1009,Low,1,0.908,5.045,9,0.0008999008919722498,9.092
Metal,497,Medium,1,0.895,2.485,5,0.0018008048289738432,5.105
Glass,1590,Low,1,2.385,7.95,6,0.0014999999999999998,4.615
Metal,1405,Low,1,2.529,7.025,5,0.0018,3.471
Ceramic,741,Medium,1,0.889,3.705,5,0.0011997300944669366,5.111
Glass,125,Low,1,0.188,0.625,6,0.001504,6.812
Bioplastic,690,High,1,0.483,3.45,7,0.0007,7.517
Bioplastic,1395,Medium,0,0.976,6.975,7,0.0006996415770609319,6.024
Glass,1949,Medium,1,2.924,9.745,6,0.001500256541816316,4.0760000000000005
Glass,1576,Medium,1,2.364,7.88,6,0.0015,4.636
Metal,171,Low,1,0.308,0.855,5,0.0018011695906432748,5.692
Bioplastic,1772,High,1,1.24,8.86,7,0.0006997742663656885,6.76
Paper,1452,High,1,1.307,7.26,9,0.0009001377410468319,8.693
Plastic,1961,Medium,1,4.118,9.805,2,0.002099949005609383,-1.1180000000000003
Glass,1688,Low,1,2.532,8.44,6,0.0015,4.468
Plastic,1258,Low,1,2.642,6.29,2,0.002100158982511924,0.3580000000000001
Bioplastic,534,Low,1,0.374,2.67,7,0.000700374531835206,7.626
Metal,452,Low,0,0.814,2.26,5,0.0018008849557522122,4.186
Ceramic,327,Low,1,0.392,1.635,5,0.001198776758409786,5.608
Metal,1603,Medium,1,2.885,8.015,5,0.0017997504678727385,3.115
Paper,427,Low,1,0.384,2.135,9,0.0008992974238875879,9.616
Glass,1536,Low,1,2.304,7.68,6,0.0014999999999999998,4.696
Plastic,171,Low,1,0.359,0.855,2,0.0020994152046783627,2.641
Bioplastic,1516,High,1,1.061,7.58,7,0.0006998680738786279,6.939
Plastic,596,Medium,1,1.252,2.98,2,0.0021006711409395974,1.748
Glass,339,Medium,1,0.508,1.695,6,0.0014985250737463128,6.492
Bioplastic,1761,Medium,1,1.233,8.805,7,0.0007001703577512778,6.7669999999999995
Ceramic,241,Medium,1,0.289,1.205,5,0.0011991701244813276,5.711
Metal,340,Medium,1,0.612,1.7,5,0.0018,5.388
Paper,1250,Medium,1,1.125,6.25,9,0.0009,8.875
Plastic,720,Low,1,1.512,3.6,2,0.0021,1.488
Plastic,1179,High,1,2.476,5.895,2,0.0021000848176420694,0.524
Metal,1653,Medium,0,2.975,8.265,5,0.0017997580157289776,2.025
Plastic,567,Low,1,1.191,2.835,2,0.0021005291005291005,1.809
Bioplastic,624,Medium,1,0.437,3.12,7,0.0007003205128205128,7.563
Bioplastic,841,Medium,1,0.589,4.205,7,0.0007003567181926278,7.411
Metal,1871,Medium,0,3.368,9.355,5,0.001800106894708712,1.6320000000000001
Paper,1368,Low,1,1.231,6.84,9,0.0008998538011695907,8.769
Paper,1596,Medium,1,1.436,7.98,9,0.0008997493734335839,8.564
Paper,1893,Medium,1,1.704,9.465,9,0.0009001584786053883,8.296
Plastic,1487,Medium,1,3.123,7.435,2,0.0021002017484868865,-0.12300000000000022
Glass,1544,Medium,1,2.316,7.72,6,0.0014999999999999998,4.684
Metal,1196,Low,1,2.153,5.98,5,0.0018001672240802677,3.847
Paper,914,Low,0,0.823,4.57,9,0.000900437636761488,8.177
Plastic,1543,Low,1,3.24,7.715,2,0.002099805573558004,-0.2400000000000002
Bioplastic,1024,High,1,0.717,5.12,7,0.0007001953125,7.283
Metal,1500,Medium,1,2.7,7.5,5,0.0018000000000000002,3.3
Ceramic,748,Medium,1,0.898,3.74,5,0.0012005347593582888,5.102
Plastic,699,Medium,1,1.468,3.495,2,0.002100143061516452,1.532
Paper,781,Low,1,0.703,3.905,9,0.0009001280409731113,9.297
Glass,1442,High,1,2.163,7.21,6,0.0014999999999999998,4.837
Metal,248,Low,1,0.446,1.24,5,0.0017983870967741935,5.554
Paper,500,Low,1,0.45,2.5,9,0.0009,9.55
Glass,1305,Medium,1,1.958,6.525,6,0.0015003831417624521,5.042
Plastic,956,High,0,2.008,4.78,2,0.002100418410041841,-0.008000000000000007
Ceramic,1095,Low,1,1.314,5.475,5,0.0012000000000000001,4.686
Plastic,523,High,1,1.098,2.615,2,0.00209942638623327,1.902
Plastic,925,Medium,0,1.942,4.625,2,0.0020994594594594593,0.05800000000000005
Bioplastic,1137,Medium,1,0.796,5.685,7,0.0007000879507475814,7.204
Ceramic,903,High,1,1.084,4.515,5,0.0012004429678848284,4.916
Ceramic,1870,High,0,2.244,9.35,5,0.0012000000000000001,2.756
Metal,1687,Low,0,3.037,8.435,5,0.0018002371072910492,1.963
Glass,842,Medium,0,1.263,4.21,6,0.0014999999999999998,4.737
Glass,1215,Low,1,1.823,6.075,6,0.0015004115226337448,5.177
Metal,784,High,1,1.411,3.92,5,0.0017997448979591836,4.589
Bioplastic,324,High,1,0.227,1.62,7,0.0007006172839506173,7.773
Paper,890,High,0,0.801,4.45,9,0.0009000000000000001,8.199
Paper,905,Low,1,0.815,4.525,9,0.0009005524861878453,9.185
Plastic,612,Medium,1,1.285,3.06,2,0.002099673202614379,1.715
Paper,724,Low,1,0.652,3.62,9,0.0009005524861878453,9.348
Plastic,626,High,1,1.315,3.13,2,0.002100638977635783,1.685
Paper,172,Low,1,0.155,0.86,9,0.0009011627906976744,9.845
Plastic,479,Low,1,1.006,2.395,2,0.0021002087682672234,1.994
Metal,632,Low,1,1.138,3.16,5,0.0018006329113924048,4.862
Metal,361,Medium,1,0.65,1.805,5,0.0018005540166204986,5.35
Bioplastic,994,Medium,1,0.696,4.97,7,0.0007002012072434607,7.304
Glass,607,Medium,1,0.91,3.035,6,0.001499176276771005,6.09
Ceramic,1369,High,1,1.643,6.845,5,0.001200146092037984,4.357
Paper,1233,High,0,1.11,6.165,9,0.0009002433090024331,7.89
Plastic,1370,Low,1,2.877,6.85,2,0.0021,0.12300000000000022
Glass,1635,Low,0,2.453,8.175,6,0.0015003058103975535,3.547
Glass,1344,Low,1,2.016,6.72,6,0.0015,4.984
Paper,1720,High,0,1.548,8.6,9,0.0009,7.452
Paper,642,Low,1,0.578,3.21,9,0.0009003115264797507,9.422
Glass,1760,Low,1,2.64,8.8,6,0.0015,4.359999999999999
Paper,371,High,1,0.334,1.855,9,0.0009002695417789758,9.666
Paper,595,Medium,1,0.535,2.975,9,0.0008991596638655463,9.465
Metal,642,High,1,1.156,3.21,5,0.0018006230529595015,4.844
Ceramic,744,Medium,1,0.893,3.72,5,0.0012002688172043012,5.107
Metal,535,Medium,0,0.963,2.675,5,0.0018,4.037
Paper,220,Medium,1,0.198,1.1,9,0.0009000000000000001,9.802
Metal,1985,High,1,3.573,9.925,5,0.0018,2.427
Ceramic,502,Low,0,0.602,2.51,5,0.001199203187250996,4.398
Ceramic,1962,Medium,1,2.354,9.81,5,0.001199796126401631,3.646
Glass,755,Low,1,1.133,3.775,6,0.001500662251655629,5.867
Paper,329,Medium,1,0.296,1.645,9,0.0008996960486322188,9.704
Glass,750,Low,1,1.125,3.75,6,0.0015,5.875
Glass,1296,Low,1,1.944,6.48,6,0.0015,5.056
Metal,857,Medium,1,1.543,4.285,5,0.0018004667444574095,4.457
Glass,1856,High,0,2.784,9.28,6,0.0014999999999999998,3.216
Glass,791,Low,1,1.187,3.955,6,0.0015006321112515804,5.813
Paper,1136,Medium,1,1.022,5.68,9,0.0008996478873239437,8.978
Plastic,234,High,1,0.491,1.17,2,0.002098290598290598,2.509
Metal,1029,Medium,0,1.852,5.145,5,0.0017998056365403305,3.1479999999999997
Glass,409,Medium,1,0.614,2.045,6,0.0015012224938875305,6.386
Paper,824,High,1,0.742,4.12,9,0.0009004854368932039,9.258
Metal,1704,Medium,1,3.067,8.52,5,0.0017998826291079812,2.933
Glass,476,Low,1,0.714,2.38,6,0.0015,6.286
Plastic,534,Medium,1,1.121,2.67,2,0.002099250936329588,1.879
Ceramic,427,Medium,1,0.512,2.135,5,0.0011990632318501172,5.4879999999999995
Plastic,343,High,0,0.72,1.715,2,0.0020991253644314866,1.28
Glass,416,Medium,1,0.624,2.08,6,0.0015,6.376
Glass,405,Low,0,0.608,2.025,6,0.0015012345679012344,5.392
Ceramic,1780,Medium,1,2.136,8.9,5,0.0012000000000000001,3.864
Metal,623,Medium,1,1.121,3.115,5,0.0017993579454253612,4.879
Glass,1546,High,1,2.319,7.73,6,0.0015,4.681
Plastic,1280,High,1,2.688,6.4,2,0.0021000000000000003,0.31199999999999983
Paper,1451,Low,1,1.306,7.255,9,0.0009000689179875948,8.693999999999999
Glass,1444,Medium,1,2.166,7.22,6,0.0015,4.834
Glass,1498,Medium,0,2.247,7.49,6,0.0015,3.753
Metal,1135,Low,1,2.043,5.675,5,0.0018000000000000002,3.957
Metal,416,Medium,0,0.749,2.08,5,0.0018004807692307693,4.251
Metal,848,High,1,1.526,4.24,5,0.0017995283018867926,4.474
Plastic,1002,Low,1,2.104,5.01,2,0.002099800399201597,0.8959999999999999
Bioplastic,1876,Medium,1,1.313,9.38,7,0.0006998933901918976,6.687
Paper,1898,Medium,0,1.708,9.49,9,0.0008998946259220231,7.292
Bioplastic,1310,Medium,1,0.917,6.55,7,0.0007,7.083
Plastic,575,Low,1,1.208,2.875,2,0.002100869565217391,1.792
Metal,1903,Low,1,3.425,9.515,5,0.0017997898055701522,2.575
Metal,1344,Medium,1,2.419,6.72,5,0.0017998511904761905,3.581
Glass,314,Low,0,0.471,1.57,6,0.0014999999999999998,5.529
Plastic,1733,Medium,1,3.639,8.665,2,0.0020998268897864975,-0.6389999999999998
Glass,820,Low,0,1.23,4.1,6,0.0015,4.77
Glass,593,Medium,1,0.889,2.965,6,0.0014991568296795954,6.111
Ceramic,1779,Medium,1,2.135,8.895,5,0.0012001124227093872,3.865
Metal,1785,Medium,1,3.213,8.925,5,0.0018,2.787
Glass,1496,High,1,2.244,7.48,6,0.0015000000000000002,4.756
Ceramic,1075,Low,0,1.29,5.375,5,0.0012000000000000001,3.71
Paper,1265,Low,1,1.139,6.325,9,0.000900395256916996,8.861
Plastic,697,Medium,1,1.464,3.485,2,0.0021004304160688663,1.536
Metal,1434,Medium,1,2.581,7.17,5,0.001799860529986053,3.419
Bioplastic,1087,Low,1,0.761,5.435,7,0.0007000919963201472,7.239
Plastic,1331,High,1,2.795,6.655,2,0.0020999248685199096,0.20500000000000007
Metal,1494,High,1,2.689,7.47,5,0.0017998661311914325,3.311
Ceramic,178,Low,1,0.214,0.89,5,0.001202247191011236,5.786
Ceramic,1539,Medium,1,1.847,7.695,5,0.0012001299545159195,4.1530000000000005
Plastic,1501,High,1,3.152,7.505,2,0.002099933377748168,-0.15200000000000014
Bioplastic,769,Low,1,0.538,3.845,7,0.0006996098829648895,7.462
Bioplastic,1256,Low,1,0.879,6.28,7,0.0006998407643312102,7.121
Glass,1177,Low,1,1.766,5.885,6,0.0015004248088360238,5.234
Metal,532,Low,1,0.958,2.66,5,0.001800751879699248,5.042
Metal,1802,Low,1,3.244,9.01,5,0.001800221975582686,2.756
Glass,1607,Medium,1,2.41,8.035,6,0.0014996888612321096,4.59
Paper,1926,Low,0,1.733,9.63,9,0.0008997923156801662,7.2669999999999995
Plastic,1917,Medium,1,4.026,9.585,2,0.0021001564945226916,-1.0259999999999998
Metal,1810,Medium,1,3.258,9.05,5,0.0018,2.742
Glass,1601,Medium,1,2.401,8.005,6,0.0014996876951905058,4.599
Paper,1266,Low,1,1.139,6.33,9,0.0008996840442338073,8.861
Metal,1799,Medium,0,3.238,8.995,5,0.0017998888271261813,1.762
Paper,1967,Low,1,1.77,9.835,9,0.0008998474834773767,8.23
Glass,530,Low,1,0.795,2.65,6,0.0015,6.205
Ceramic,599,High,1,0.719,2.995,5,0.0012003338898163606,5.281
Ceramic,456,High,1,0.547,2.28,5,0.001199561403508772,5.453
Paper,109,Medium,1,0.098,0.545,9,0.0008990825688073395,9.902
Plastic,1002,Low,1,2.104,5.01,2,0.002099800399201597,0.8959999999999999
Plastic,1936,Low,1,4.066,9.68,2,0.002100206611570248,-1.0659999999999998
Metal,1359,Low,0,2.446,6.795,5,0.0017998528329654158,2.554
Bioplastic,1983,Medium,1,1.388,9.915,7,0.0006999495713565305,6.612
Ceramic,1909,Low,1,2.291,9.545,5,0.0012001047668936617,3.709
Metal,1975,Medium,0,3.555,9.875,5,0.0018000000000000002,1.4449999999999998
Ceramic,1373,Low,1,1.648,6.865,5,0.0012002913328477785,4.352
Metal,688,Low,0,1.238,3.44,5,0.0017994186046511628,3.762
Ceramic,1393,Low,1,1.672,6.965,5,0.0012002871500358936,4.328
Paper,935,High,1,0.842,4.675,9,0.0009005347593582887,9.158
Bioplastic,973,Medium,1,0.681,4.865,7,0.0006998972250770812,7.319
Ceramic,1437,Medium,1,1.724,7.185,5,0.001199721642310369,4.276
Paper,1167,Medium,0,1.05,5.835,9,0.0008997429305912597,7.95
Ceramic,561,Medium,1,0.673,2.805,5,0.001199643493761141,5.327
Metal,1841,High,0,3.314,9.205,5,0.0018001086366105379,1.686
Glass,537,Medium,1,0.805,2.685,6,0.0014990689013035382,6.195
Ceramic,1330,Medium,1,1.596,6.65,5,0.0012000000000000001,4.404
Plastic,810,Medium,0,1.701,4.05,2,0.0021,0.29899999999999993
Bioplastic,126,Low,1,0.088,0.63,7,0.0006984126984126984,7.912
Bioplastic,888,High,1,0.622,4.44,7,0.0007004504504504504,7.378
Paper,1954,Low,1,1.759,9.77,9,0.0009002047082906857,8.241
Plastic,561,Low,1,1.178,2.805,2,0.0020998217468805704,1.822
Bioplastic,1311,Low,1,0.918,6.555,7,0.0007002288329519452,7.082
Plastic,1352,Low,1,2.839,6.76,2,0.002099852071005917,0.16100000000000003
Bioplastic,937,High,1,0.656,4.685,7,0.0007001067235859125,7.344
Metal,795,Medium,1,1.431,3.975,5,0.0018000000000000002,4.569
Plastic,870,Low,1,1.827,4.35,2,0.0021,1.173
Ceramic,1997,Medium,0,2.396,9.985,5,0.001199799699549324,2.604
Metal,1916,Medium,1,3.449,9.58,5,0.0018001043841336117,2.551
Ceramic,1055,Medium,1,1.266,5.275,5,0.0012000000000000001,4.734
Glass,709,Low,1,1.063,3.545,6,0.0014992947813822284,5.937
Ceramic,804,High,1,0.965,4.02,5,0.0012002487562189055,5.035
Paper,747,Low,1,0.672,3.735,9,0.0008995983935742972,9.328
Bioplastic,128,Low,1,0.09,0.64,7,0.000703125,7.91
Paper,735,Low,1,0.661,3.675,9,0.0008993197278911565,9.339
Bioplastic,1310,Medium,1,0.917,6.55,7,0.0007,7.083
Metal,1971,Medium,1,3.548,9.855,5,0.001800101471334348,2.452
Ceramic,176,Medium,0,0.211,0.88,5,0.0011988636363636364,4.789
Metal,1672,Medium,1,3.01,8.36,5,0.0018002392344497607,2.99
Paper,1328,Low,0,1.195,6.64,9,0.0008998493975903614,7.805
Plastic,132,Low,0,0.277,0.66,2,0.0020984848484848486,1.7229999999999999
Metal,1910,Medium,1,3.438,9.55,5,0.0018000000000000002,2.562
Plastic,155,Medium,1,0.326,0.775,2,0.002103225806451613,2.674
Metal,1897,Medium,1,3.415,9.485,5,0.0018002108592514497,2.585
Glass,1247,High,1,1.871,6.235,6,0.0015004009623095429,5.129
Metal,785,High,0,1.413,3.925,5,0.0018,3.5869999999999997
Paper,1625,Low,1,1.462,8.125,9,0.0008996923076923076,8.538
Bioplastic,833,Medium,1,0.583,4.165,7,0.0006998799519807923,7.417
Bioplastic,1978,Medium,1,1.385,9.89,7,0.0007002022244691607,6.615
Bioplastic,1296,High,1,0.907,6.48,7,0.0006998456790123457,7.093
Bioplastic,624,Medium,1,0.437,3.12,7,0.0007003205128205128,7.563
Ceramic,585,Low,1,0.702,2.925,5,0.0012,5.298
Bioplastic,1264,Medium,1,0.885,6.32,7,0.0007001582278481013,7.115
Ceramic,1501,Medium,1,1.801,7.505,5,0.0011998667554963358,4.199
Ceramic,801,Medium,0,0.961,4.005,5,0.0011997503121098626,4.039
Metal,1634,Low,0,2.941,8.17,5,0.001799877600979192,2.059
Ceramic,1619,Low,1,1.943,8.095,5,0.0012001235330450896,4.057
Ceramic,1230,Medium,1,1.476,6.15,5,0.0012,4.524
Plastic,815,Low,1,1.712,4.075,2,0.0021006134969325154,1.288
Plastic,1692,Low,1,3.553,8.46,2,0.002099881796690307,-0.5529999999999999
Bioplastic,831,Medium,1,0.582,4.155,7,0.0007003610108303248,7.418
Bioplastic,530,High,1,0.371,2.65,7,0.0007,7.629
Paper,1457,Medium,1,1.311,7.285,9,0.0008997940974605353,8.689
Metal,671,Low,1,1.208,3.355,5,0.0018002980625931445,4.792
Ceramic,1720,Medium,0,2.064,8.6,5,0.0012000000000000001,2.936
Metal,963,Low,1,1.733,4.815,5,0.0017995846313603324,4.2669999999999995
Ceramic,1148,Low,1,1.378,5.74,5,0.001200348432055749,4.622
Plastic,1002,Low,1,2.104,5.01,2,0.002099800399201597,0.8959999999999999
Plastic,1734,Low,0,3.641,8.67,2,0.002099769319492503,-1.641
Ceramic,261,Low,1,0.313,1.305,5,0.0011992337164750957,5.687
Bioplastic,1885,Low,1,1.319,9.425,7,0.0006997347480106101,6.681
Ceramic,1543,Low,1,1.852,7.715,5,0.0012002592352559948,4.148
Ceramic,1825,Low,1,2.19,9.125,5,0.0012,3.81
Bioplastic,855,Low,1,0.599,4.275,7,0.0007005847953216374,7.401
Plastic,1603,Medium,1,3.366,8.015,2,0.0020998128509045542,-0.3660000000000001
Metal,1645,Low,1,2.961,8.225,5,0.0018,3.039
Bioplastic,196,Low,0,0.137,0.98,7,0.0006989795918367347,6.8629999999999995
Paper,1850,Low,0,1.665,9.25,9,0.0009,7.335
Glass,689,High,1,1.034,3.445,6,0.0015007256894049347,5.966
Glass,1951,Medium,1,2.926,9.755,6,0.0014997437211686315,4.074
Bioplastic,705,Low,1,0.493,3.525,7,0.000699290780141844,7.507
Metal,1739,High,1,3.13,8.695,5,0.001799884991374353,2.87
Bioplastic,1915,Medium,1,1.341,9.575,7,0.0007002610966057441,6.659
Glass,596,Medium,1,0.894,2.98,6,0.0015,6.106
Plastic,1006,High,1,2.113,5.03,2,0.002100397614314115,0.887
Metal,1835,High,0,3.303,9.175,5,0.0018,1.697
Ceramic,349,Low,0,0.419,1.745,5,0.0012005730659025787,4.581
Plastic,1069,Medium,1,2.245,5.345,2,0.0021000935453695043,0.7549999999999999
Ceramic,1110,Low,1,1.332,5.55,5,0.0012000000000000001,4.668
Metal,903,Low,1,1.625,4.515,5,0.0017995570321151717,4.375
Paper,1922,Low,0,1.73,9.61,9,0.0009001040582726327,7.27
Ceramic,1997,Low,0,2.396,9.985,5,0.001199799699549324,2.604
Plastic,1847,Medium,1,3.879,9.235,2,0.002100162425554954,-0.879
Bioplastic,334,Medium,1,0.234,1.67,7,0.0007005988023952096,7.766
Bioplastic,1752,Medium,1,1.226,8.76,7,0.0006997716894977169,6.774
Plastic,630,High,1,1.323,3.15,2,0.0021,1.677
Paper,143,Medium,1,0.129,0.715,9,0.0009020979020979022,9.871
Plastic,1550,High,1,3.255,7.75,2,0.0021,-0.2549999999999999
Plastic,1447,Low,1,3.039,7.235,2,0.002100207325501037,-0.039000000000000146
Metal,549,Medium,1,0.988,2.745,5,0.0017996357012750456,5.0120000000000005
Metal,574,Low,0,1.033,2.87,5,0.0017996515679442506,3.967
Paper,173,Low,1,0.156,0.865,9,0.0009017341040462428,9.844
Ceramic,903,Low,1,1.084,4.515,5,0.0012004429678848284,4.916
Plastic,1871,High,1,3.929,9.355,2,0.0020999465526456438,-0.9289999999999998
Bioplastic,1258,Medium,1,0.881,6.29,7,0.0007003179650238474,7.119
Paper,507,Medium,1,0.456,2.535,9,0.0008994082840236687,9.544
Plastic,1058,Low,0,2.222,5.29,2,0.0021001890359168243,-0.22199999999999998
Metal,828,Medium,1,1.49,4.14,5,0.0017995169082125604,4.51
Metal,146,High,1,0.263,0.73,5,0.0018013698630136986,5.737
Paper,880,Medium,1,0.792,4.4,9,0.0009000000000000001,9.208
Paper,1295,High,1,1.165,6.475,9,0.0008996138996138996,8.835
Plastic,819,Medium,1,1.72,4.095,2,0.0021001221001221,1.28
Plastic,450,High,1,0.945,2.25,2,0.0021,2.055
Bioplastic,633,Medium,1,0.443,3.165,7,0.0006998420221169037,7.557
Bioplastic,829,Low,1,0.58,4.145,7,0.0006996381182147165,7.42
Plastic,662,Medium,1,1.39,3.31,2,0.0020996978851963743,1.61
Glass,522,Medium,1,0.783,2.61,6,0.0015,6.217
Plastic,1986,Low,0,4.171,9.93,2,0.002100201409869084,-2.1710000000000003
Plastic,1795,Medium,1,3.769,8.975,2,0.0020997214484679665,-0.7690000000000001
Paper,1203,High,1,1.083,6.015,9,0.0009002493765586034,8.917
Paper,1903,Low,1,1.713,9.515,9,0.0009001576458223858,8.286999999999999
Bioplastic,1524,Medium,1,1.067,7.62,7,0.0007001312335958005,6.933
Bioplastic,133,Low,0,0.093,0.665,7,0.0006992481203007519,6.907
Plastic,512,Medium,1,1.075,2.56,2,0.002099609375,1.925
Glass,741,High,1,1.111,3.705,6,0.0014993252361673415,5.889
Glass,342,Medium,1,0.513,1.71,6,0.0015,6.487
Paper,1297,High,1,1.167,6.485,9,0.0008997686969930609,8.833
Paper,1607,Medium,1,1.446,8.035,9,0.0008998133167392656,8.554
Paper,1352,Medium,1,1.217,6.76,9,0.000900147928994083,8.783
Ceramic,593,High,1,0.712,2.965,5,0.0012006745362563237,5.288
Metal,1286,Low,1,2.315,6.43,5,0.0018001555209953342,3.685
Ceramic,1651,Low,1,1.981,8.255,5,0.0011998788612961843,4.019
Ceramic,1248,High,1,1.498,6.24,5,0.0012003205128205128,4.502
Metal,555,High,0,0.999,2.775,5,0.0018,4.001
Paper,1277,Low,1,1.149,6.385,9,0.0008997650743931088,8.850999999999999
Ceramic,1008,Medium,1,1.21,5.04,5,0.0012003968253968254,4.79
Glass,988,Low,0,1.482,4.94,6,0.0015,4.518
Plastic,1990,Low,1,4.179,9.95,2,0.0021000000000000003,-1.1790000000000003
Ceramic,302,High,1,0.362,1.51,5,0.0011986754966887417,5.638
Paper,467,Medium,1,0.42,2.335,9,0.000899357601713062,9.58
Ceramic,1872,Low,1,2.246,9.36,5,0.0011997863247863248,3.754
Paper,535,High,1,0.481,2.675,9,0.0008990654205607477,9.519
Paper,1828,High,1,1.645,9.14,9,0.000899890590809628,8.355
Metal,1908,Medium,1,3.434,9.54,5,0.00179979035639413,2.566
Paper,752,Low,0,0.677,3.76,9,0.0009002659574468086,8.323
Metal,1817,High,1,3.271,9.085,5,0.0018002201430930105,2.729
Bioplastic,921,Low,1,0.645,4.605,7,0.0007003257328990228,7.355
Bioplastic,1688,Medium,0,1.182,8.44,7,0.0007002369668246446,5.818
Ceramic,1212,Low,0,1.454,6.06,5,0.0011996699669966997,3.5460000000000003
Metal,1240,Medium,1,2.232,6.2,5,0.0018000000000000002,3.768
Plastic,1896,Low,1,3.982,9.48,2,0.002100210970464135,-0.9820000000000002
Ceramic,1836,Low,1,2.203,9.18,5,0.0011998910675381264,3.797
Glass,1965,Low,1,2.947,9.825,6,0.0014997455470737915,4.053
Bioplastic,556,Low,1,0.389,2.78,7,0.0006996402877697842,7.611
Metal,1330,Low,1,2.394,6.65,5,0.0018000000000000002,3.606
Glass,1038,Low,1,1.557,5.19,6,0.0015,5.443
Glass,685,High,1,1.028,3.425,6,0.0015007299270072994,5.9719999999999995
Ceramic,854,High,1,1.025,4.27,5,0.0012002341920374707,4.975
Metal,1539,Low,1,2.77,7.695,5,0.0017998700454840805,3.23
Paper,444,High,1,0.4,2.22,9,0.0009009009009009009,9.6
Paper,121,Medium,1,0.109,0.605,9,0.0009008264462809917,9.891
Bioplastic,1043,Medium,1,0.73,5.215,7,0.0006999041227229146,7.27
Bioplastic,410,High,1,0.287,2.05,7,0.0007,7.713
Ceramic,1154,Low,1,1.385,5.77,5,0.0012001733102253033,4.615
Metal,424,Medium,0,0.763,2.12,5,0.0017995283018867926,4.237
Ceramic,1506,High,1,1.807,7.53,5,0.001199867197875166,4.193
Plastic,1430,Medium,1,3.003,7.15,2,0.0021,-0.0030000000000001137
Bioplastic,1201,Low,1,0.841,6.005,7,0.0007002497918401332,7.159
Glass,751,High,0,1.127,3.755,6,0.0015006657789613847,4.873
Glass,146,Medium,1,0.219,0.73,6,0.0015,6.781
Glass,1214,Low,1,1.821,6.07,6,0.0015,5.179
Plastic,1114,Medium,1,2.339,5.57,2,0.0020996409335727107,0.661
Plastic,1938,Low,0,4.07,9.69,2,0.002100103199174407,-2.0700000000000003
Glass,264,Medium,1,0.396,1.32,6,0.0015,6.604
Paper,1248,Medium,1,1.123,6.24,9,0.0008998397435897436,8.877
Bioplastic,1346,Medium,1,0.942,6.73,7,0.000699851411589896,7.058
Metal,330,Medium,0,0.594,1.65,5,0.0018,4.406
Glass,1020,High,1,1.53,5.1,6,0.0015,5.47
Bioplastic,1006,Low,0,0.704,5.03,7,0.0006998011928429424,6.296
Paper,1860,Low,1,1.674,9.3,9,0.0009,8.326
Glass,174,Medium,1,0.261,0.87,6,0.0015,6.739
Paper,426,High,1,0.383,2.13,9,0.0008990610328638498,9.617
Plastic,1010,Low,1,2.121,5.05,2,0.0021,0.879
Metal,1134,Low,1,2.041,5.67,5,0.0017998236331569664,3.959
Ceramic,1598,Medium,1,1.918,7.99,5,0.0012002503128911138,4.082
Bioplastic,295,High,1,0.206,1.475,7,0.0006983050847457627,7.794
Plastic,154,Low,0,0.323,0.77,2,0.0020974025974025974,1.677
Glass,534,Low,1,0.801,2.67,6,0.0015,6.199
Plastic,1887,Low,1,3.963,9.435,2,0.002100158982511924,-0.9630000000000001
Metal,137,Low,1,0.247,0.685,5,0.001802919708029197,5.753
Glass,558,High,1,0.837,2.79,6,0.0015,6.163
Paper,1441,Medium,1,1.297,7.205,9,0.0009000693962526023,8.703
Bioplastic,115,Low,1,0.081,0.575,7,0.0007043478260869566,7.919
Glass,1520,Medium,1,2.28,7.6,6,0.0014999999999999998,4.720000000000001
Metal,1605,Medium,1,2.889,8.025,5,0.0018,3.111
Glass,349,Low,1,0.523,1.745,6,0.001498567335243553,6.477
Glass,190,Medium,1,0.285,0.95,6,0.0014999999999999998,6.715
Paper,1221,Low,1,1.099,6.105,9,0.0009000819000819,8.901
Bioplastic,1526,Low,0,1.068,7.63,7,0.0006998689384010486,5.932
Ceramic,526,Medium,1,0.631,2.63,5,0.001199619771863118,5.369
Paper,1873,Medium,1,1.686,9.365,9,0.0009001601708489054,8.314
Metal,1387,Medium,1,2.497,6.935,5,0.0018002883922134101,3.503
Plastic,519,High,1,1.09,2.595,2,0.0021001926782273604,1.91
Metal,1446,Low,1,2.603,7.23,5,0.0018001383125864454,3.397
Ceramic,1077,Medium,0,1.292,5.385,5,0.0011996285979572888,3.708
Metal,441,Medium,0,0.794,2.205,5,0.0018004535147392291,4.2059999999999995
Paper,1180,Low,1,1.062,5.9,9,0.0009000000000000001,8.938
Glass,1148,Medium,0,1.722,5.74,6,0.0015,4.2780000000000005
Plastic,778,Medium,0,1.634,3.89,2,0.0021002570694087404,0.3660000000000001
Glass,1207,Low,1,1.81,6.035,6,0.001499585749792875,5.1899999999999995
Ceramic,1022,Low,1,1.226,5.11,5,0.0011996086105675147,4.774
Bioplastic,1167,Low,1,0.817,5.835,7,0.0007000856898029134,7.183
Metal,1341,High,1,2.414,6.705,5,0.0018001491424310216,3.586
Bioplastic,208,Medium,1,0.146,1.04,7,0.0007019230769230769,7.854
Paper,1220,Medium,1,1.098,6.1,9,0.0009000000000000001,8.902
Plastic,235,Low,0,0.493,1.175,2,0.0020978723404255317,1.5070000000000001
Metal,637,Medium,1,1.147,3.185,5,0.0018006279434850865,4.853
Paper,1643,Low,1,1.479,8.215,9,0.0009001825928180158,8.521
Plastic,1608,Low,0,3.377,8.04,2,0.0021001243781094527,-1.3769999999999998
Bioplastic,928,Medium,1,0.65,4.64,7,0.0007004310344827586,7.35
Ceramic,1385,Medium,1,1.662,6.925,5,0.0012,4.338
Paper,1971,Low,1,1.774,9.855,9,0.000900050735667174,8.225999999999999
Ceramic,869,Low,0,1.043,4.345,5,0.001200230149597238,3.957
Bioplastic,303,Low,0,0.212,1.515,7,0.0006996699669966996,6.788
Glass,1581,Low,1,2.372,7.905,6,0.0015003162555344719,4.628
Bioplastic,1763,Low,1,1.234,8.815,7,0.0006999432785025525,6.766
Metal,1826,Medium,1,3.287,9.13,5,0.0018001095290251915,2.713
Paper,145,High,0,0.131,0.725,9,0.000903448275862069,8.869
Glass,1025,Low,1,1.538,5.125,6,0.0015004878048780488,5.462
Glass,1973,Medium,1,2.959,9.865,6,0.0014997465788139889,4.041
Paper,745,Medium,1,0.67,3.725,9,0.0008993288590604027,9.33
Plastic,919,Low,1,1.93,4.595,2,0.002100108813928183,1.07
Paper,1023,Low,1,0.921,5.115,9,0.0009002932551319649,9.079
Glass,1614,Medium,1,2.421,8.07,6,0.0014999999999999998,4.579000000000001
Ceramic,1667,Low,1,2.0,8.335,5,0.0011997600479904018,4.0
Bioplastic,1282,Low,1,0.897,6.41,7,0.0006996879875195008,7.103
Ceramic,984,High,1,1.181,4.92,5,0.0012002032520325205,4.819
Ceramic,1552,Medium,1,1.862,7.76,5,0.0011997422680412372,4.138
Bioplastic,465,Low,1,0.326,2.325,7,0.0007010752688172043,7.674
Bioplastic,747,Low,1,0.523,3.735,7,0.0007001338688085677,7.477
Bioplastic,558,Low,1,0.391,2.79,7,0.0007007168458781362,7.609
Paper,1664,Medium,1,1.498,8.32,9,0.0009002403846153846,8.502
Metal,1807,Medium,0,3.253,9.035,5,0.0018002213613724405,1.7469999999999999
Ceramic,1076,Medium,0,1.291,5.38,5,0.001199814126394052,3.709
Metal,1181,Low,0,2.126,5.905,5,0.0018001693480101607,2.874
Glass,327,Low,0,0.49,1.635,6,0.0014984709480122323,5.51
Plastic,920,Low,1,1.932,4.6,2,0.0021,1.068
Metal,360,Low,0,0.648,1.8,5,0.0018,4.352
Ceramic,1648,Medium,1,1.978,8.24,5,0.001200242718446602,4.022
Glass,142,Low,1,0.213,0.71,6,0.0015,6.787
Glass,1063,Low,1,1.595,5.315,6,0.0015004703668861712,5.405
Glass,802,Low,1,1.203,4.01,6,0.0015,5.797
Bioplastic,1417,High,0,0.992,7.085,7,0.0007000705716302047,6.008
Bioplastic,1010,High,1,0.707,5.05,7,0.0007,7.293
Paper,572,High,1,0.515,2.86,9,0.0009003496503496504,9.485
Paper,1435,High,1,1.292,7.175,9,0.0009003484320557492,8.708
Bioplastic,1971,Medium,1,1.38,9.855,7,0.000700152207001522,6.62
Metal,469,Medium,1,0.844,2.345,5,0.0017995735607675906,5.156
Plastic,1849,Medium,1,3.883,9.245,2,0.002100054083288264,-0.883
Metal,589,Medium,1,1.06,2.945,5,0.001799660441426146,4.9399999999999995
Bioplastic,601,High,1,0.421,3.005,7,0.0007004991680532445,7.579
Paper,335,Medium,1,0.301,1.675,9,0.0008985074626865671,9.699
Ceramic,161,Medium,1,0.193,0.805,5,0.0011987577639751552,5.807
Glass,876,Medium,1,1.314,4.38,6,0.0015,5.686
Glass,203,Medium,1,0.304,1.015,6,0.001497536945812808,6.696
Paper,1160,High,1,1.044,5.8,9,0.0009000000000000001,8.956
Glass,1009,Medium,0,1.514,5.045,6,0.0015004955401387513,4.486
Plastic,1405,Low,0,2.95,7.025,2,0.0020996441281138792,-0.9500000000000002
Glass,1963,Medium,1,2.945,9.815,6,0.0015002547121752419,4.055
Glass,1931,High,1,2.897,9.655,6,0.0015002589331952355,4.103
Glass,249,Low,1,0.373,1.245,6,0.001497991967871486,6.627
Bioplastic,236,Low,1,0.165,1.18,7,0.0006991525423728814,7.835
Paper,1099,Medium,1,0.989,5.495,9,0.0008999090081892629,9.011
Bioplastic,1788,Medium,1,1.252,8.94,7,0.0007002237136465324,6.748
Glass,689,High,1,1.034,3.445,6,0.0015007256894049347,5.966
Bioplastic,1232,Low,1,0.862,6.16,7,0.0006996753246753247,7.138
Glass,449,Medium,1,0.673,2.245,6,0.0014988864142538977,6.327
Plastic,870,Medium,1,1.827,4.35,2,0.0021,1.173
Metal,417,Medium,1,0.751,2.085,5,0.0018009592326139088,5.249
Plastic,1679,Medium,1,3.526,8.395,2,0.002100059559261465,-0.5259999999999998
Glass,951,Low,1,1.427,4.755,6,0.0015005257623554155,5.573
Ceramic,432,Medium,1,0.518,2.16,5,0.0011990740740740742,5.482
Ceramic,1091,Low,1,1.309,5.455,5,0.0011998166819431715,4.691
Paper,297,Low,0,0.267,1.485,9,0.000898989898989899,8.733
Bioplastic,1111,High,1,0.778,5.555,7,0.0007002700270027003,7.2219999999999995
Glass,1566,Medium,1,2.349,7.83,6,0.0015,4.651
Paper,1767,Low,1,1.59,8.835,9,0.000899830220713073,8.41
Bioplastic,1947,Medium,1,1.363,9.735,7,0.0007000513610683102,6.6370000000000005
Paper,1876,Low,1,1.688,9.38,9,0.0008997867803837953,8.312
Plastic,501,High,0,1.052,2.505,2,0.002099800399201597,0.948
Paper,1921,Medium,1,1.729,9.605,9,0.0009000520562207184,8.271
Bioplastic,426,Medium,1,0.298,2.13,7,0.0006995305164319249,7.702
Plastic,753,Medium,1,1.581,3.765,2,0.002099601593625498,1.419
Bioplastic,303,Medium,1,0.212,1.515,7,0.0006996699669966996,7.788
Bioplastic,498,Low,1,0.349,2.49,7,0.0007008032128514056,7.651
Ceramic,681,High,1,0.817,3.405,5,0.001199706314243759,5.183
Paper,1935,Medium,1,1.742,9.675,9,0.0009002583979328165,8.258
Glass,1829,High,1,2.744,9.145,6,0.001500273373428103,4.256
Glass,1499,High,1,2.248,7.495,6,0.0014996664442961977,4.752
Metal,759,Medium,0,1.366,3.795,5,0.0017997364953886695,3.634
Plastic,1254,Medium,1,2.633,6.27,2,0.002099681020733652,0.367
Plastic,1605,Medium,1,3.37,8.025,2,0.002099688473520249,-0.3700000000000001
Ceramic,1453,Low,1,1.744,7.265,5,0.0012002752924982795,4.256
Metal,665,High,0,1.197,3.325,5,0.0018000000000000002,3.803
Plastic,700,High,1,1.47,3.5,2,0.0021,1.53
Bioplastic,1948,Medium,1,1.364,9.74,7,0.0007002053388090349,6.636
Glass,452,Low,0,0.678,2.26,6,0.0015,5.322
Bioplastic,165,Medium,1,0.115,0.825,7,0.000696969696969697,7.885
Glass,831,Low,1,1.246,4.155,6,0.0014993983152827917,5.754
Metal,1566,Low,1,2.819,7.83,5,0.0018001277139208173,3.181
Bioplastic,326,High,0,0.228,1.63,7,0.0006993865030674847,6.772
Plastic,1977,Low,1,4.152,9.885,2,0.0021001517450682855,-1.1520000000000001
Plastic,1956,Low,1,4.108,9.78,2,0.0021002044989775048,-1.1079999999999997
Glass,332,Low,1,0.498,1.66,6,0.0015,6.502
Bioplastic,1909,High,0,1.336,9.545,7,0.0006998428496595077,5.664
Ceramic,1057,High,1,1.268,5.285,5,0.0011996215704824977,4.732
Ceramic,1970,Low,1,2.364,9.85,5,0.0012,3.636
Bioplastic,1782,Medium,0,1.247,8.91,7,0.0006997755331088665,5.753
Glass,1261,Medium,1,1.891,6.305,6,0.001499603489294211,5.109
Metal,572,High,1,1.03,2.86,5,0.0018006993006993008,4.97
Metal,167,Medium,0,0.301,0.835,5,0.0018023952095808382,4.699
Plastic,429,Medium,1,0.901,2.145,2,0.0021002331002331004,2.099
Plastic,614,Medium,1,1.289,3.07,2,0.0020993485342019544,1.711
Metal,1347,Low,1,2.425,6.735,5,0.0018002969561989606,3.575
Glass,1358,Low,0,2.037,6.79,6,0.0015,3.963
Glass,1099,High,0,1.649,5.495,6,0.0015004549590536852,4.351
Bioplastic,723,High,1,0.506,3.615,7,0.0006998616874135547,7.494
Plastic,1578,Low,1,3.314,7.89,2,0.002100126742712294,-0.31400000000000006
Bioplastic,620,Medium,1,0.434,3.1,7,0.0007,7.566
Paper,1766,High,1,1.589,8.83,9,0.0008997734994337486,8.411
Glass,990,High,1,1.485,4.95,6,0.0015,5.515
Plastic,875,Medium,1,1.837,4.375,2,0.0020994285714285715,1.163
Metal,679,Low,1,1.222,3.395,5,0.0017997054491899853,4.7780000000000005
Plastic,775,High,0,1.627,3.875,2,0.0020993548387096776,0.373
Bioplastic,1393,Medium,1,0.975,6.965,7,0.0006999282124910266,7.025
Metal,1624,High,0,2.923,8.12,5,0.0017998768472906404,2.077
Bioplastic,634,Medium,1,0.444,3.17,7,0.0007003154574132492,7.556
Ceramic,1119,Low,1,1.343,5.595,5,0.0012001787310098302,4.657
Glass,1965,High,1,2.947,9.825,6,0.0014997455470737915,4.053
Bioplastic,1650,Medium,1,1.155,8.25,7,0.0007,6.845
Paper,275,Low,1,0.247,1.375,9,0.0008981818181818182,9.753
Paper,244,Low,1,0.22,1.22,9,0.0009016393442622951,9.78
Paper,1487,Low,1,1.338,7.435,9,0.0008997982515131137,8.661999999999999
Metal,1808,Medium,1,3.254,9.04,5,0.001799778761061947,2.746
Metal,358,High,0,0.644,1.79,5,0.001798882681564246,4.356
Paper,1697,High,1,1.527,8.485,9,0.0008998232174425456,8.473
Plastic,1311,Medium,1,2.753,6.555,2,0.002099923722349352,0.2469999999999999
Metal,1777,Low,1,3.199,8.885,5,0.0018002250984805851,2.801
Bioplastic,777,Low,1,0.544,3.885,7,0.0007001287001287002,7.4559999999999995
Plastic,1928,Low,0,4.049,9.64,2,0.0021001037344398343,-2.0490000000000004
Plastic,1143,Low,1,2.4,5.715,2,0.002099737532808399,0.6000000000000001
Paper,832,Medium,1,0.749,4.16,9,0.0009002403846153846,9.251
Bioplastic,1206,Medium,0,0.844,6.03,7,0.0006998341625207297,6.156
Plastic,1860,Low,1,3.906,9.3,2,0.0021,-0.9060000000000001
Paper,228,Medium,1,0.205,1.14,9,0.0008991228070175439,9.795
Metal,1428,Low,1,2.57,7.14,5,0.001799719887955182,3.43
Paper,993,Medium,0,0.894,4.965,9,0.0009003021148036254,8.106
Bioplastic,212,Medium,1,0.148,1.06,7,0.0006981132075471698,7.852
Plastic,1085,High,1,2.279,5.425,2,0.0021004608294930877,0.7210000000000001
Plastic,363,Low,1,0.762,1.815,2,0.0020991735537190083,2.238
Paper,1940,Medium,1,1.746,9.7,9,0.0009,8.254
Metal,720,Low,1,1.296,3.6,5,0.0018,4.704
Ceramic,545,Low,1,0.654,2.725,5,0.0012000000000000001,5.346
Plastic,939,Medium,1,1.972,4.695,2,0.00210010649627263,1.028
Paper,379,Low,0,0.341,1.895,9,0.000899736147757256,8.659
Plastic,1973,Medium,1,4.143,9.865,2,0.0020998479472883933,-1.1429999999999998
Plastic,1045,Medium,1,2.195,5.225,2,0.0021004784688995214,0.8050000000000002
Ceramic,333,High,1,0.4,1.665,5,0.0012012012012012014,5.6
Plastic,1071,Low,1,2.249,5.355,2,0.002099906629318394,0.7509999999999999
Plastic,939,Low,1,1.972,4.695,2,0.00210010649627263,1.028
Paper,793,Medium,1,0.714,3.965,9,0.0009003783102143757,9.286
Metal,1541,Low,1,2.774,7.705,5,0.001800129785853342,3.226
Metal,224,High,0,0.403,1.12,5,0.0017991071428571429,4.5969999999999995
Bioplastic,354,Low,1,0.248,1.77,7,0.0007005649717514124,7.752
Plastic,1763,Low,1,3.702,8.815,2,0.0020998298355076575,-0.702
Bioplastic,1231,Low,0,0.862,6.155,7,0.0007002437043054428,6.138
Plastic,222,Low,1,0.466,1.11,2,0.0020990990990990993,2.534
Metal,1778,Medium,1,3.2,8.89,5,0.001799775028121485,2.8
Ceramic,1399,High,1,1.679,6.995,5,0.0012001429592566118,4.321
Glass,1609,Medium,0,2.413,8.045,6,0.0014996892479801117,3.587
Metal,1536,Low,1,2.765,7.68,5,0.0018001302083333335,3.235
Ceramic,465,Medium,1,0.558,2.325,5,0.0012000000000000001,5.442
Metal,1160,Low,1,2.088,5.8,5,0.0018000000000000002,3.912
Ceramic,1911,Low,1,2.293,9.555,5,0.0011998953427524858,3.707
Metal,303,High,1,0.545,1.515,5,0.0017986798679867988,5.455
Bioplastic,1737,Low,1,1.216,8.685,7,0.0007000575705238917,6.784
Ceramic,898,Medium,0,1.078,4.49,5,0.001200445434298441,3.9219999999999997
Paper,221,Low,1,0.199,1.105,9,0.0009004524886877829,9.801
Ceramic,419,Low,1,0.503,2.095,5,0.0012004773269689737,5.497
Plastic,264,Medium,1,0.554,1.32,2,0.0020984848484848486,2.4459999999999997
Plastic,979,Low,1,2.056,4.895,2,0.002100102145045965,0.944
Plastic,379,Medium,1,0.796,1.895,2,0.002100263852242744,2.2039999999999997
Plastic,964,High,1,2.024,4.82,2,0.0020995850622406637,0.976
Paper,1950,High,1,1.755,9.75,9,0.0009,8.245000000000001
Bioplastic,1299,Low,1,0.909,6.495,7,0.0006997690531177829,7.091
Plastic,1931,Medium,1,4.055,9.655,2,0.0020999482133609525,-1.0549999999999997
Paper,716,Low,1,0.644,3.58,9,0.000899441340782123,9.356
Bioplastic,1570,High,0,1.099,7.85,7,0.0007,5.901
Metal,903,Low,1,1.625,4.515,5,0.0017995570321151717,4.375
Metal,1212,Medium,1,2.182,6.06,5,0.0018003300330033003,3.818
Metal,1622,Low,1,2.92,8.11,5,0.0018002466091245376,3.08
Metal,146,Medium,0,0.263,0.73,5,0.0018013698630136986,4.737
Bioplastic,1337,Medium,0,0.936,6.685,7,0.000700074794315632,6.064
Bioplastic,1829,Low,1,1.28,9.145,7,0.0006998359759431384,6.72
Bioplastic,628,Medium,1,0.44,3.14,7,0.0007006369426751592,7.56
Glass,1680,Low,1,2.52,8.4,6,0.0015,4.48
Metal,1493,Low,1,2.687,7.465,5,0.001799732083054253,3.313
Plastic,386,High,1,0.811,1.93,2,0.0021010362694300518,2.189
Ceramic,1958,Medium,0,2.35,9.79,5,0.0012002042900919306,2.65
Plastic,284,Low,0,0.596,1.42,2,0.0020985915492957746,1.404
Bioplastic,175,Low,0,0.122,0.875,7,0.0006971428571428571,6.878
Metal,1172,Low,1,2.11,5.86,5,0.0018003412969283276,3.89
Glass,1976,Medium,1,2.964,9.88,6,0.0015,4.036
Metal,1024,Medium,1,1.843,5.12,5,0.0017998046875,4.157
Metal,1268,Medium,1,2.282,6.34,5,0.0017996845425867509,3.718
Glass,588,High,1,0.882,2.94,6,0.0015,6.118
Plastic,1111,Medium,1,2.333,5.555,2,0.0020999099909991,0.6669999999999998
Glass,1339,Medium,1,2.009,6.695,6,0.0015003734129947722,4.991
Plastic,1264,Medium,1,2.654,6.32,2,0.0020996835443037975,0.3460000000000001
Metal,1411,High,0,2.54,7.055,5,0.0018001417434443656,2.46
Ceramic,1450,Medium,1,1.74,7.25,5,0.0012,4.26
Plastic,766,Medium,0,1.609,3.83,2,0.002100522193211488,0.391
Ceramic,1465,Medium,0,1.758,7.325,5,0.0012000000000000001,3.242
Paper,1903,Low,0,1.713,9.515,9,0.0009001576458223858,7.287
Metal,283,Medium,1,0.509,1.415,5,0.0017985865724381626,5.491
Ceramic,1559,Medium,1,1.871,7.795,5,0.0012001282873636946,4.129
Glass,1023,Medium,0,1.534,5.115,6,0.0014995112414467253,4.466
Paper,1234,Low,1,1.111,6.17,9,0.0009003241491085899,8.889
Metal,1187,Medium,1,2.137,5.935,5,0.0018003369839932604,3.863
Metal,1024,Low,1,1.843,5.12,5,0.0017998046875,4.157
Glass,181,High,1,0.272,0.905,6,0.0015027624309392267,6.728
Bioplastic,697,Medium,1,0.488,3.485,7,0.0007001434720229555,7.5120000000000005
Ceramic,1785,High,1,2.142,8.925,5,0.0012,3.858
Plastic,163,Low,1,0.342,0.815,2,0.002098159509202454,2.658
Metal,242,Medium,1,0.436,1.21,5,0.0018016528925619835,5.564
Ceramic,1090,Low,1,1.308,5.45,5,0.0012000000000000001,4.692
Plastic,1637,Low,1,3.438,8.185,2,0.0021001832620647525,-0.43800000000000017
Paper,1544,Low,1,1.39,7.72,9,0.0009002590673575128,8.61
Ceramic,845,Low,1,1.014,4.225,5,0.0012000000000000001,4.986
Plastic,391,Low,1,0.821,1.955,2,0.0020997442455242964,2.1790000000000003
Glass,194,Medium,1,0.291,0.97,6,0.0014999999999999998,6.709
Glass,1892,Low,1,2.838,9.46,6,0.0015,4.162
Ceramic,103,Low,1,0.124,0.515,5,0.001203883495145631,5.876
Glass,1194,Low,1,1.791,5.97,6,0.0015,5.209
Paper,699,High,0,0.629,3.495,9,0.0008998569384835479,8.371
Plastic,749,Low,0,1.573,3.745,2,0.0021001335113484646,0.42700000000000005
Plastic,1632,Low,1,3.427,8.16,2,0.0020998774509803923,-0.42700000000000005
Glass,1277,Medium,1,1.915,6.385,6,0.001499608457321848,5.085
Plastic,313,High,1,0.657,1.565,2,0.002099041533546326,2.343
Metal,207,Medium,1,0.373,1.035,5,0.0018019323671497585,5.627
Paper,1150,Low,1,1.035,5.75,9,0.0009,8.965
Ceramic,359,High,1,0.431,1.795,5,0.001200557103064067,5.569
Bioplastic,1030,Low,1,0.721,5.15,7,0.0007,7.279
Glass,666,Low,1,0.999,3.33,6,0.0015,6.001
Glass,1329,Low,1,1.994,6.645,6,0.0015003762227238525,5.006
Bioplastic,979,High,1,0.685,4.895,7,0.0006996935648621043,7.3149999999999995
Plastic,1881,High,1,3.95,9.405,2,0.002099946836788942,-0.9500000000000002
Bioplastic,911,Low,1,0.638,4.555,7,0.0007003293084522503,7.362
Glass,1803,High,0,2.704,9.015,6,0.0014997226844148642,3.296
Bioplastic,1515,Low,1,1.06,7.575,7,0.0006996699669966997,6.9399999999999995
Plastic,1850,High,1,3.885,9.25,2,0.0021,-0.8849999999999998
Paper,1503,Low,1,1.353,7.515,9,0.0009001996007984032,8.647
Paper,1113,Low,1,1.002,5.565,9,0.0009002695417789757,8.998
Glass,1425,Medium,1,2.138,7.125,6,0.0015003508771929824,4.862
Metal,1881,Low,0,3.386,9.405,5,0.001800106326422116,1.6139999999999999
Ceramic,1119,Medium,1,1.343,5.595,5,0.0012001787310098302,4.657
Glass,548,Medium,1,0.822,2.74,6,0.0014999999999999998,6.178
Glass,1257,Low,0,1.885,6.285,6,0.0014996022275258552,4.115
Metal,1626,High,1,2.927,8.13,5,0.0018001230012300122,3.073
Paper,140,Low,1,0.126,0.7,9,0.0009,9.874
Metal,979,Medium,0,1.762,4.895,5,0.0017997957099080695,3.238
Bioplastic,1442,Medium,1,1.009,7.21,7,0.0006997226074895977,6.991
Glass,1481,Low,1,2.221,7.405,6,0.00149966239027684,4.779
Paper,1527,Low,1,1.374,7.635,9,0.0008998035363457761,8.626
Glass,139,Low,1,0.208,0.695,6,0.0014964028776978417,6.792
Glass,1985,Low,1,2.978,9.925,6,0.001500251889168766,4.022
Glass,190,Medium,1,0.285,0.95,6,0.0014999999999999998,6.715
Plastic,916,Medium,1,1.924,4.58,2,0.0021004366812227074,1.076
Paper,446,High,1,0.401,2.23,9,0.0008991031390134529,9.599
Glass,293,Medium,1,0.44,1.465,6,0.0015017064846416382,6.56
Bioplastic,1561,Medium,1,1.093,7.805,7,0.0007001921844971172,6.907
Metal,769,Low,1,1.384,3.845,5,0.0017997399219765928,4.616
Bioplastic,404,Low,0,0.283,2.02,7,0.0007004950495049505,6.717
Bioplastic,1917,Low,0,1.342,9.585,7,0.0007000521648408973,5.6579999999999995
Plastic,1738,Low,0,3.65,8.69,2,0.002100115074798619,-1.65
Ceramic,1206,Low,0,1.447,6.03,5,0.0011998341625207298,3.553
Ceramic,735,Low,1,0.882,3.675,5,0.0012000000000000001,5.118
Glass,1416,Medium,1,2.124,7.08,6,0.0015,4.8759999999999994
Bioplastic,1741,High,1,1.219,8.705,7,0.0007001723147616312,6.781
Plastic,419,Low,1,0.88,2.095,2,0.002100238663484487,2.12
Ceramic,904,High,1,1.085,4.52,5,0.001200221238938053,4.915
Plastic,719,Medium,1,1.51,3.595,2,0.0021001390820584143,1.49
Paper,1239,Low,0,1.115,6.195,9,0.0008999192897497983,7.885
Paper,1403,High,1,1.263,7.015,9,0.0009002138275124732,8.737
Bioplastic,1072,Medium,1,0.75,5.36,7,0.0006996268656716418,7.25
Ceramic,1813,High,1,2.176,9.065,5,0.0012002206287920574,3.824
Plastic,1782,Medium,1,3.742,8.91,2,0.002099887766554433,-0.742
Glass,1339,Medium,1,2.009,6.695,6,0.0015003734129947722,4.991
Plastic,478,High,0,1.004,2.39,2,0.002100418410041841,0.996
Glass,1979,Low,1,2.969,9.895,6,0.0015002526528549772,4.031000000000001
Glass,505,Medium,1,0.757,2.525,6,0.001499009900990099,6.243
Metal,1600,Medium,1,2.88,8.0,5,0.0018,3.12
Bioplastic,273,High,1,0.191,1.365,7,0.0006996336996336997,7.809
Plastic,923,Medium,1,1.938,4.615,2,0.0020996749729144094,1.062
Metal,1800,Medium,1,3.24,9.0,5,0.0018000000000000002,2.76
Glass,1375,High,1,2.062,6.875,6,0.0014996363636363636,4.938000000000001
Paper,428,Medium,1,0.385,2.14,9,0.0008995327102803739,9.615
Metal,299,Medium,1,0.538,1.495,5,0.00179933110367893,5.462
Glass,852,Low,1,1.278,4.26,6,0.0015,5.7219999999999995
Paper,366,Low,1,0.329,1.83,9,0.0008989071038251366,9.671
Bioplastic,659,High,0,0.461,3.295,7,0.0006995447647951442,6.539
Metal,656,Medium,1,1.181,3.28,5,0.0018003048780487806,4.819
Plastic,111,Low,0,0.233,0.555,2,0.0020990990990990993,1.767
Metal,1906,Low,1,3.431,9.53,5,0.0018001049317943336,2.569
Plastic,1413,Medium,0,2.967,7.065,2,0.002099787685774947,-0.9670000000000001
Ceramic,922,Low,1,1.106,4.61,5,0.0011995661605206074,4.894
Bioplastic,1353,High,1,0.947,6.765,7,0.0006999260901699926,7.053
Ceramic,504,Low,1,0.605,2.52,5,0.0012003968253968254,5.395
Metal,823,Low,1,1.481,4.115,5,0.00179951397326853,4.519
Ceramic,1647,High,1,1.976,8.235,5,0.0011997571341833637,4.024
Ceramic,513,Medium,1,0.616,2.565,5,0.0012007797270955165,5.384
Plastic,1028,Medium,1,2.159,5.14,2,0.0021001945525291827,0.8410000000000002
Bioplastic,771,Low,1,0.54,3.855,7,0.0007003891050583658,7.46
Ceramic,1923,Low,1,2.308,9.615,5,0.0012002080083203326,3.692
Glass,835,Low,1,1.252,4.175,6,0.0014994011976047904,5.748
Paper,1837,High,1,1.653,9.185,9,0.0008998366902558519,8.347
Metal,1452,Low,1,2.614,7.26,5,0.0018002754820936639,3.386
Metal,1803,Medium,1,3.245,9.015,5,0.0017997781475318914,2.755
Glass,943,Low,1,1.415,4.715,6,0.0015005302226935313,5.585
Paper,506,Low,0,0.455,2.53,9,0.0008992094861660079,8.545
Bioplastic,321,Medium,1,0.225,1.605,7,0.0007009345794392524,7.775
Ceramic,1698,Low,0,2.038,8.49,5,0.0012002355712603062,2.962
Metal,1945,Medium,1,3.501,9.725,5,0.0018,2.499
Metal,454,Low,1,0.817,2.27,5,0.0017995594713656386,5.183
Metal,508,Medium,1,0.914,2.54,5,0.0017992125984251969,5.086
Plastic,1899,Medium,1,3.988,9.495,2,0.0021000526592943655,-0.988
Bioplastic,181,High,1,0.127,0.905,7,0.000701657458563536,7.873
Ceramic,161,Low,1,0.193,0.805,5,0.0011987577639751552,5.807
Bioplastic,614,High,1,0.43,3.07,7,0.0007003257328990228,7.57
Paper,1660,High,1,1.494,8.3,9,0.0009,8.506
Glass,1794,Medium,1,2.691,8.97,6,0.0014999999999999998,4.309
Ceramic,1890,Low,1,2.268,9.45,5,0.0012,3.732
Bioplastic,681,Low,1,0.477,3.405,7,0.0007004405286343612,7.523
Ceramic,647,Medium,0,0.776,3.235,5,0.0011993817619783617,4.224
Bioplastic,1646,Low,1,1.152,8.23,7,0.0006998784933171324,6.848
Plastic,757,Low,1,1.59,3.785,2,0.0021003963011889037,1.41
Plastic,1520,Medium,0,3.192,7.6,2,0.0021000000000000003,-1.1920000000000002
Metal,1876,Low,1,3.377,9.38,5,0.0018001066098081021,2.623
Plastic,404,Medium,1,0.848,2.02,2,0.002099009900990099,2.152
Paper,573,Medium,1,0.516,2.865,9,0.0009005235602094241,9.484
Ceramic,888,Medium,1,1.066,4.44,5,0.0012004504504504504,4.934
Plastic,761,Medium,1,1.598,3.805,2,0.002099868593955322,1.402
Paper,362,Medium,1,0.326,1.81,9,0.0009005524861878453,9.674
Metal,1557,Low,1,2.803,7.785,5,0.001800256904303147,3.197
Metal,148,Low,1,0.266,0.74,5,0.0017972972972972975,5.734
Glass,189,Low,1,0.283,0.945,6,0.0014973544973544972,6.717
Ceramic,1160,Low,0,1.392,5.8,5,0.0012,3.608
Paper,1453,Medium,1,1.308,7.265,9,0.0009002064693737096,8.692
Paper,1919,Medium,1,1.727,9.595,9,0.0008999478895257947,8.273
Ceramic,723,Low,0,0.868,3.615,5,0.0012005532503457815,4.132
Glass,537,High,1,0.805,2.685,6,0.0014990689013035382,6.195
Glass,706,Low,1,1.059,3.53,6,0.0014999999999999998,5.941
Ceramic,473,Medium,1,0.568,2.365,5,0.001200845665961945,5.432
Metal,214,Medium,0,0.385,1.07,5,0.0017990654205607478,4.615
Glass,991,Low,1,1.486,4.955,6,0.0014994954591321897,5.514
Metal,806,Low,1,1.451,4.03,5,0.0018002481389578166,4.5489999999999995
Metal,1736,Low,1,3.125,8.68,5,0.001800115207373272,2.875
Paper,873,Medium,1,0.786,4.365,9,0.0009003436426116839,9.214
Paper,968,Low,1,0.871,4.84,9,0.0008997933884297521,9.129
Metal,561,Medium,1,1.01,2.805,5,0.0018003565062388591,4.99
Glass,1208,High,1,1.812,6.04,6,0.0015,5.188
Glass,1393,Medium,1,2.09,6.965,6,0.001500358937544867,4.91
Metal,503,Low,1,0.905,2.515,5,0.0017992047713717694,5.095
Bioplastic,1404,Low,1,0.983,7.02,7,0.0007001424501424502,7.017
Metal,1232,Medium,1,2.218,6.16,5,0.0018003246753246754,3.782
Glass,803,Low,1,1.204,4.015,6,0.0014993773349937733,5.796
Ceramic,1822,Medium,1,2.186,9.11,5,0.001199780461031833,3.814
Bioplastic,951,Low,1,0.666,4.755,7,0.0007003154574132493,7.334
Bioplastic,1237,High,1,0.866,6.185,7,0.0007000808407437348,7.134
Plastic,1312,Medium,1,2.755,6.56,2,0.00209984756097561,0.2450000000000001
Ceramic,711,Low,1,0.853,3.555,5,0.00119971870604782,5.147
Ceramic,1647,Medium,1,1.976,8.235,5,0.0011997571341833637,4.024
Metal,1564,Low,0,2.815,7.82,5,0.0017998721227621482,2.185
Plastic,123,Medium,1,0.258,0.615,2,0.0020975609756097562,2.742
Paper,1393,Low,1,1.254,6.965,9,0.0009002153625269203,8.746
Plastic,348,Medium,1,0.731,1.74,2,0.002100574712643678,2.269
Paper,1731,Low,0,1.558,8.655,9,0.0009000577700751011,7.442
Paper,474,Medium,1,0.427,2.37,9,0.0009008438818565401,9.573
Ceramic,294,Low,1,0.353,1.47,5,0.0012006802721088435,5.647
Plastic,1250,Low,1,2.625,6.25,2,0.0021,0.375
Glass,292,High,1,0.438,1.46,6,0.0015,6.562
Metal,269,High,1,0.484,1.345,5,0.0017992565055762082,5.516
Glass,300,Low,1,0.45,1.5,6,0.0015,6.55
Bioplastic,1119,High,1,0.783,5.595,7,0.0006997319034852547,7.217
Metal,187,Medium,0,0.337,0.935,5,0.0018021390374331552,4.663
Bioplastic,509,Medium,1,0.356,2.545,7,0.0006994106090373281,7.644
Metal,1089,Low,1,1.96,5.445,5,0.0017998163452708907,4.04
Plastic,788,High,0,1.655,3.94,2,0.002100253807106599,0.345
Bioplastic,1953,Medium,1,1.367,9.765,7,0.0006999487967229902,6.633
Metal,1784,Low,1,3.211,8.92,5,0.0017998878923766815,2.789
Paper,1092,Low,1,0.983,5.46,9,0.0009001831501831501,9.017
Glass,946,High,1,1.419,4.73,6,0.0015,5.5809999999999995
Plastic,429,Medium,1,0.901,2.145,2,0.0021002331002331004,2.099
Metal,944,Medium,1,1.699,4.72,5,0.0017997881355932203,4.301
Metal,258,Low,1,0.464,1.29,5,0.0017984496124031008,5.536
Paper,1700,High,1,1.53,8.5,9,0.0009,8.47
Bioplastic,880,Low,1,0.616,4.4,7,0.0007,7.384
Bioplastic,915,Medium,1,0.64,4.575,7,0.0006994535519125683,7.36
Metal,389,Low,1,0.7,1.945,5,0.0017994858611825191,5.3
Metal,1665,Low,0,2.997,8.325,5,0.0018,2.003
Bioplastic,1940,High,1,1.358,9.7,7,0.0007000000000000001,6.6419999999999995
Glass,306,Low,0,0.459,1.53,6,0.0015,5.541
Metal,1412,High,0,2.542,7.06,5,0.00180028328611898,2.458
Bioplastic,227,Medium,1,0.159,1.135,7,0.0007004405286343612,7.841
Ceramic,400,Low,0,0.48,2.0,5,0.0012,4.52
Plastic,1529,Low,1,3.211,7.645,2,0.0021000654022236757,-0.21099999999999985
Bioplastic,391,Low,1,0.274,1.955,7,0.00070076726342711,7.726
Plastic,583,Medium,1,1.224,2.915,2,0.0020994854202401373,1.776
Bioplastic,398,Low,0,0.279,1.99,7,0.0007010050251256282,6.721
Glass,1449,Medium,1,2.174,7.245,6,0.0015003450655624569,4.8260000000000005
Bioplastic,284,Medium,1,0.199,1.42,7,0.0007007042253521127,7.801
Bioplastic,974,Low,1,0.682,4.87,7,0.0007002053388090349,7.318
Bioplastic,1595,Medium,1,1.117,7.975,7,0.0007003134796238244,6.883
Ceramic,845,Medium,1,1.014,4.225,5,0.0012000000000000001,4.986
Plastic,1730,Medium,1,3.633,8.65,2,0.0021,-0.633
Ceramic,888,Medium,1,1.066,4.44,5,0.0012004504504504504,4.934
Metal,365,Low,1,0.657,1.825,5,0.0018000000000000002,5.343
Plastic,643,Medium,1,1.35,3.215,2,0.002099533437013997,1.65
Metal,1121,Low,1,2.018,5.605,5,0.0018001784121320248,3.982
Bioplastic,321,Low,1,0.225,1.605,7,0.0007009345794392524,7.775
Glass,1619,Low,1,2.429,8.095,6,0.0015003088326127239,4.571
Paper,610,High,1,0.549,3.05,9,0.0009000000000000001,9.451
Ceramic,1099,High,1,1.319,5.495,5,0.001200181983621474,4.681
Ceramic,1853,Low,1,2.224,9.265,5,0.0012002158661629792,3.776
Paper,744,Medium,0,0.67,3.72,9,0.0009005376344086022,8.33
Paper,924,High,1,0.832,4.62,9,0.0009004329004329004,9.168
Metal,1197,Low,1,2.155,5.985,5,0.0018003341687552212,3.845
Ceramic,1978,Low,1,2.374,9.89,5,0.0012002022244691607,3.626
Bioplastic,578,Medium,0,0.405,2.89,7,0.0007006920415224914,6.595
Glass,917,Medium,1,1.375,4.585,6,0.0014994547437295529,5.625
Bioplastic,1019,Low,1,0.713,5.095,7,0.0006997055937193326,7.287
Bioplastic,1092,Low,0,0.764,5.46,7,0.0006996336996336997,6.236
Paper,854,Medium,1,0.769,4.27,9,0.0009004683840749414,9.231
Bioplastic,1963,Medium,1,1.374,9.815,7,0.0006999490575649517,6.6259999999999994
Glass,106,Low,1,0.159,0.53,6,0.0015,6.841
Plastic,559,Low,1,1.174,2.795,2,0.002100178890876565,1.826
Glass,245,High,0,0.367,1.225,6,0.0014979591836734693,5.633
Glass,358,Low,0,0.537,1.79,6,0.0015,5.463
Bioplastic,1685,Medium,1,1.179,8.425,7,0.0006997032640949555,6.821
Plastic,154,Low,1,0.323,0.77,2,0.0020974025974025974,2.677
Bioplastic,1514,Medium,1,1.06,7.57,7,0.0007001321003963012,6.9399999999999995
Paper,1686,Medium,1,1.517,8.43,9,0.0008997627520759193,8.483
Paper,940,Medium,1,0.846,4.7,9,0.0009,9.154
Glass,1148,High,1,1.722,5.74,6,0.0015,5.2780000000000005
Paper,1026,Low,1,0.923,5.13,9,0.0008996101364522418,9.077
Glass,598,Medium,1,0.897,2.99,6,0.0015,6.103
Bioplastic,1916,Low,1,1.341,9.58,7,0.0006998956158663883,6.659
Paper,1827,Low,1,1.644,9.135,9,0.0008998357963875205,8.356
Metal,1338,Medium,1,2.408,6.69,5,0.0017997010463378176,3.592
Paper,270,High,0,0.243,1.35,9,0.0009,8.757
Plastic,456,Low,1,0.958,2.28,2,0.002100877192982456,2.042
Metal,522,Medium,1,0.94,2.61,5,0.0018007662835249042,5.0600000000000005
Plastic,1667,Low,1,3.501,8.335,2,0.0021001799640071985,-0.5009999999999999
Paper,445,High,1,0.401,2.225,9,0.000901123595505618,9.599
Ceramic,1017,Medium,0,1.22,5.085,5,0.00119960668633235,3.7800000000000002
Paper,139,Low,1,0.125,0.695,9,0.0008992805755395684,9.875
Paper,452,High,1,0.407,2.26,9,0.0009004424778761061,9.593
Metal,390,Medium,1,0.702,1.95,5,0.0018,5.298
Ceramic,415,Medium,1,0.498,2.075,5,0.0012,5.502
Plastic,700,High,0,1.47,3.5,2,0.0021,0.53
Metal,1423,Medium,1,2.561,7.115,5,0.0017997189037245256,3.439
Glass,1670,Low,1,2.505,8.35,6,0.0015,4.495
Bioplastic,360,Low,1,0.252,1.8,7,0.0007,7.748
Plastic,1094,Medium,1,2.297,5.47,2,0.00209963436928702,0.7029999999999998
Plastic,1841,Low,1,3.866,9.205,2,0.0020999456816947312,-0.8660000000000001
Ceramic,1265,Low,1,1.518,6.325,5,0.0012000000000000001,4.482
Metal,522,Medium,1,0.94,2.61,5,0.0018007662835249042,5.0600000000000005
Glass,740,Medium,1,1.11,3.7,6,0.0015,5.89
Ceramic,1558,Medium,0,1.87,7.79,5,0.0012002567394094994,3.13
Ceramic,345,Medium,1,0.414,1.725,5,0.0012,5.586
Paper,554,Low,1,0.499,2.77,9,0.0009007220216606498,9.501
Glass,657,Low,1,0.986,3.285,6,0.0015007610350076103,6.014
Bioplastic,616,Low,0,0.431,3.08,7,0.0006996753246753247,6.569
Bioplastic,1281,High,1,0.897,6.405,7,0.0007002341920374708,7.103
Plastic,360,High,1,0.756,1.8,2,0.0021,2.2439999999999998
Bioplastic,1194,Medium,1,0.836,5.97,7,0.0007001675041876047,7.164
Plastic,416,Medium,1,0.874,2.08,2,0.0021009615384615385,2.126
Ceramic,189,Low,1,0.227,0.945,5,0.0012010582010582012,5.773
Plastic,1579,Low,1,3.316,7.895,2,0.0021000633312222923,-0.31599999999999984
Bioplastic,1095,Medium,1,0.766,5.475,7,0.0006995433789954338,7.234
Glass,1314,Low,1,1.971,6.57,6,0.0015,5.029
Plastic,190,Medium,1,0.399,0.95,2,0.0021000000000000003,2.601
Ceramic,1113,High,1,1.336,5.565,5,0.0012003593890386344,4.664
Glass,1738,Low,1,2.607,8.69,6,0.0015,4.393
Plastic,1755,Medium,1,3.686,8.775,2,0.0021002849002849005,-0.6859999999999999
Plastic,223,High,1,0.468,1.115,2,0.0020986547085201793,2.532
Paper,386,Low,1,0.347,1.93,9,0.0008989637305699481,9.653
Ceramic,1203,Low,1,1.444,6.015,5,0.0012003325020781379,4.556
Metal,482,Medium,1,0.868,2.41,5,0.0018008298755186722,5.132
Bioplastic,1916,Medium,0,1.341,9.58,7,0.0006998956158663883,5.659
Ceramic,772,Medium,1,0.926,3.86,5,0.0011994818652849742,5.074
Plastic,198,Low,1,0.416,0.99,2,0.002101010101010101,2.584
Plastic,455,Low,1,0.956,2.275,2,0.002101098901098901,2.044
Bioplastic,1433,Medium,1,1.003,7.165,7,0.0006999302163293789,6.997
Glass,616,Medium,1,0.924,3.08,6,0.0015,6.076
Paper,1476,Medium,1,1.328,7.38,9,0.000899728997289973,8.672
Metal,1285,High,1,2.313,6.425,5,0.0018000000000000002,3.687
Ceramic,329,Medium,1,0.395,1.645,5,0.0012006079027355623,5.605
Bioplastic,1016,High,1,0.711,5.08,7,0.0006998031496062992,7.289
Ceramic,1145,Medium,1,1.374,5.725,5,0.0012000000000000001,4.6259999999999994
Glass,626,Low,1,0.939,3.13,6,0.0014999999999999998,6.061
Plastic,462,High,1,0.97,2.31,2,0.0020995670995670995,2.0300000000000002
Paper,1411,Medium,1,1.27,7.055,9,0.0009000708717221828,8.73
Bioplastic,710,Medium,0,0.497,3.55,7,0.0007,6.503
Plastic,1572,High,1,3.301,7.86,2,0.0020998727735368956,-0.30100000000000016
Glass,1769,Medium,1,2.654,8.845,6,0.0015002826455624645,4.346
Glass,1072,Medium,1,1.608,5.36,6,0.0015,5.3919999999999995
Metal,1062,Medium,0,1.912,5.31,5,0.001800376647834275,3.088
Ceramic,1072,High,1,1.286,5.36,5,0.0011996268656716419,4.714
Plastic,1335,High,1,2.804,6.675,2,0.002100374531835206,0.19600000000000017
Metal,597,Low,1,1.075,2.985,5,0.0018006700167504186,4.925
Glass,410,Medium,0,0.615,2.05,6,0.0015,5.385
Metal,193,High,0,0.347,0.965,5,0.0017979274611398962,4.6530000000000005
Metal,1699,Low,1,3.058,8.495,5,0.0017998822836962918,2.942
Bioplastic,1541,Medium,1,1.079,7.705,7,0.000700194678780013,6.921
Glass,1757,Medium,1,2.635,8.785,6,0.0014997154240182127,4.365
Plastic,790,Low,0,1.659,3.95,2,0.0021,0.34099999999999997
Metal,1215,High,1,2.187,6.075,5,0.0018,3.813
Metal,198,Low,1,0.356,0.99,5,0.0017979797979797978,5.644
Metal,1938,High,1,3.488,9.69,5,0.0017997936016511868,2.512
Paper,1492,Medium,1,1.343,7.46,9,0.0009001340482573726,8.657
Glass,382,Medium,1,0.573,1.91,6,0.0014999999999999998,6.427
Paper,1077,High,1,0.969,5.385,9,0.0008997214484679666,9.031
Paper,1252,Low,1,1.127,6.26,9,0.0009001597444089457,8.873
Plastic,943,Low,1,1.98,4.715,2,0.0020996818663838812,1.02
Metal,595,High,1,1.071,2.975,5,0.0018,4.929
Glass,758,Low,1,1.137,3.79,6,0.0015,5.8629999999999995
Paper,917,High,1,0.825,4.585,9,0.0008996728462377317,9.175
Bioplastic,551,High,1,0.386,2.755,7,0.0007005444646098004,7.614
Ceramic,1067,Low,0,1.28,5.335,5,0.0011996251171508903,3.7199999999999998
Metal,1045,Low,1,1.881,5.225,5,0.0018,4.119
Metal,653,Low,0,1.175,3.265,5,0.0017993874425727412,3.825
Glass,1655,Medium,1,2.482,8.275,6,0.0014996978851963747,4.518
Bioplastic,1195,High,1,0.837,5.975,7,0.0007004184100418409,7.163
Plastic,1616,High,0,3.394,8.08,2,0.0021002475247524754,-1.3940000000000001
Plastic,1356,High,0,2.848,6.78,2,0.0021002949852507373,-0.8479999999999999
Ceramic,1817,High,1,2.18,9.085,5,0.0011997798569069896,3.82
Bioplastic,1272,Low,0,0.89,6.36,7,0.000699685534591195,6.11
Metal,701,High,0,1.262,3.505,5,0.0018002853067047076,3.738
Metal,1176,High,1,2.117,5.88,5,0.0018001700680272108,3.883
Metal,1123,High,1,2.021,5.615,5,0.0017996438112199465,3.979
Paper,559,Low,1,0.503,2.795,9,0.0008998211091234347,9.497
Ceramic,1942,Low,1,2.33,9.71,5,0.001199794026776519,3.67
Bioplastic,939,Low,1,0.657,4.695,7,0.0006996805111821086,7.343
Bioplastic,796,Medium,1,0.557,3.98,7,0.000699748743718593,7.443
Ceramic,1435,Low,1,1.722,7.175,5,0.0012,4.2780000000000005
Metal,227,Medium,1,0.409,1.135,5,0.0018017621145374448,5.591
Metal,1620,High,1,2.916,8.1,5,0.0018,3.084
Metal,1456,Medium,1,2.621,7.28,5,0.0018001373626373627,3.379
Plastic,727,Medium,1,1.527,3.635,2,0.0021004126547455293,1.473
Metal,1751,High,1,3.152,8.755,5,0.0018001142204454599,2.848
Plastic,1827,Medium,0,3.837,9.135,2,0.0021001642036124796,-1.8370000000000002
Paper,1667,Low,0,1.5,8.335,9,0.0008998200359928015,7.5
Metal,1264,Low,1,2.275,6.32,5,0.0017998417721518986,3.725
Bioplastic,1876,Low,1,1.313,9.38,7,0.0006998933901918976,6.687
Plastic,487,Low,1,1.023,2.435,2,0.0021006160164271045,1.977
Metal,1189,High,1,2.14,5.945,5,0.0017998317914213627,3.86
Ceramic,1871,Low,1,2.245,9.355,5,0.0011998931052912881,3.755
Plastic,1619,Medium,1,3.4,8.095,2,0.0021000617665225445,-0.3999999999999999
Ceramic,1145,Medium,1,1.374,5.725,5,0.0012000000000000001,4.6259999999999994
Bioplastic,1217,Medium,1,0.852,6.085,7,0.0007000821692686934,7.148
Ceramic,1313,Medium,1,1.576,6.565,5,0.0012003046458492004,4.4239999999999995
Glass,1756,Medium,0,2.634,8.78,6,0.0015,3.366
Bioplastic,302,Medium,1,0.211,1.51,7,0.0006986754966887417,7.789
Glass,150,Medium,1,0.225,0.75,6,0.0015,6.775
Plastic,1304,Medium,1,2.738,6.52,2,0.0020996932515337423,0.262
Plastic,1014,Low,1,2.129,5.07,2,0.0020996055226824455,0.871
Bioplastic,1446,Low,1,1.012,7.23,7,0.0006998616874135547,6.9879999999999995
Glass,990,Medium,1,1.485,4.95,6,0.0015,5.515
Bioplastic,1276,Medium,1,0.893,6.38,7,0.0006998432601880878,7.107
Ceramic,1061,Medium,1,1.273,5.305,5,0.0011998114985862394,4.727
Plastic,1647,High,1,3.459,8.235,2,0.002100182149362477,-0.4590000000000001
Metal,166,Medium,1,0.299,0.83,5,0.0018012048192771084,5.701
Ceramic,1160,High,1,1.392,5.8,5,0.0012,4.6080000000000005
Glass,1847,Low,1,2.771,9.235,6,0.0015002707092582567,4.229
Plastic,1584,High,1,3.326,7.92,2,0.0020997474747474747,-0.32600000000000007
Ceramic,860,Low,1,1.032,4.3,5,0.0012000000000000001,4.968
Paper,231,High,1,0.208,1.155,9,0.0009004329004329004,9.792
Metal,810,Medium,1,1.458,4.05,5,0.0018,4.542
Bioplastic,1015,Medium,1,0.711,5.075,7,0.0007004926108374384,7.289
Bioplastic,1091,Low,1,0.764,5.455,7,0.0007002749770852429,7.236
Bioplastic,248,Medium,1,0.174,1.24,7,0.0007016129032258064,7.826
Paper,384,Medium,1,0.346,1.92,9,0.0009010416666666666,9.654
Paper,1001,High,1,0.901,5.005,9,0.0009000999000999001,9.099
Bioplastic,136,Medium,1,0.095,0.68,7,0.0006985294117647059,7.905
Glass,684,Medium,1,1.026,3.42,6,0.0015,5.974
Ceramic,1577,Low,1,1.892,7.885,5,0.0011997463538363981,4.1080000000000005
Metal,1605,Low,1,2.889,8.025,5,0.0018,3.111
Paper,1386,High,1,1.247,6.93,9,0.0008997113997113998,8.753
Plastic,377,High,1,0.792,1.885,2,0.00210079575596817,2.208
Bioplastic,284,Low,1,0.199,1.42,7,0.0007007042253521127,7.801
Plastic,207,Low,1,0.435,1.035,2,0.002101449275362319,2.565
Paper,1996,High,1,1.796,9.98,9,0.0008997995991983968,8.204
Metal,424,Low,0,0.763,2.12,5,0.0017995283018867926,4.237
Paper,229,Medium,1,0.206,1.145,9,0.0008995633187772926,9.794
Glass,963,High,1,1.444,4.815,6,0.0014994807892004154,5.556
Bioplastic,1099,Low,1,0.769,5.495,7,0.0006997270245677889,7.231
Bioplastic,631,Medium,1,0.442,3.155,7,0.0007004754358161648,7.558
Paper,436,Medium,1,0.392,2.18,9,0.0008990825688073395,9.608
Paper,1409,Low,1,1.268,7.045,9,0.0008999290276792051,8.732
Bioplastic,1022,Medium,0,0.715,5.11,7,0.0006996086105675146,6.285
Bioplastic,800,Low,0,0.56,4.0,7,0.0007000000000000001,6.4399999999999995
Ceramic,1595,Low,0,1.914,7.975,5,0.0012,3.0860000000000003
Glass,219,Medium,1,0.329,1.095,6,0.001502283105022831,6.671
Bioplastic,443,Low,1,0.31,2.215,7,0.0006997742663656885,7.69
Ceramic,1036,Low,1,1.243,5.18,5,0.00119980694980695,4.757
Metal,1802,Low,1,3.244,9.01,5,0.001800221975582686,2.756
Plastic,1914,Low,1,4.019,9.57,2,0.002099791013584117,-1.0190000000000001
Paper,503,Low,1,0.453,2.515,9,0.000900596421471173,9.547
Paper,135,High,1,0.121,0.675,9,0.0008962962962962963,9.879
Glass,1537,Low,1,2.305,7.685,6,0.0014996746909564087,4.695
Metal,1281,Medium,1,2.306,6.405,5,0.0018001561280249806,3.694
Paper,1042,High,1,0.938,5.21,9,0.0009001919385796545,9.062
Paper,1293,Medium,1,1.164,6.465,9,0.0009002320185614849,8.836
Plastic,1658,Medium,1,3.482,8.29,2,0.0021001206272617612,-0.4820000000000002
Paper,1259,High,1,1.133,6.295,9,0.0008999205718824464,8.867
Plastic,1141,Medium,0,2.396,5.705,2,0.002099912357581069,-0.3959999999999999
Plastic,511,Medium,1,1.073,2.555,2,0.0020998043052837573,1.927
Plastic,184,Low,1,0.386,0.92,2,0.002097826086956522,2.614
Plastic,1515,High,1,3.182,7.575,2,0.0021003300330033003,-0.18199999999999994
Paper,332,Low,1,0.299,1.66,9,0.0009006024096385542,9.701
Paper,827,Medium,1,0.744,4.135,9,0.0008996372430471584,9.256
Glass,1232,Low,1,1.848,6.16,6,0.0015,5.152
Plastic,1741,Medium,1,3.656,8.705,2,0.002099942561746123,-0.6560000000000001
Ceramic,1188,Medium,1,1.426,5.94,5,0.0012003367003367003,4.574
Paper,991,Medium,0,0.892,4.955,9,0.0009001009081735621,8.108
Bioplastic,750,High,1,0.525,3.75,7,0.0007,7.475
Ceramic,1314,High,1,1.577,6.57,5,0.001200152207001522,4.423
Metal,1973,Low,1,3.551,9.865,5,0.0017997972630511912,2.449
Ceramic,625,Low,1,0.75,3.125,5,0.0012,5.25
Ceramic,592,Medium,1,0.71,2.96,5,0.0011993243243243242,5.29
Bioplastic,248,Medium,1,0.174,1.24,7,0.0007016129032258064,7.826
Metal,1761,Low,0,3.17,8.805,5,0.0018001135718341851,1.83
Ceramic,1359,Medium,1,1.631,6.795,5,0.0012001471670345842,4.369
Ceramic,1698,High,1,2.038,8.49,5,0.0012002355712603062,3.962
Glass,745,Low,0,1.117,3.725,6,0.0014993288590604028,4.883
Ceramic,634,Low,1,0.761,3.17,5,0.0012003154574132492,5.239
Glass,1680,High,1,2.52,8.4,6,0.0015,4.48
Ceramic,922,High,1,1.106,4.61,5,0.0011995661605206074,4.894
Paper,1970,Medium,1,1.773,9.85,9,0.0009,8.227
Plastic,1386,Low,1,2.911,6.93,2,0.0021002886002886,0.08899999999999997
Ceramic,1119,Medium,1,1.343,5.595,5,0.0012001787310098302,4.657
Paper,1833,Low,1,1.65,9.165,9,0.0009001636661211129,8.35
Glass,1167,Low,1,1.75,5.835,6,0.0014995715509854327,5.25
Plastic,782,Medium,1,1.642,3.91,2,0.0020997442455242964,1.358
Ceramic,736,Low,0,0.883,3.68,5,0.0011997282608695653,4.117
Plastic,1447,Medium,0,3.039,7.235,2,0.002100207325501037,-1.0390000000000001
Glass,1484,High,1,2.226,7.42,6,0.0015,4.774
Metal,132,Medium,1,0.238,0.66,5,0.0018030303030303028,5.7620000000000005
Ceramic,720,High,1,0.864,3.6,5,0.0012,5.136
Paper,159,Medium,1,0.143,0.795,9,0.0008993710691823899,9.857
Paper,766,Low,1,0.689,3.83,9,0.0008994778067885116,9.311
Ceramic,1243,Low,1,1.492,6.215,5,0.0012003218020917136,4.508
Plastic,461,Medium,0,0.968,2.305,2,0.0020997830802603036,1.032
Metal,645,High,1,1.161,3.225,5,0.0018,4.839
Glass,1860,High,1,2.79,9.3,6,0.0015,4.21
Paper,1426,Low,1,1.283,7.13,9,0.000899719495091164,8.717
Metal,588,Medium,0,1.058,2.94,5,0.0017993197278911566,3.942
Metal,1606,High,1,2.891,8.03,5,0.0018001245330012453,3.109
Bioplastic,1579,Medium,1,1.105,7.895,7,0.0006998100063331222,6.895
Glass,502,Medium,1,0.753,2.51,6,0.0015,6.247
Ceramic,1051,High,0,1.261,5.255,5,0.0011998097050428163,3.739
Plastic,1935,Low,1,4.064,9.675,2,0.0021002583979328167,-1.064
Metal,967,Medium,1,1.741,4.835,5,0.001800413650465357,4.259
Paper,1419,Low,1,1.277,7.095,9,0.0008999295278365045,8.723
Bioplastic,1311,Medium,1,0.918,6.555,7,0.0007002288329519452,7.082
Ceramic,584,Medium,1,0.701,2.92,5,0.0012003424657534246,5.299
Paper,392,Low,1,0.353,1.96,9,0.0009005102040816327,9.647
Bioplastic,1322,Medium,0,0.925,6.61,7,0.0006996974281391831,6.075
Metal,343,Low,0,0.617,1.715,5,0.0017988338192419825,4.383
Plastic,1034,Medium,1,2.171,5.17,2,0.002099613152804642,0.8290000000000002
Glass,1124,Low,1,1.686,5.62,6,0.0015,5.314
Plastic,1046,Medium,1,2.197,5.23,2,0.00210038240917782,0.8029999999999999
Bioplastic,380,Medium,0,0.266,1.9,7,0.0007,6.734
Bioplastic,1562,Low,1,1.093,7.81,7,0.0006997439180537772,6.907
Ceramic,1555,Medium,1,1.866,7.775,5,0.0012000000000000001,4.134
Glass,873,Medium,0,1.31,4.365,6,0.0015005727376861398,4.6899999999999995
Paper,1587,High,1,1.428,7.935,9,0.0008998109640831757,8.572
Bioplastic,1103,Medium,0,0.772,5.515,7,0.000699909338168631,6.228
Plastic,393,Low,0,0.825,1.965,2,0.0020992366412213737,1.175
Glass,1204,Medium,1,1.806,6.02,6,0.0015,5.194
Bioplastic,105,High,0,0.073,0.525,7,0.0006952380952380952,6.927
Ceramic,350,High,1,0.42,1.75,5,0.0012,5.58
Ceramic,1388,High,1,1.666,6.94,5,0.0012002881844380402,4.334
Bioplastic,492,Medium,1,0.344,2.46,7,0.0006991869918699186,7.656
Metal,1728,Low,1,3.11,8.64,5,0.0017997685185185185,2.89
Bioplastic,568,Low,1,0.398,2.84,7,0.0007007042253521127,7.602
Bioplastic,1121,High,1,0.785,5.605,7,0.0007002676181980375,7.215
Metal,632,Medium,1,1.138,3.16,5,0.0018006329113924048,4.862
Metal,1066,Low,0,1.919,5.33,5,0.001800187617260788,3.081
Plastic,275,Low,1,0.578,1.375,2,0.0021018181818181817,2.422
Metal,1511,Medium,1,2.72,7.555,5,0.0018001323626737262,3.28
Glass,1075,Low,1,1.613,5.375,6,0.0015004651162790698,5.3870000000000005
Glass,1439,Low,0,2.159,7.195,6,0.0015003474635163308,3.841
Glass,156,High,0,0.234,0.78,6,0.0015,5.766
Paper,1309,Low,1,1.178,6.545,9,0.0008999236058059587,8.822
Ceramic,503,Low,1,0.604,2.515,5,0.0012007952286282307,5.396
Glass,1459,Medium,1,2.188,7.295,6,0.0014996572995202196,4.811999999999999
Bioplastic,1992,Low,1,1.394,9.96,7,0.0006997991967871485,6.606
Bioplastic,680,High,1,0.476,3.4,7,0.0007,7.524
Ceramic,1142,Low,1,1.37,5.71,5,0.0011996497373029772,4.63
Glass,1360,Medium,0,2.04,6.8,6,0.0015,3.96
Bioplastic,986,Medium,1,0.69,4.93,7,0.0006997971602434077,7.3100000000000005
Plastic,713,Medium,1,1.497,3.565,2,0.0020995792426367465,1.503
Paper,1891,Low,1,1.702,9.455,9,0.0009000528820729772,8.298
Glass,433,Medium,0,0.649,2.165,6,0.0014988452655889145,5.351
Metal,1014,Low,0,1.825,5.07,5,0.0017998027613412228,3.175
Bioplastic,1895,High,1,1.327,9.475,7,0.0007002638522427441,6.673
Metal,339,Medium,1,0.61,1.695,5,0.0017994100294985251,5.39
Glass,386,High,1,0.579,1.93,6,0.0014999999999999998,6.421
Bioplastic,1926,Low,0,1.348,9.63,7,0.0006998961578400831,5.652
Plastic,554,Medium,1,1.163,2.77,2,0.00209927797833935,1.837
Paper,1831,High,1,1.648,9.155,9,0.0009000546149645002,8.352
Plastic,598,Medium,0,1.256,2.99,2,0.0021003344481605353,0.744
Plastic,1967,Low,1,4.131,9.835,2,0.0021001525165226234,-1.1310000000000002
Plastic,587,Low,1,1.233,2.935,2,0.0021005110732538333,1.767
Plastic,657,High,1,1.38,3.285,2,0.002100456621004566,1.62
Plastic,1298,Medium,1,2.726,6.49,2,0.0021001540832049307,0.274
Paper,1135,Medium,1,1.022,5.675,9,0.0009004405286343613,8.978
Metal,780,Low,1,1.404,3.9,5,0.0018,4.596
Plastic,714,Low,1,1.499,3.57,2,0.0020994397759103644,1.501
Metal,920,Low,1,1.656,4.6,5,0.0018,4.344
Glass,1600,Low,1,2.4,8.0,6,0.0015,4.6
Bioplastic,1440,Medium,1,1.008,7.2,7,0.0007,6.992
Glass,1889,High,1,2.833,9.445,6,0.0014997353096876656,4.167
Metal,631,Low,1,1.136,3.155,5,0.0018003169572107763,4.864
Bioplastic,1588,Low,0,1.112,7.94,7,0.0007002518891687658,5.888
Metal,1085,High,1,1.953,5.425,5,0.0018000000000000002,4.047
Ceramic,870,Low,1,1.044,4.35,5,0.0012000000000000001,4.9559999999999995
Metal,935,Medium,1,1.683,4.675,5,0.0018,4.317
Ceramic,447,High,1,0.536,2.235,5,0.0011991051454138704,5.464
Ceramic,1277,High,1,1.532,6.385,5,0.0011996867658574785,4.468
Glass,154,Low,1,0.231,0.77,6,0.0015,6.769
Paper,141,Medium,1,0.127,0.705,9,0.0009007092198581561,9.873
Ceramic,1162,High,0,1.394,5.81,5,0.001199655765920826,3.606
Paper,658,Medium,1,0.592,3.29,9,0.0008996960486322188,9.408
Paper,589,Low,1,0.53,2.945,9,0.000899830220713073,9.47
Glass,1601,Low,1,2.401,8.005,6,0.0014996876951905058,4.599
Plastic,187,High,1,0.393,0.935,2,0.0021016042780748665,2.607
Ceramic,1992,Low,0,2.39,9.96,5,0.0011997991967871487,2.61
Bioplastic,1966,Low,1,1.376,9.83,7,0.0006998982706002034,6.6240000000000006
Plastic,1645,High,1,3.454,8.225,2,0.0020996960486322188,-0.4540000000000002
Metal,1631,High,1,2.936,8.155,5,0.001800122624156959,3.064
Ceramic,1636,Low,1,1.963,8.18,5,0.001199877750611247,4.037
Metal,896,Medium,1,1.613,4.48,5,0.0018002232142857143,4.3870000000000005
Plastic,1509,Medium,1,3.169,7.545,2,0.0021000662690523527,-0.16900000000000004
Glass,482,Low,1,0.723,2.41,6,0.0015,6.277
Ceramic,1677,Low,1,2.012,8.385,5,0.0011997614788312463,3.988
Glass,1269,Medium,1,1.903,6.345,6,0.0014996059889676912,5.0969999999999995
Bioplastic,566,Medium,1,0.396,2.83,7,0.0006996466431095407,7.604
Glass,1991,Medium,1,2.986,9.955,6,0.0014997488699146158,4.013999999999999
Bioplastic,590,Low,0,0.413,2.95,7,0.0007,6.587
Ceramic,1243,High,1,1.492,6.215,5,0.0012003218020917136,4.508
Plastic,535,Low,1,1.123,2.675,2,0.0020990654205607475,1.877
Bioplastic,1602,Medium,1,1.121,8.01,7,0.0006997503121098627,6.879
Bioplastic,1219,High,0,0.853,6.095,7,0.0006997538966365874,6.147
Paper,865,Medium,1,0.778,4.325,9,0.0008994219653179191,9.222
Plastic,1210,High,1,2.541,6.05,2,0.0021,0.4590000000000001
Glass,318,High,1,0.477,1.59,6,0.0015,6.523
Metal,290,Low,1,0.522,1.45,5,0.0018000000000000002,5.478
Ceramic,1516,Medium,1,1.819,7.58,5,0.001199868073878628,4.181
Metal,173,Low,0,0.311,0.865,5,0.0017976878612716762,4.689
Plastic,1659,High,1,3.484,8.295,2,0.0021000602772754673,-0.484
Paper,374,Low,0,0.337,1.87,9,0.0009010695187165776,8.663
Paper,162,Medium,1,0.146,0.81,9,0.0009012345679012345,9.854
Paper,1106,Medium,1,0.995,5.53,9,0.0008996383363471971,9.005
Metal,839,Low,1,1.51,4.195,5,0.001799761620977354,4.49
Metal,749,Medium,1,1.348,3.745,5,0.0017997329773030708,4.652
Paper,1293,Medium,1,1.164,6.465,9,0.0009002320185614849,8.836
Metal,1405,Low,1,2.529,7.025,5,0.0018,3.471
Paper,1914,High,1,1.723,9.57,9,0.000900208986415883,8.277
Metal,537,Low,1,0.967,2.685,5,0.0018007448789571694,5.033
Glass,1312,High,1,1.968,6.56,6,0.0015,5.032
Bioplastic,1154,Low,1,0.808,5.77,7,0.0007001733102253034,7.192
Ceramic,957,Low,0,1.148,4.785,5,0.001199582027168234,3.8520000000000003
Paper,211,Medium,0,0.19,1.055,9,0.0009004739336492891,8.81
Bioplastic,842,Low,1,0.589,4.21,7,0.0006995249406175772,7.411
Bioplastic,1470,Low,0,1.029,7.35,7,0.0007,5.971
Plastic,1938,High,1,4.07,9.69,2,0.002100103199174407,-1.0700000000000003
Paper,1886,Medium,1,1.697,9.43,9,0.0008997879109225876,8.303
Paper,1218,High,1,1.096,6.09,9,0.0008998357963875206,8.904
Bioplastic,1061,Medium,0,0.743,5.305,7,0.0007002827521206409,6.257
Glass,257,Low,1,0.386,1.285,6,0.0015019455252918289,6.614
Paper,1734,Medium,0,1.561,8.67,9,0.000900230680507497,7.439
Ceramic,559,Medium,1,0.671,2.795,5,0.0012003577817531307,5.329
Ceramic,850,High,1,1.02,4.25,5,0.0012000000000000001,4.98
Plastic,374,Medium,1,0.785,1.87,2,0.0020989304812834226,2.215
Glass,438,Low,1,0.657,2.19,6,0.0015,6.343
Paper,1487,Low,1,1.338,7.435,9,0.0008997982515131137,8.661999999999999
Plastic,1656,Low,1,3.478,8.28,2,0.00210024154589372,-0.4780000000000002
Ceramic,147,Low,1,0.176,0.735,5,0.0011972789115646258,5.824
Ceramic,1297,High,1,1.556,6.485,5,0.001199691595990748,4.444
Metal,920,Medium,0,1.656,4.6,5,0.0018,3.3440000000000003
Bioplastic,873,Low,1,0.611,4.365,7,0.000699885452462772,7.389
Paper,1091,High,0,0.982,5.455,9,0.0009000916590284143,8.018
Paper,160,Low,1,0.144,0.8,9,0.0009,9.856
Plastic,1144,Medium,1,2.402,5.72,2,0.0020996503496503497,0.5979999999999999
Ceramic,1868,Medium,0,2.242,9.34,5,0.0012002141327623127,2.758
Metal,258,High,1,0.464,1.29,5,0.0017984496124031008,5.536
Plastic,1210,Medium,1,2.541,6.05,2,0.0021,0.4590000000000001
Glass,265,Medium,1,0.398,1.325,6,0.0015018867924528304,6.602
Plastic,1574,Medium,0,3.305,7.87,2,0.002099745870393901,-1.3050000000000002
Bioplastic,1122,Medium,1,0.785,5.61,7,0.0006996434937611408,7.215
Ceramic,129,Low,1,0.155,0.645,5,0.0012015503875968993,5.845
Metal,192,Low,1,0.346,0.96,5,0.0018020833333333333,5.654
Ceramic,1101,Low,1,1.321,5.505,5,0.0011998183469573115,4.679
Ceramic,1053,Low,1,1.264,5.265,5,0.0012003798670465336,4.736
Bioplastic,418,Low,1,0.293,2.09,7,0.000700956937799043,7.707
Metal,513,Medium,0,0.923,2.565,5,0.0017992202729044835,4.077
Paper,1914,Low,1,1.723,9.57,9,0.000900208986415883,8.277
Bioplastic,601,Medium,1,0.421,3.005,7,0.0007004991680532445,7.579
Glass,167,Low,1,0.251,0.835,6,0.0015029940119760479,6.749
Glass,1047,Low,1,1.571,5.235,6,0.0015004775549188156,5.429
Paper,1632,Low,1,1.469,8.16,9,0.0009001225490196079,8.531
Paper,1684,Medium,1,1.516,8.42,9,0.0009002375296912114,8.484
Glass,1804,Low,1,2.706,9.02,6,0.0015,4.2940000000000005
Bioplastic,1593,Low,1,1.115,7.965,7,0.0006999372253609542,6.885
Plastic,874,Medium,0,1.835,4.37,2,0.00209954233409611,0.16500000000000004
Paper,623,High,1,0.561,3.115,9,0.0009004815409309792,9.439
Bioplastic,1633,Low,1,1.143,8.165,7,0.0006999387630128598,6.857
Bioplastic,296,Medium,1,0.207,1.48,7,0.0006993243243243243,7.793
Metal,1885,Medium,1,3.393,9.425,5,0.0018,2.607
Ceramic,510,Medium,0,0.612,2.55,5,0.0012,4.388
Plastic,599,High,1,1.258,2.995,2,0.0021001669449081804,1.742
Paper,870,Low,1,0.783,4.35,9,0.0009000000000000001,9.217
Ceramic,490,Low,0,0.588,2.45,5,0.0012,4.412
Glass,1363,Low,1,2.045,6.815,6,0.0015003668378576669,4.955
Bioplastic,1936,Low,1,1.355,9.68,7,0.000699896694214876,6.645
Plastic,560,Medium,1,1.176,2.8,2,0.0021,1.824
Plastic,1696,Medium,1,3.562,8.48,2,0.002100235849056604,-0.5619999999999998
Glass,140,Low,0,0.21,0.7,6,0.0015,5.79
Paper,347,High,1,0.312,1.735,9,0.000899135446685879,9.688
Plastic,205,High,1,0.43,1.025,2,0.0020975609756097562,2.57
Metal,1014,Medium,1,1.825,5.07,5,0.0017998027613412228,4.175
Metal,185,Low,1,0.333,0.925,5,0.0018000000000000002,5.667
Glass,367,Medium,1,0.55,1.835,6,0.0014986376021798367,6.45
Ceramic,1228,Medium,1,1.474,6.14,5,0.0012003257328990229,4.526
Ceramic,1293,Low,1,1.552,6.465,5,0.00120030935808198,4.448
Plastic,755,Medium,1,1.585,3.775,2,0.002099337748344371,1.415
Metal,800,Low,1,1.44,4.0,5,0.0018,4.5600000000000005
Bioplastic,587,High,1,0.411,2.935,7,0.0007001703577512777,7.589
Metal,227,Medium,1,0.409,1.135,5,0.0018017621145374448,5.591
Bioplastic,1254,Medium,1,0.878,6.27,7,0.0007001594896331739,7.122
Plastic,761,Low,1,1.598,3.805,2,0.002099868593955322,1.402
Plastic,1441,Medium,0,3.026,7.205,2,0.0020999306037473974,-1.0259999999999998
Ceramic,942,Low,1,1.13,4.71,5,0.0011995753715498938,4.87
Plastic,1368,Medium,1,2.873,6.84,2,0.0021001461988304094,0.12699999999999978
Glass,1041,Low,1,1.562,5.205,6,0.001500480307396734,5.438
Glass,1144,Low,1,1.716,5.72,6,0.0015,5.284
Metal,1286,Low,1,2.315,6.43,5,0.0018001555209953342,3.685
Glass,1193,High,1,1.79,5.965,6,0.0015004191114836548,5.21
Bioplastic,1047,Medium,0,0.733,5.235,7,0.0007000955109837631,6.267
Plastic,1774,High,0,3.725,8.87,2,0.0020997745208568208,-1.725
Plastic,159,High,0,0.334,0.795,2,0.0021006289308176103,1.666
Bioplastic,974,Medium,1,0.682,4.87,7,0.0007002053388090349,7.318
Ceramic,442,Low,1,0.53,2.21,5,0.0011990950226244345,5.47
Paper,1774,High,1,1.597,8.87,9,0.0009002254791431793,8.403
Metal,1091,Low,1,1.964,5.455,5,0.0018001833180568286,4.036
Plastic,1763,Medium,1,3.702,8.815,2,0.0020998298355076575,-0.702
Ceramic,1287,Medium,0,1.544,6.435,5,0.0011996891996891997,3.456
Glass,1571,Low,1,2.357,7.855,6,0.0015003182686187143,4.643
Ceramic,1280,Medium,1,1.536,6.4,5,0.0012000000000000001,4.464
Paper,1584,Medium,0,1.426,7.92,9,0.0009002525252525252,7.574
Bioplastic,1607,Low,1,1.125,8.035,7,0.0007000622277535781,6.875
Metal,1176,High,0,2.117,5.88,5,0.0018001700680272108,2.883
Plastic,1004,Medium,0,2.108,5.02,2,0.002099601593625498,-0.1080000000000001
Metal,533,Low,1,0.959,2.665,5,0.0017992495309568479,5.041
Paper,163,High,1,0.147,0.815,9,0.0009018404907975459,9.853
Glass,1954,Medium,1,2.931,9.77,6,0.0015,4.069
Glass,148,Low,1,0.222,0.74,6,0.0015,6.778
Bioplastic,1132,Low,1,0.792,5.66,7,0.0006996466431095407,7.208
Bioplastic,1907,Medium,1,1.335,9.535,7,0.0007000524383848978,6.665
Plastic,837,High,0,1.758,4.185,2,0.002100358422939068,0.242
Ceramic,527,Medium,1,0.632,2.635,5,0.0011992409867172676,5.368
Glass,1439,Low,0,2.159,7.195,6,0.0015003474635163308,3.841
Ceramic,570,Low,0,0.684,2.85,5,0.0012000000000000001,4.316
Ceramic,1756,Medium,1,2.107,8.78,5,0.0011998861047835992,3.893
Metal,1432,Low,1,2.578,7.16,5,0.0018002793296089383,3.422
Bioplastic,1026,Medium,1,0.718,5.13,7,0.0006998050682261208,7.282
Glass,929,Medium,1,1.393,4.645,6,0.0014994617868675996,5.607
Bioplastic,1576,Low,1,1.103,7.88,7,0.0006998730964467005,6.897
Paper,430,Low,0,0.387,2.15,9,0.0009,8.613
Metal,324,Low,1,0.583,1.62,5,0.0017993827160493825,5.417
Glass,704,Medium,1,1.056,3.52,6,0.0015,5.944
Paper,1974,Medium,1,1.777,9.87,9,0.0009002026342451874,8.223
Ceramic,844,High,0,1.013,4.22,5,0.0012002369668246444,3.987
Metal,914,Low,0,1.645,4.57,5,0.001799781181619256,3.355
Glass,1369,Low,1,2.054,6.845,6,0.0015003652300949596,4.946
Ceramic,856,Low,0,1.027,4.28,5,0.001199766355140187,3.973
Glass,125,Medium,0,0.188,0.625,6,0.001504,5.812
Glass,389,Low,1,0.584,1.945,6,0.0015012853470437017,6.416
Plastic,1702,Low,1,3.574,8.51,2,0.002099882491186839,-0.5739999999999998
Glass,1140,Medium,1,1.71,5.7,6,0.0015,5.29
Glass,1536,Low,0,2.304,7.68,6,0.0014999999999999998,3.696
Bioplastic,514,High,1,0.36,2.57,7,0.0007003891050583657,7.64
Metal,150,High,1,0.27,0.75,5,0.0018000000000000002,5.73
Ceramic,1242,Low,1,1.49,6.21,5,0.0011996779388083736,4.51
Plastic,1705,Medium,1,3.58,8.525,2,0.002099706744868035,-0.5800000000000001
Plastic,435,Low,1,0.913,2.175,2,0.0020988505747126436,2.0869999999999997
Metal,1791,Medium,1,3.224,8.955,5,0.0018001116694584033,2.776
Bioplastic,1489,Low,0,1.042,7.445,7,0.000699798522498321,5.958
Paper,320,Low,0,0.288,1.6,9,0.0009,8.712
Glass,964,Low,1,1.446,4.82,6,0.0015,5.554
Plastic,944,Low,1,1.982,4.72,2,0.0020995762711864406,1.018
Glass,281,High,1,0.421,1.405,6,0.001498220640569395,6.579
Plastic,1779,Low,1,3.736,8.895,2,0.0021000562113546936,-0.7360000000000002
Bioplastic,769,Medium,1,0.538,3.845,7,0.0006996098829648895,7.462
Paper,806,Medium,1,0.725,4.03,9,0.0008995037220843672,9.275
Glass,1623,Medium,1,2.434,8.115,6,0.0014996919285274184,4.566
Bioplastic,638,High,1,0.447,3.19,7,0.000700626959247649,7.553
Ceramic,460,Low,0,0.552,2.3,5,0.0012000000000000001,4.448
Bioplastic,310,Medium,0,0.217,1.55,7,0.0007,6.783
Metal,1913,High,1,3.443,9.565,5,0.001799790904338735,2.557
Metal,547,Medium,0,0.985,2.735,5,0.0018007312614259597,4.015
Metal,975,Low,1,1.755,4.875,5,0.0018,4.245
Bioplastic,527,Medium,1,0.369,2.635,7,0.0007001897533206831,7.631
Bioplastic,1894,Low,1,1.326,9.47,7,0.0007001055966209082,6.6739999999999995
Ceramic,982,High,1,1.178,4.91,5,0.0011995926680244398,4.822
Paper,495,Low,0,0.446,2.475,9,0.000901010101010101,8.554
Metal,780,Medium,1,1.404,3.9,5,0.0018,4.596
Plastic,991,Medium,1,2.081,4.955,2,0.002099899091826438,0.919
Metal,907,High,1,1.633,4.535,5,0.0018004410143329659,4.367
Plastic,1973,High,1,4.143,9.865,2,0.0020998479472883933,-1.1429999999999998
Paper,1272,Medium,1,1.145,6.36,9,0.0009001572327044026,8.855
Metal,1242,Medium,1,2.236,6.21,5,0.0018003220611916267,3.764
Metal,1215,High,1,2.187,6.075,5,0.0018,3.813
Bioplastic,1666,High,1,1.166,8.33,7,0.0006998799519807923,6.834
Metal,1791,Low,1,3.224,8.955,5,0.0018001116694584033,2.776
Plastic,519,Medium,1,1.09,2.595,2,0.0021001926782273604,1.91
Plastic,763,Low,1,1.602,3.815,2,0.0020996068152031454,1.398
Ceramic,224,Low,0,0.269,1.12,5,0.0012008928571428572,4.731
Plastic,709,High,1,1.489,3.545,2,0.0021001410437235545,1.511
Glass,1940,High,0,2.91,9.7,6,0.0015,3.09
Glass,1614,Low,1,2.421,8.07,6,0.0014999999999999998,4.579000000000001
Plastic,1306,Low,1,2.743,6.53,2,0.002100306278713629,0.2570000000000001
Glass,1423,Low,1,2.135,7.115,6,0.001500351370344343,4.865
Paper,197,Medium,1,0.177,0.985,9,0.000898477157360406,9.823
Paper,1758,Low,1,1.582,8.79,9,0.0008998862343572242,8.418
Metal,1944,Medium,1,3.499,9.72,5,0.001799897119341564,2.501
Plastic,1302,High,0,2.734,6.51,2,0.0020998463901689707,-0.734
Metal,1718,Low,1,3.092,8.59,5,0.00179976717112922,2.908
Plastic,1124,Medium,1,2.36,5.62,2,0.002099644128113879,0.6400000000000001
Bioplastic,1333,Low,1,0.933,6.665,7,0.0006999249812453113,7.067
Plastic,615,Medium,1,1.292,3.075,2,0.0021008130081300812,1.708
Bioplastic,1252,Medium,0,0.876,6.26,7,0.0006996805111821086,6.124
Glass,476,Medium,1,0.714,2.38,6,0.0015,6.286
Ceramic,628,Medium,1,0.754,3.14,5,0.0012006369426751592,5.246
Paper,569,Low,1,0.512,2.845,9,0.0008998242530755712,9.488
Plastic,1506,High,0,3.163,7.53,2,0.0021002656042496677,-1.1629999999999998
Paper,219,Medium,1,0.197,1.095,9,0.0008995433789954338,9.803
Ceramic,1142,High,1,1.37,5.71,5,0.0011996497373029772,4.63
Ceramic,1858,Low,1,2.23,9.29,5,0.00120021528525296,3.77
Paper,1913,Low,1,1.722,9.565,9,0.0009001568217459488,8.278
Metal,1389,Low,1,2.5,6.945,5,0.0017998560115190785,3.5
Bioplastic,1090,Low,1,0.763,5.45,7,0.0007,7.237
Ceramic,1986,Medium,1,2.383,9.93,5,0.0011998992950654581,3.617
Plastic,783,High,1,1.644,3.915,2,0.0020996168582375478,1.356
Paper,584,Low,1,0.526,2.92,9,0.0009006849315068493,9.474
Plastic,887,High,1,1.863,4.435,2,0.0021003382187147687,1.137
Metal,702,Medium,1,1.264,3.51,5,0.0018005698005698007,4.736
Bioplastic,581,Low,1,0.407,2.905,7,0.0007005163511187607,7.593
Paper,1769,Medium,1,1.592,8.845,9,0.0008999434708875071,8.408
Paper,1751,High,1,1.576,8.755,9,0.0009000571102227299,8.424
Paper,1427,Medium,1,1.284,7.135,9,0.0008997897687456202,8.716
Glass,1578,High,0,2.367,7.89,6,0.0015,3.633
Glass,1934,Medium,0,2.901,9.67,6,0.0014999999999999998,3.099
Glass,1532,Medium,1,2.298,7.66,6,0.0015,4.702
Metal,1308,High,1,2.354,6.54,5,0.0017996941896024465,3.646
Ceramic,1795,Low,1,2.154,8.975,5,0.0012,3.846
Bioplastic,1824,Medium,1,1.277,9.12,7,0.000700109649122807,6.723
Bioplastic,636,Low,1,0.445,3.18,7,0.000699685534591195,7.555
Metal,141,Low,1,0.254,0.705,5,0.0018014184397163121,5.746
Bioplastic,345,Medium,1,0.241,1.725,7,0.0006985507246376812,7.759
Glass,1644,High,1,2.466,8.22,6,0.0015,4.534
Metal,752,High,1,1.354,3.76,5,0.0018005319148936172,4.646
Bioplastic,1814,Medium,1,1.27,9.07,7,0.0007001102535832414,6.73
Bioplastic,364,Low,1,0.255,1.82,7,0.0007005494505494506,7.745
Paper,1727,Medium,1,1.554,8.635,9,0.0008998262883613202,8.446
Glass,1747,Medium,1,2.62,8.735,6,0.0014997137950772755,4.38
Paper,618,Low,0,0.556,3.09,9,0.0008996763754045308,8.443999999999999
Ceramic,1366,High,1,1.639,6.83,5,0.0011998535871156663,4.361
Glass,547,Medium,1,0.821,2.735,6,0.0015009140767824496,6.179
Bioplastic,1744,Low,1,1.221,8.72,7,0.0007001146788990826,6.779
Glass,1423,Medium,0,2.135,7.115,6,0.001500351370344343,3.865
Paper,548,Medium,1,0.493,2.74,9,0.0008996350364963504,9.507
Paper,1122,Low,1,1.01,5.61,9,0.0009001782531194296,8.99
Paper,140,Medium,1,0.126,0.7,9,0.0009,9.874
Bioplastic,1340,Low,1,0.938,6.7,7,0.0007,7.062
Bioplastic,1438,High,0,1.007,7.19,7,0.0007002781641168289,5.993
Ceramic,1869,Medium,1,2.243,9.345,5,0.0012001070090957731,3.757
Glass,527,Medium,0,0.79,2.635,6,0.0014990512333965846,5.21
Metal,1579,Medium,1,2.842,7.895,5,0.0017998733375554148,3.158
Metal,762,High,1,1.372,3.81,5,0.0018005249343832023,4.628
Metal,1929,Low,1,3.472,9.645,5,0.0017998963193364438,2.528
Metal,952,Low,1,1.714,4.76,5,0.0018004201680672269,4.286
Bioplastic,1741,Medium,1,1.219,8.705,7,0.0007001723147616312,6.781
Ceramic,477,Medium,1,0.572,2.385,5,0.0011991614255765198,5.428
Bioplastic,1898,Low,1,1.329,9.49,7,0.0007002107481559536,6.671
Glass,134,Low,1,0.201,0.67,6,0.0015,6.799
Plastic,1058,Low,1,2.222,5.29,2,0.0021001890359168243,0.778
Glass,496,Medium,1,0.744,2.48,6,0.0015,6.256
Glass,214,High,1,0.321,1.07,6,0.0015,6.679
Bioplastic,1689,Medium,1,1.182,8.445,7,0.0006998223801065719,6.818
Glass,1700,Medium,1,2.55,8.5,6,0.0014999999999999998,4.45
Plastic,306,Medium,1,0.643,1.53,2,0.002101307189542484,2.357
Paper,623,Medium,1,0.561,3.115,9,0.0009004815409309792,9.439
Paper,905,High,1,0.815,4.525,9,0.0009005524861878453,9.185
Plastic,575,Low,1,1.208,2.875,2,0.002100869565217391,1.792
Bioplastic,746,Low,0,0.522,3.73,7,0.0006997319034852547,6.478
Ceramic,969,Low,1,1.163,4.845,5,0.0012002063983488132,4.837
Glass,420,Medium,1,0.63,2.1,6,0.0015,6.37
Metal,143,Low,1,0.257,0.715,5,0.0017972027972027972,5.743
Glass,1997,High,0,2.995,9.985,6,0.001499749624436655,3.005
Metal,576,Medium,0,1.037,2.88,5,0.001800347222222222,3.963
Metal,475,Low,0,0.855,2.375,5,0.0018,4.145
Bioplastic,1929,Medium,1,1.35,9.645,7,0.0006998444790046657,6.65
Bioplastic,725,High,1,0.507,3.625,7,0.0006993103448275863,7.493
Plastic,1492,Medium,1,3.133,7.46,2,0.0020998659517426272,-0.133
Paper,421,Low,1,0.379,2.105,9,0.0009002375296912114,9.621
Bioplastic,237,Medium,0,0.166,1.185,7,0.0007004219409282701,6.834
Metal,1357,Low,1,2.443,6.785,5,0.001800294767870302,3.557
Metal,190,Medium,1,0.342,0.95,5,0.0018000000000000002,5.658
Paper,1406,Low,0,1.265,7.03,9,0.0008997155049786628,7.735
Glass,1330,High,1,1.995,6.65,6,0.0015,5.005
Plastic,1366,High,1,2.869,6.83,2,0.002100292825768668,0.13099999999999978
Paper,1532,Medium,1,1.379,7.66,9,0.000900130548302872,8.621
Metal,198,Low,1,0.356,0.99,5,0.0017979797979797978,5.644
Plastic,1054,Medium,1,2.213,5.27,2,0.002099620493358634,0.7869999999999999
Bioplastic,1451,Medium,1,1.016,7.255,7,0.0007002067539627843,6.984
Plastic,936,Low,1,1.966,4.68,2,0.0021004273504273505,1.034
Plastic,421,High,1,0.884,2.105,2,0.0020997624703087887,2.116
Bioplastic,816,High,0,0.571,4.08,7,0.0006997549019607843,6.429
Metal,1646,Low,1,2.963,8.23,5,0.0018001215066828676,3.037
Glass,318,High,1,0.477,1.59,6,0.0015,6.523
Paper,840,Low,1,0.756,4.2,9,0.0009,9.244
Plastic,1492,Low,1,3.133,7.46,2,0.0020998659517426272,-0.133
Plastic,665,High,1,1.397,3.325,2,0.002100751879699248,1.603
Ceramic,475,Medium,1,0.57,2.375,5,0.0012,5.43
Paper,916,Medium,1,0.824,4.58,9,0.0008995633187772926,9.176
Paper,132,Medium,0,0.119,0.66,9,0.0009015151515151514,8.881
Glass,786,Low,1,1.179,3.93,6,0.0015,5.821
Glass,1868,Low,1,2.802,9.34,6,0.0015,4.198
Metal,1257,Low,1,2.263,6.285,5,0.0018003182179793158,3.737
Metal,665,Low,1,1.197,3.325,5,0.0018000000000000002,4.803
Ceramic,1023,Low,1,1.228,5.115,5,0.0012003910068426197,4.772
Ceramic,1369,Low,1,1.643,6.845,5,0.001200146092037984,4.357
Paper,1397,Medium,1,1.257,6.985,9,0.0008997852541159627,8.743
Paper,831,Medium,0,0.748,4.155,9,0.0009001203369434416,8.252
Paper,1649,Low,1,1.484,8.245,9,0.0008999393571861734,8.516
Metal,1951,Medium,1,3.512,9.755,5,0.0018001025115325475,2.488
Glass,511,Medium,1,0.766,2.555,6,0.0014990215264187867,6.234
Ceramic,1309,Medium,1,1.571,6.545,5,0.0012001527883880824,4.429
Plastic,407,Medium,1,0.855,2.035,2,0.0021007371007371006,2.145
Glass,882,Medium,1,1.323,4.41,6,0.0015,5.677
Glass,309,High,0,0.464,1.545,6,0.0015016181229773463,5.536
Paper,1151,Low,1,1.036,5.755,9,0.0009000868809730669,8.964
Plastic,244,Low,1,0.512,1.22,2,0.002098360655737705,2.488
Paper,1131,High,1,1.018,5.655,9,0.0009000884173297966,8.982
Bioplastic,1374,Medium,1,0.962,6.87,7,0.0007001455604075691,7.038
Ceramic,131,Low,1,0.157,0.655,5,0.001198473282442748,5.843
Plastic,602,High,1,1.264,3.01,2,0.0020996677740863787,1.736
Plastic,142,Medium,1,0.298,0.71,2,0.0020985915492957746,2.702
Metal,1061,Medium,1,1.91,5.305,5,0.0018001885014137604,4.09
Glass,607,High,1,0.91,3.035,6,0.001499176276771005,6.09
Glass,1319,Low,1,1.978,6.595,6,0.0014996209249431387,5.022
Metal,1472,Medium,1,2.65,7.36,5,0.0018002717391304348,3.35
Glass,590,Low,1,0.885,2.95,6,0.0015,6.115
Glass,1304,High,1,1.956,6.52,6,0.0015,5.0440000000000005
Glass,923,Low,1,1.385,4.615,6,0.0015005417118093174,5.615
Paper,1451,High,1,1.306,7.255,9,0.0009000689179875948,8.693999999999999
Ceramic,637,High,1,0.764,3.185,5,0.0011993720565149136,5.236
Bioplastic,882,Low,0,0.617,4.41,7,0.000699546485260771,6.383
Plastic,387,High,1,0.813,1.935,2,0.0021007751937984495,2.1870000000000003
Paper,892,Low,1,0.803,4.46,9,0.0009002242152466368,9.197
Ceramic,460,Medium,1,0.552,2.3,5,0.0012000000000000001,5.448
Ceramic,1627,Low,1,1.952,8.135,5,0.0011997541487400122,4.048
Metal,307,Medium,1,0.553,1.535,5,0.0018013029315960914,5.447
Glass,1009,Medium,1,1.514,5.045,6,0.0015004955401387513,5.486
Bioplastic,1037,High,1,0.726,5.185,7,0.0007000964320154291,7.274
Plastic,198,High,1,0.416,0.99,2,0.002101010101010101,2.584
Bioplastic,883,Medium,1,0.618,4.415,7,0.0006998867497168742,7.382
Metal,1711,Medium,0,3.08,8.555,5,0.0018001168907071888,1.92
Glass,489,High,1,0.734,2.445,6,0.0015010224948875256,6.266
Metal,1585,High,0,2.853,7.925,5,0.0018000000000000002,2.147
Metal,360,Medium,0,0.648,1.8,5,0.0018,4.352
Glass,644,Low,1,0.966,3.22,6,0.0015,6.034
Bioplastic,1665,Medium,1,1.165,8.325,7,0.0006996996996996997,6.835
Bioplastic,707,Low,1,0.495,3.535,7,0.0007001414427157001,7.505
Metal,599,High,1,1.078,2.995,5,0.0017996661101836395,4.922
Paper,437,High,0,0.393,2.185,9,0.0008993135011441648,8.607
Ceramic,477,Medium,1,0.572,2.385,5,0.0011991614255765198,5.428
Bioplastic,1209,Low,1,0.846,6.045,7,0.0006997518610421836,7.154
Glass,587,Medium,1,0.88,2.935,6,0.0014991482112436116,6.12
Metal,1905,Medium,1,3.429,9.525,5,0.0018,2.571
Glass,741,High,1,1.111,3.705,6,0.0014993252361673415,5.889
Metal,1678,Low,1,3.02,8.39,5,0.001799761620977354,2.98
Plastic,112,Low,1,0.235,0.56,2,0.0020982142857142857,2.765
Bioplastic,702,Low,0,0.491,3.51,7,0.0006994301994301994,6.509
Paper,1732,Medium,1,1.559,8.66,9,0.0009001154734411085,8.441
Paper,1813,Low,1,1.632,9.065,9,0.000900165471594043,8.368
Plastic,514,Medium,1,1.079,2.57,2,0.0020992217898832682,1.921
Paper,665,High,0,0.599,3.325,9,0.0009007518796992481,8.401
Bioplastic,384,Medium,1,0.269,1.92,7,0.0007005208333333334,7.731
Ceramic,768,Low,1,0.922,3.84,5,0.0012005208333333334,5.078
Paper,1341,High,1,1.207,6.705,9,0.0009000745712155108,8.793
Metal,1270,Low,1,2.286,6.35,5,0.0018,3.714
Glass,313,High,1,0.469,1.565,6,0.001498402555910543,6.531
Metal,1326,Medium,1,2.387,6.63,5,0.0018001508295625943,3.613
Metal,1495,Low,1,2.691,7.475,5,0.0018,3.309
Bioplastic,976,Low,1,0.683,4.88,7,0.0006997950819672132,7.317
Glass,1428,Low,0,2.142,7.14,6,0.0015,3.858
Glass,278,Low,1,0.417,1.39,6,0.0015,6.583
Bioplastic,1712,Low,0,1.198,8.56,7,0.0006997663551401869,5.802
Ceramic,1776,Medium,1,2.131,8.88,5,0.0011998873873873873,3.869
Metal,1051,Medium,0,1.892,5.255,5,0.0018001902949571836,3.108
Ceramic,781,Medium,0,0.937,3.905,5,0.0011997439180537772,4.063
Metal,470,High,0,0.846,2.35,5,0.0018,4.154
Glass,387,High,0,0.581,1.935,6,0.0015012919896640825,5.4190000000000005
Paper,1085,Low,1,0.977,5.425,9,0.0009004608294930876,9.023
Ceramic,1366,Low,0,1.639,6.83,5,0.0011998535871156663,3.3609999999999998
Glass,206,Low,1,0.309,1.03,6,0.0015,6.691
Metal,1323,Low,1,2.381,6.615,5,0.001799697656840514,3.619
Plastic,199,Low,1,0.418,0.995,2,0.002100502512562814,2.582
Bioplastic,168,Medium,1,0.118,0.84,7,0.0007023809523809524,7.882
Paper,473,Low,1,0.426,2.365,9,0.0009006342494714588,9.574
Ceramic,1990,Low,1,2.388,9.95,5,0.0012,3.612
Glass,1323,High,1,1.984,6.615,6,0.0014996220710506425,5.016
Paper,292,Low,1,0.263,1.46,9,0.0009006849315068493,9.737
Metal,316,Medium,1,0.569,1.58,5,0.0018006329113924048,5.431
Paper,1701,Low,1,1.531,8.505,9,0.0009000587889476778,8.469
Ceramic,463,High,1,0.556,2.315,5,0.0012008639308855292,5.444
Plastic,662,High,1,1.39,3.31,2,0.0020996978851963743,1.61
Plastic,314,High,0,0.659,1.57,2,0.0020987261146496817,1.341
Metal,693,High,1,1.247,3.465,5,0.0017994227994227996,4.753
Paper,159,Low,1,0.143,0.795,9,0.0008993710691823899,9.857
Metal,1135,Medium,1,2.043,5.675,5,0.0018000000000000002,3.957
Ceramic,1036,Low,1,1.243,5.18,5,0.00119980694980695,4.757
Paper,1132,Low,1,1.019,5.66,9,0.0009001766784452296,8.981
Bioplastic,880,High,1,0.616,4.4,7,0.0007,7.384
Glass,410,Medium,0,0.615,2.05,6,0.0015,5.385
Ceramic,519,Medium,1,0.623,2.595,5,0.0012003853564547206,5.377
Bioplastic,116,Medium,1,0.081,0.58,7,0.0006982758620689655,7.919
Metal,1323,Medium,1,2.381,6.615,5,0.001799697656840514,3.619
Glass,326,Low,1,0.489,1.63,6,0.0015,6.511
Glass,1478,Medium,1,2.217,7.39,6,0.0015,4.7829999999999995
Bioplastic,1046,High,0,0.732,5.23,7,0.0006998087954110899,6.268
Ceramic,1229,High,1,1.475,6.145,5,0.0012001627339300245,4.525
Metal,196,High,1,0.353,0.98,5,0.0018010204081632653,5.647
Metal,1077,Low,1,1.939,5.385,5,0.0018003714020427112,4.061
Paper,222,Low,1,0.2,1.11,9,0.0009009009009009009,9.8
Paper,1634,Medium,0,1.471,8.17,9,0.0009002447980416157,7.529
Paper,1151,High,0,1.036,5.755,9,0.0009000868809730669,7.964
Glass,632,Low,1,0.948,3.16,6,0.0015,6.052
Metal,1530,Low,1,2.754,7.65,5,0.0018,3.246
Glass,1539,Low,1,2.308,7.695,6,0.0014996751137102014,4.692
Ceramic,1947,Low,1,2.336,9.735,5,0.001199794555726759,3.664
Paper,709,High,0,0.638,3.545,9,0.0008998589562764457,8.362
Metal,920,Medium,1,1.656,4.6,5,0.0018,4.344
Ceramic,1465,Medium,1,1.758,7.325,5,0.0012000000000000001,4.242
Ceramic,1066,Low,1,1.279,5.33,5,0.0011998123827392118,4.721
Plastic,1755,Low,1,3.686,8.775,2,0.0021002849002849005,-0.6859999999999999
Ceramic,1209,Low,1,1.451,6.045,5,0.0012001654259718776,4.5489999999999995
Metal,1553,Low,1,2.795,7.765,5,0.0017997424339987122,3.205
Glass,527,Low,1,0.79,2.635,6,0.0014990512333965846,6.21
Ceramic,1334,Low,1,1.601,6.67,5,0.0012001499250374813,4.399
Metal,1494,Medium,1,2.689,7.47,5,0.0017998661311914325,3.311
Ceramic,1371,Medium,1,1.645,6.855,5,0.001199854121079504,4.355
Glass,950,Medium,0,1.425,4.75,6,0.0015,4.575
Paper,1909,High,1,1.718,9.545,9,0.0008999476165531692,8.282
Glass,504,Low,1,0.756,2.52,6,0.0015,6.244
Ceramic,1531,Low,1,1.837,7.655,5,0.0011998693664271717,4.163
Paper,1377,Low,1,1.239,6.885,9,0.0008997821350762528,8.761
Paper,1539,Low,1,1.385,7.695,9,0.0008999350227420403,8.615
Ceramic,1000,Low,1,1.2,5.0,5,0.0012,4.8
Bioplastic,137,Low,1,0.096,0.685,7,0.0007007299270072992,7.904
Paper,1179,High,1,1.061,5.895,9,0.0008999151823579305,8.939
Paper,939,Medium,1,0.845,4.695,9,0.0008998935037273695,9.155
Metal,1031,Medium,1,1.856,5.155,5,0.0018001939864209506,4.144
Paper,1670,Low,1,1.503,8.35,9,0.0009,8.497
Plastic,1199,Medium,1,2.518,5.995,2,0.002100083402835696,0.4820000000000002
Ceramic,593,Low,0,0.712,2.965,5,0.0012006745362563237,4.288
Ceramic,502,Low,1,0.602,2.51,5,0.001199203187250996,5.398
Glass,268,High,1,0.402,1.34,6,0.0015,6.598
Metal,388,High,1,0.698,1.94,5,0.0017989690721649484,5.302
Bioplastic,1181,Medium,1,0.827,5.905,7,0.0007002540220152413,7.173
Ceramic,441,Medium,1,0.529,2.205,5,0.0011995464852607711,5.471
Ceramic,1702,Medium,0,2.042,8.51,5,0.001199764982373678,2.958
Paper,1438,High,1,1.294,7.19,9,0.0008998609179415855,8.706
Bioplastic,236,Medium,1,0.165,1.18,7,0.0006991525423728814,7.835
Bioplastic,276,Medium,0,0.193,1.38,7,0.0006992753623188406,6.807
Paper,1722,High,1,1.55,8.61,9,0.000900116144018583,8.45
Bioplastic,1182,Medium,1,0.827,5.91,7,0.0006996615905245346,7.173
Metal,188,Low,0,0.338,0.94,5,0.001797872340425532,4.662
Paper,1657,Low,1,1.491,8.285,9,0.000899818949909475,8.509
Glass,488,Low,0,0.732,2.44,6,0.0015,5.268
Ceramic,671,High,1,0.805,3.355,5,0.0011997019374068555,5.195
Ceramic,1265,High,1,1.518,6.325,5,0.0012000000000000001,4.482
Metal,844,Medium,1,1.519,4.22,5,0.0017997630331753553,4.481
Paper,246,Low,0,0.221,1.23,9,0.0008983739837398374,8.779
Glass,1040,Medium,1,1.56,5.2,6,0.0015,5.4399999999999995
Plastic,1787,Medium,1,3.753,8.935,2,0.0021001678791270286,-0.7530000000000001
Glass,1827,Low,1,2.74,9.135,6,0.0014997263273125343,4.26
Metal,1211,Medium,1,2.18,6.055,5,0.001800165152766309,3.82
Bioplastic,1715,Medium,1,1.2,8.575,7,0.0006997084548104956,6.8
Metal,1889,Low,1,3.4,9.445,5,0.001799894123875066,2.6
Bioplastic,1961,Medium,1,1.373,9.805,7,0.0007001529831718511,6.627
Metal,407,Low,1,0.733,2.035,5,0.001800982800982801,5.267
Glass,1879,Low,1,2.818,9.395,6,0.001499733901011176,4.182
Glass,1522,Low,1,2.283,7.61,6,0.0015,4.7170000000000005
Paper,1521,High,1,1.369,7.605,9,0.0009000657462195923,8.631
Metal,1835,Low,1,3.303,9.175,5,0.0018,2.697
Glass,669,High,1,1.004,3.345,6,0.001500747384155456,5.996
Ceramic,1103,Medium,1,1.324,5.515,5,0.001200362647325476,4.676
Paper,1089,Medium,1,0.98,5.445,9,0.0008999081726354454,9.02
Ceramic,941,Low,1,1.129,4.705,5,0.001199787460148778,4.871
Bioplastic,1882,Low,1,1.317,9.41,7,0.0006997874601487779,6.683
Bioplastic,1110,Medium,0,0.777,5.55,7,0.0007,6.223
Bioplastic,617,Low,1,0.432,3.085,7,0.000700162074554295,7.568
Glass,1344,Medium,1,2.016,6.72,6,0.0015,4.984
Glass,113,Low,1,0.17,0.565,6,0.001504424778761062,6.83
Glass,1554,Medium,1,2.331,7.77,6,0.0015,4.6690000000000005
Paper,1677,High,1,1.509,8.385,9,0.0008998211091234347,8.491
Glass,1493,Low,1,2.24,7.465,6,0.0015003348961821837,4.76
Bioplastic,1952,Medium,0,1.366,9.76,7,0.0006997950819672132,5.634
Glass,1203,Medium,1,1.804,6.015,6,0.0014995843724023275,5.196
Paper,1846,Low,1,1.661,9.23,9,0.000899783315276273,8.339
Paper,335,Medium,1,0.301,1.675,9,0.0008985074626865671,9.699
Paper,1925,Medium,1,1.732,9.625,9,0.0008997402597402597,8.268
Paper,1417,Low,1,1.275,7.085,9,0.000899788285109386,8.725
Ceramic,402,High,1,0.482,2.01,5,0.001199004975124378,5.518
Glass,683,High,1,1.024,3.415,6,0.0014992679355783308,5.976
Plastic,1435,High,1,3.014,7.175,2,0.002100348432055749,-0.01399999999999979
Metal,1756,Medium,1,3.161,8.78,5,0.001800113895216401,2.839
Ceramic,1159,Medium,0,1.391,5.795,5,0.0012001725625539258,3.609
Ceramic,1086,Medium,1,1.303,5.43,5,0.0011998158379373848,4.697
Glass,803,Low,1,1.204,4.015,6,0.0014993773349937733,5.796
Paper,1275,Low,1,1.147,6.375,9,0.000899607843137255,8.853
Paper,1931,Medium,1,1.738,9.655,9,0.0009000517866390471,8.262
Bioplastic,782,Medium,1,0.547,3.91,7,0.0006994884910485935,7.453
Ceramic,1944,High,0,2.333,9.72,5,0.0012001028806584363,2.667
Bioplastic,1755,Medium,1,1.228,8.775,7,0.0006997150997150997,6.772
Plastic,1130,Medium,1,2.373,5.65,2,0.0021000000000000003,0.6269999999999998
Ceramic,1547,High,1,1.856,7.735,5,0.0011997414350355528,4.144
Ceramic,353,Medium,1,0.424,1.765,5,0.0012011331444759207,5.576
Bioplastic,514,High,0,0.36,2.57,7,0.0007003891050583657,6.64
Plastic,1838,Medium,1,3.86,9.19,2,0.002100108813928183,-0.8599999999999999
Bioplastic,1352,Low,1,0.946,6.76,7,0.0006997041420118343,7.054
Plastic,210,Medium,1,0.441,1.05,2,0.0021,2.559
Paper,1366,Medium,1,1.229,6.83,9,0.0008997071742313324,8.771
Plastic,1343,Medium,1,2.82,6.715,2,0.0020997766195085628,0.18000000000000016
Plastic,1954,Low,1,4.103,9.77,2,0.002099795291709314,-1.1029999999999998
Plastic,1862,Low,1,3.91,9.31,2,0.0020998925886143932,-0.9100000000000001
Bioplastic,883,High,1,0.618,4.415,7,0.0006998867497168742,7.382
Ceramic,888,High,0,1.066,4.44,5,0.0012004504504504504,3.934
Plastic,1912,Medium,1,4.015,9.56,2,0.0020998953974895396,-1.0149999999999997
Paper,934,Low,0,0.841,4.67,9,0.0009004282655246253,8.159
Metal,1156,High,1,2.081,5.78,5,0.0018001730103806228,3.919
Paper,1755,Low,1,1.579,8.775,9,0.0008997150997150997,8.421
Bioplastic,561,Low,1,0.393,2.805,7,0.0007005347593582888,7.607
Metal,1506,Low,0,2.711,7.53,5,0.0018001328021248339,2.289
Paper,1134,Medium,1,1.021,5.67,9,0.000900352733686067,8.979
Metal,1561,Medium,0,2.81,7.805,5,0.001800128122998078,2.19
Metal,1584,Low,0,2.851,7.92,5,0.0017998737373737374,2.149
Paper,463,Medium,1,0.417,2.315,9,0.0009006479481641468,9.583
Plastic,506,Medium,1,1.063,2.53,2,0.002100790513833992,1.937
Paper,814,Low,1,0.733,4.07,9,0.0009004914004914005,9.267
Bioplastic,1281,Low,1,0.897,6.405,7,0.0007002341920374708,7.103
Metal,970,High,0,1.746,4.85,5,0.0018,3.254
Glass,420,Low,0,0.63,2.1,6,0.0015,5.37
Plastic,765,Low,1,1.607,3.825,2,0.002100653594771242,1.393
Bioplastic,1078,High,1,0.755,5.39,7,0.0007003710575139146,7.245
Bioplastic,515,Medium,1,0.36,2.575,7,0.0006990291262135922,7.64
Glass,253,High,1,0.38,1.265,6,0.0015019762845849803,6.62
Bioplastic,639,Medium,1,0.447,3.195,7,0.0006995305164319249,7.553
Bioplastic,1409,Medium,1,0.986,7.045,7,0.0006997870830376153,7.014
Paper,546,Low,1,0.491,2.73,9,0.0008992673992673992,9.509
Plastic,801,Medium,1,1.682,4.005,2,0.0020998751560549313,1.318
Metal,951,Low,0,1.712,4.755,5,0.0018002103049421661,3.2880000000000003
Ceramic,934,High,1,1.121,4.67,5,0.0012002141327623127,4.879
Bioplastic,171,Low,0,0.12,0.855,7,0.0007017543859649122,6.88
Plastic,830,Medium,0,1.743,4.15,2,0.0021000000000000003,0.2569999999999999
Glass,1195,Low,0,1.792,5.975,6,0.001499581589958159,4.208
Paper,1277,Low,0,1.149,6.385,9,0.0008997650743931088,7.851
Paper,1940,High,0,1.746,9.7,9,0.0009,7.254
Metal,1998,Low,1,3.596,9.99,5,0.0017997997997997999,2.404
Ceramic,1126,Medium,1,1.351,5.63,5,0.001199822380106572,4.649
Glass,446,High,1,0.669,2.23,6,0.0015,6.3309999999999995
Glass,1713,Low,1,2.57,8.565,6,0.0015002918855808523,4.43
Plastic,1911,Low,0,4.013,9.555,2,0.002099947671376243,-2.013
Metal,1609,Low,1,2.896,8.045,5,0.0017998756991920448,3.104
Paper,414,Low,1,0.373,2.07,9,0.0009009661835748793,9.627
Metal,550,Medium,1,0.99,2.75,5,0.0018,5.01
Bioplastic,1801,Low,1,1.261,9.005,7,0.0007001665741254858,6.739
Bioplastic,1976,Low,1,1.383,9.88,7,0.0006998987854251012,6.617
Glass,218,Low,1,0.327,1.09,6,0.0015,6.673
Metal,372,Medium,1,0.67,1.86,5,0.0018010752688172045,5.33
Plastic,886,Medium,1,1.861,4.43,2,0.002100451467268623,1.139
Bioplastic,193,Low,1,0.135,0.965,7,0.0006994818652849742,7.865
Plastic,154,Medium,1,0.323,0.77,2,0.0020974025974025974,2.677
Bioplastic,1219,High,1,0.853,6.095,7,0.0006997538966365874,7.147
Glass,551,High,1,0.827,2.755,6,0.0015009074410163338,6.173
Plastic,1327,Low,1,2.787,6.635,2,0.002100226073850791,0.21300000000000008
Plastic,384,Medium,1,0.806,1.92,2,0.0020989583333333333,2.194
Paper,365,Medium,1,0.329,1.825,9,0.0009013698630136987,9.671
Plastic,1817,High,1,3.816,9.085,2,0.002100165107319758,-0.8159999999999998
Glass,1822,Medium,1,2.733,9.11,6,0.0015,4.2669999999999995
Plastic,605,Medium,1,1.27,3.025,2,0.0020991735537190083,1.73
Metal,1514,Medium,1,2.725,7.57,5,0.001799867899603699,3.275
Metal,613,Medium,0,1.103,3.065,5,0.001799347471451876,3.8970000000000002
Plastic,459,High,1,0.964,2.295,2,0.0021002178649237473,2.036
Plastic,1748,Low,1,3.671,8.74,2,0.0021001144164759723,-0.6709999999999998
Metal,348,Low,1,0.626,1.74,5,0.0017988505747126436,5.374
Metal,985,Low,1,1.773,4.925,5,0.0018,4.227
Paper,930,High,1,0.837,4.65,9,0.0009,9.163
Bioplastic,493,Low,1,0.345,2.465,7,0.0006997971602434077,7.655
Ceramic,421,Medium,1,0.505,2.105,5,0.0011995249406175773,5.495
Metal,577,Low,1,1.039,2.885,5,0.001800693240901213,4.961
Paper,964,Low,1,0.868,4.82,9,0.0009004149377593361,9.132
Paper,947,Medium,1,0.852,4.735,9,0.0008996832101372756,9.148
Metal,1859,Low,1,3.346,9.295,5,0.0017998924152770306,2.654
Metal,1209,Medium,1,2.176,6.045,5,0.0017998345740281225,3.824
Ceramic,957,Low,1,1.148,4.785,5,0.001199582027168234,4.852
Metal,406,Low,1,0.731,2.03,5,0.0018004926108374385,5.269
Bioplastic,1770,Medium,1,1.239,8.85,7,0.0007000000000000001,6.761
Ceramic,871,Medium,0,1.045,4.355,5,0.0011997703788748564,3.955
Bioplastic,1421,High,1,0.995,7.105,7,0.0007002111189303307,7.005
Glass,1730,Low,0,2.595,8.65,6,0.0015,3.405
Glass,447,Medium,0,0.67,2.235,6,0.001498881431767338,5.33
Plastic,1908,Low,0,4.007,9.54,2,0.002100104821802935,-2.0069999999999997
Metal,1050,Medium,0,1.89,5.25,5,0.0018,3.1100000000000003
Glass,1187,Medium,1,1.78,5.935,6,0.0014995787700084245,5.22
Paper,820,Medium,1,0.738,4.1,9,0.0009,9.262
Bioplastic,152,High,1,0.106,0.76,7,0.0006973684210526315,7.894
Paper,1582,Medium,1,1.424,7.91,9,0.000900126422250316,8.576
Plastic,1802,Medium,1,3.784,9.01,2,0.002099889012208657,-0.7839999999999998
Paper,164,Medium,0,0.148,0.82,9,0.0009024390243902438,8.852
Bioplastic,1339,Medium,1,0.937,6.695,7,0.0006997759522031367,7.063
Glass,797,High,0,1.196,3.985,6,0.0015006273525721456,4.804
Glass,573,High,0,0.86,2.865,6,0.0015008726003490401,5.14
Glass,1714,Low,1,2.571,8.57,6,0.0015,4.429
Glass,1036,Medium,1,1.554,5.18,6,0.0015,5.446
Glass,600,Low,1,0.9,3.0,6,0.0015,6.1
Metal,1776,Low,1,3.197,8.88,5,0.0018001126126126127,2.803
Paper,1681,Low,0,1.513,8.405,9,0.000900059488399762,7.487
Metal,241,High,1,0.434,1.205,5,0.0018008298755186722,5.566
Ceramic,229,High,1,0.275,1.145,5,0.001200873362445415,5.725
Glass,350,Low,1,0.525,1.75,6,0.0015,6.475
Bioplastic,273,High,1,0.191,1.365,7,0.0006996336996336997,7.809
Plastic,1327,Medium,1,2.787,6.635,2,0.002100226073850791,0.21300000000000008
Bioplastic,844,Medium,0,0.591,4.22,7,0.0007002369668246446,6.409
Metal,233,Low,0,0.419,1.165,5,0.001798283261802575,4.581
Bioplastic,1056,Low,1,0.739,5.28,7,0.000699810606060606,7.261
Paper,1686,High,1,1.517,8.43,9,0.0008997627520759193,8.483
Bioplastic,362,Low,1,0.253,1.81,7,0.0006988950276243094,7.747
Ceramic,517,Medium,1,0.62,2.585,5,0.0011992263056092843,5.38
Metal,1077,Medium,1,1.939,5.385,5,0.0018003714020427112,4.061
Paper,709,Medium,0,0.638,3.545,9,0.0008998589562764457,8.362
Paper,1284,High,1,1.156,6.42,9,0.0009003115264797507,8.844
Glass,1752,High,1,2.628,8.76,6,0.0015,4.372
Ceramic,396,Low,1,0.475,1.98,5,0.0011994949494949494,5.525
Bioplastic,1319,Low,0,0.923,6.595,7,0.0006997725549658832,6.077
Glass,1272,Low,1,1.908,6.36,6,0.0015,5.0920000000000005
Bioplastic,767,Medium,1,0.537,3.835,7,0.0007001303780964799,7.463
Ceramic,537,Medium,1,0.644,2.685,5,0.0011992551210428305,5.356
Bioplastic,663,Medium,1,0.464,3.315,7,0.0006998491704374057,7.536
Glass,1211,Low,0,1.817,6.055,6,0.001500412881915772,4.183
Metal,668,Low,1,1.202,3.34,5,0.0017994011976047903,4.798
Glass,1070,Medium,0,1.605,5.35,6,0.0015,4.395
Bioplastic,1556,Low,1,1.089,7.78,7,0.0006998714652956298,6.911
Plastic,574,Low,0,1.205,2.87,2,0.0020993031358885017,0.7949999999999999
Ceramic,929,Low,1,1.115,4.645,5,0.00120021528525296,4.885
Paper,1461,Low,1,1.315,7.305,9,0.0009000684462696783,8.685
Metal,1371,Low,0,2.468,6.855,5,0.001800145878920496,2.532
Bioplastic,1785,Low,1,1.25,8.925,7,0.0007002801120448179,6.75
Paper,348,High,1,0.313,1.74,9,0.0008994252873563218,9.687
Metal,1583,Low,1,2.849,7.915,5,0.001799747315224258,3.151
Plastic,834,Medium,1,1.751,4.17,2,0.0020995203836930453,1.249
Bioplastic,774,Medium,1,0.542,3.87,7,0.0007002583979328166,7.458
Bioplastic,575,Low,1,0.403,2.875,7,0.0007008695652173914,7.5969999999999995
Glass,1594,High,1,2.391,7.97,6,0.0015,4.609
Plastic,1141,Low,1,2.396,5.705,2,0.002099912357581069,0.6040000000000001
Plastic,985,Medium,0,2.068,4.925,2,0.002099492385786802,-0.06800000000000006
Glass,606,Low,1,0.909,3.03,6,0.0015,6.091
Metal,1192,Low,0,2.146,5.96,5,0.0018003355704697985,2.854
Glass,1444,Low,0,2.166,7.22,6,0.0015,3.834
Glass,1725,Low,1,2.587,8.625,6,0.0014997101449275364,4.413
Plastic,191,Medium,0,0.401,0.955,2,0.002099476439790576,1.599
Glass,1816,Medium,0,2.724,9.08,6,0.0015,3.276
Ceramic,1190,Medium,1,1.428,5.95,5,0.0012,4.572
Bioplastic,1837,High,1,1.286,9.185,7,0.0007000544365813827,6.714
Metal,516,Low,1,0.929,2.58,5,0.001800387596899225,5.071
Ceramic,1738,Medium,1,2.086,8.69,5,0.001200230149597238,3.914
Ceramic,327,Low,1,0.392,1.635,5,0.001198776758409786,5.608
Bioplastic,863,High,1,0.604,4.315,7,0.0006998841251448435,7.396
Plastic,1006,Low,1,2.113,5.03,2,0.002100397614314115,0.887
Bioplastic,747,Low,1,0.523,3.735,7,0.0007001338688085677,7.477
Paper,1773,High,1,1.596,8.865,9,0.0009001692047377327,8.404
Ceramic,1253,Low,1,1.504,6.265,5,0.001200319233838787,4.496
Bioplastic,223,Medium,0,0.156,1.115,7,0.0006995515695067265,6.844
Bioplastic,1106,Low,1,0.774,5.53,7,0.0006998191681735986,7.226
Ceramic,1904,Low,1,2.285,9.52,5,0.0012001050420168068,3.715
Metal,1824,High,0,3.283,9.12,5,0.001799890350877193,1.717
Bioplastic,362,High,1,0.253,1.81,7,0.0006988950276243094,7.747
Bioplastic,819,Medium,1,0.573,4.095,7,0.0006996336996336996,7.427
Ceramic,473,Low,1,0.568,2.365,5,0.001200845665961945,5.432
Bioplastic,1414,Medium,1,0.99,7.07,7,0.0007001414427157001,7.01
Metal,1265,Medium,1,2.277,6.325,5,0.0018000000000000002,3.723
Ceramic,112,Medium,1,0.134,0.56,5,0.0011964285714285716,5.866
Plastic,1278,Low,1,2.684,6.39,2,0.0021001564945226916,0.31599999999999984
Plastic,645,Low,0,1.355,3.225,2,0.0021007751937984495,0.645
Bioplastic,1207,Low,1,0.845,6.035,7,0.000700082850041425,7.155
Bioplastic,1950,Medium,1,1.365,9.75,7,0.0007,6.635
Metal,1287,Medium,1,2.317,6.435,5,0.0018003108003108005,3.683
Paper,1522,High,0,1.37,7.61,9,0.0009001314060446781,7.63
Ceramic,1891,Medium,1,2.269,9.455,5,0.0011998942358540455,3.731
Metal,797,Medium,1,1.435,3.985,5,0.0018005018820577165,4.5649999999999995
Bioplastic,1210,Low,1,0.847,6.05,7,0.0007,7.1530000000000005
Plastic,171,High,1,0.359,0.855,2,0.0020994152046783627,2.641
Metal,432,Low,1,0.778,2.16,5,0.001800925925925926,5.2219999999999995
Glass,1162,Medium,0,1.743,5.81,6,0.0015,4.257
Bioplastic,925,High,1,0.647,4.625,7,0.0006994594594594595,7.353
Bioplastic,1778,Low,1,1.245,8.89,7,0.0007002249718785152,6.755
Bioplastic,1231,Medium,0,0.862,6.155,7,0.0007002437043054428,6.138
Glass,1175,Medium,1,1.762,5.875,6,0.0014995744680851063,5.2379999999999995
Plastic,1540,Medium,0,3.234,7.7,2,0.0021,-1.234
Glass,267,Medium,1,0.401,1.335,6,0.00150187265917603,6.599
Ceramic,383,Low,1,0.46,1.915,5,0.0012010443864229766,5.54
Glass,1850,High,1,2.775,9.25,6,0.0015,4.225
Glass,530,Low,0,0.795,2.65,6,0.0015,5.205
Ceramic,230,Medium,1,0.276,1.15,5,0.0012000000000000001,5.724
Metal,706,Medium,1,1.271,3.53,5,0.00180028328611898,4.729
Glass,296,Low,1,0.444,1.48,6,0.0015,6.556
Glass,1092,Medium,1,1.638,5.46,6,0.0014999999999999998,5.362
Ceramic,483,Medium,1,0.58,2.415,5,0.0012008281573498965,5.42
Glass,1781,Medium,1,2.671,8.905,6,0.0014997192588433463,4.329000000000001
Paper,1275,High,1,1.147,6.375,9,0.000899607843137255,8.853
Metal,544,Low,1,0.979,2.72,5,0.0017996323529411765,5.021
Bioplastic,1870,Medium,1,1.309,9.35,7,0.0007,6.691
Glass,218,Low,1,0.327,1.09,6,0.0015,6.673
Paper,1356,Low,1,1.22,6.78,9,0.0008997050147492626,8.78
Bioplastic,1633,Low,1,1.143,8.165,7,0.0006999387630128598,6.857
Metal,1795,Medium,1,3.231,8.975,5,0.0018,2.769
Ceramic,1338,Medium,0,1.606,6.69,5,0.0012002989536621825,3.394
Metal,1786,Low,0,3.215,8.93,5,0.0018001119820828667,1.7850000000000001
Paper,1829,Low,1,1.646,9.145,9,0.0008999453253143794,8.354
Ceramic,1632,Medium,0,1.958,8.16,5,0.0011997549019607842,3.042
Ceramic,150,Low,1,0.18,0.75,5,0.0012,5.82
Ceramic,1104,Medium,1,1.325,5.52,5,0.0012001811594202897,4.675
Paper,200,High,0,0.18,1.0,9,0.0009,8.82
Ceramic,135,Medium,1,0.162,0.675,5,0.0012000000000000001,5.838
Plastic,1695,Low,1,3.559,8.475,2,0.0020997050147492625,-0.5590000000000002
Bioplastic,1857,Medium,1,1.3,9.285,7,0.0007000538502961766,6.7
Paper,862,Low,1,0.776,4.31,9,0.000900232018561485,9.224
Metal,1610,Low,1,2.898,8.05,5,0.0018000000000000002,3.102
Metal,724,Low,1,1.303,3.62,5,0.0017997237569060773,4.697
Paper,580,Low,0,0.522,2.9,9,0.0009000000000000001,8.478
Metal,1805,Medium,1,3.249,9.025,5,0.0018000000000000002,2.751
Ceramic,957,High,1,1.148,4.785,5,0.001199582027168234,4.852
Paper,1556,High,0,1.4,7.78,9,0.0008997429305912596,7.6
Metal,227,Medium,0,0.409,1.135,5,0.0018017621145374448,4.591
Glass,1955,High,0,2.933,9.775,6,0.0015002557544757033,3.067
Bioplastic,683,Medium,0,0.478,3.415,7,0.0006998535871156662,6.522
Ceramic,250,Low,1,0.3,1.25,5,0.0012,5.7
Plastic,900,Medium,1,1.89,4.5,2,0.0021,1.11
Plastic,660,Medium,1,1.386,3.3,2,0.0021,1.614
Metal,235,Low,1,0.423,1.175,5,0.0018,5.577
Glass,1263,Low,1,1.895,6.315,6,0.0015003958828186856,5.105
Plastic,756,High,1,1.588,3.78,2,0.0021005291005291005,1.412
Paper,1134,Low,1,1.021,5.67,9,0.000900352733686067,8.979
Plastic,1827,High,1,3.837,9.135,2,0.0021001642036124796,-0.8370000000000002
Paper,871,Medium,1,0.784,4.355,9,0.0009001148105625717,9.216
Ceramic,1757,Low,1,2.108,8.785,5,0.0011997723392145703,3.892
Plastic,204,Low,1,0.428,1.02,2,0.0020980392156862743,2.572
Plastic,1597,Medium,1,3.354,7.985,2,0.002100187852222918,-0.3540000000000001
Paper,122,High,1,0.11,0.61,9,0.0009016393442622951,9.89
Ceramic,1635,High,0,1.962,8.175,5,0.0012,3.0380000000000003
Ceramic,276,High,1,0.331,1.38,5,0.0011992753623188406,5.669
Bioplastic,721,High,0,0.505,3.605,7,0.0007004160887656033,6.495
Bioplastic,1878,Low,1,1.315,9.39,7,0.0007002129925452609,6.6850000000000005
Ceramic,368,Medium,0,0.442,1.84,5,0.001201086956521739,4.558
Metal,1484,Medium,1,2.671,7.42,5,0.001799865229110512,3.329
Bioplastic,1975,Medium,1,1.383,9.875,7,0.000700253164556962,6.617
Plastic,937,Medium,1,1.968,4.685,2,0.0021003201707577375,1.032
Plastic,1332,Medium,0,2.797,6.66,2,0.0020998498498498498,-0.7970000000000002
Bioplastic,136,High,1,0.095,0.68,7,0.0006985294117647059,7.905
Ceramic,1693,Medium,1,2.032,8.465,5,0.0012002362669816893,3.968
Ceramic,1333,Low,0,1.6,6.665,5,0.0012003000750187547,3.4
Metal,1873,Medium,1,3.371,9.365,5,0.001799786438868126,2.629
Ceramic,1981,Low,1,2.377,9.905,5,0.0011998990408884401,3.623
Paper,1538,Low,1,1.384,7.69,9,0.0008998699609882964,8.616
Plastic,379,High,1,0.796,1.895,2,0.002100263852242744,2.2039999999999997
Metal,146,Medium,1,0.263,0.73,5,0.0018013698630136986,5.737
Bioplastic,1483,Low,1,1.038,7.415,7,0.0006999325691166555,6.962
Paper,366,Low,1,0.329,1.83,9,0.0008989071038251366,9.671
Metal,555,Medium,1,0.999,2.775,5,0.0018,5.001
Metal,427,Low,1,0.769,2.135,5,0.0018009367681498828,5.231
Plastic,697,Low,0,1.464,3.485,2,0.0021004304160688663,0.536
Metal,919,High,1,1.654,4.595,5,0.0017997823721436343,4.346
Metal,1572,High,1,2.83,7.86,5,0.0018002544529262087,3.17
Paper,193,Low,1,0.174,0.965,9,0.0009015544041450777,9.826
Ceramic,1141,Medium,0,1.369,5.705,5,0.0011998247151621384,3.6310000000000002
Bioplastic,1185,Medium,0,0.83,5.925,7,0.00070042194092827,6.17
Metal,1322,Medium,1,2.38,6.61,5,0.0018003025718608169,3.62
Metal,773,Medium,1,1.391,3.865,5,0.0017994825355756791,4.609
Plastic,1271,Medium,0,2.669,6.355,2,0.002099921321793863,-0.669
Paper,924,Medium,1,0.832,4.62,9,0.0009004329004329004,9.168
Ceramic,1390,Medium,0,1.668,6.95,5,0.0012,3.332
Plastic,820,Low,1,1.722,4.1,2,0.0021,1.278
Glass,1516,Medium,1,2.274,7.58,6,0.0015,4.726
Bioplastic,1524,Low,1,1.067,7.62,7,0.0007001312335958005,6.933
Plastic,334,Low,0,0.701,1.67,2,0.0020988023952095806,1.299
Bioplastic,384,Medium,0,0.269,1.92,7,0.0007005208333333334,6.731
Plastic,533,Medium,1,1.119,2.665,2,0.002099437148217636,1.881
Ceramic,1384,Medium,0,1.661,6.92,5,0.0012001445086705202,3.339
Metal,1741,Low,0,3.134,8.705,5,0.0018001148765077542,1.866
Plastic,862,Low,1,1.81,4.31,2,0.0020997679814385153,1.19
Plastic,1818,Low,1,3.818,9.09,2,0.0021001100110011003,-0.8180000000000001
Glass,225,High,1,0.338,1.125,6,0.0015022222222222223,6.662
Glass,1433,Medium,1,2.15,7.165,6,0.0015003489183531052,4.85
Ceramic,1326,Medium,1,1.591,6.63,5,0.0011998491704374057,4.409
Glass,1206,High,1,1.809,6.03,6,0.0015,5.191
Metal,1869,High,1,3.364,9.345,5,0.0017998929909042267,2.636
Plastic,1142,Medium,1,2.398,5.71,2,0.0020998248686514885,0.6019999999999999
Metal,419,Medium,1,0.754,2.095,5,0.0017995226730310263,5.246
Metal,786,Low,0,1.415,3.93,5,0.0018002544529262087,3.585
Paper,1421,High,1,1.279,7.105,9,0.0009000703729767768,8.721
Ceramic,884,High,1,1.061,4.42,5,0.0012002262443438912,4.939
Plastic,1696,Low,1,3.562,8.48,2,0.002100235849056604,-0.5619999999999998
Metal,199,Low,1,0.358,0.995,5,0.0017989949748743717,5.642
Bioplastic,772,High,0,0.54,3.86,7,0.0006994818652849742,6.46
Metal,1574,Medium,1,2.833,7.87,5,0.0017998729351969506,3.167
Paper,129,Low,1,0.116,0.645,9,0.0008992248062015504,9.884
Ceramic,1452,Low,1,1.742,7.26,5,0.001199724517906336,4.258
Plastic,550,Low,1,1.155,2.75,2,0.0021,1.845
Metal,310,Low,0,0.558,1.55,5,0.0018000000000000002,4.442
Bioplastic,1392,Medium,1,0.974,6.96,7,0.0006997126436781609,7.026
Bioplastic,1790,High,1,1.253,8.95,7,0.0007,6.747
Glass,1163,Medium,0,1.744,5.815,6,0.0014995700773860704,4.256
Ceramic,1945,Medium,0,2.334,9.725,5,0.0012000000000000001,2.666
Bioplastic,1441,Low,1,1.009,7.205,7,0.000700208188757807,6.991
Metal,1833,High,1,3.299,9.165,5,0.0017997817785051827,2.701
Paper,342,Low,1,0.308,1.71,9,0.0009005847953216374,9.692
Glass,1057,High,1,1.585,5.285,6,0.001499526963103122,5.415
Ceramic,1645,Low,1,1.974,8.225,5,0.0012,4.026
Paper,1349,Medium,1,1.214,6.745,9,0.0008999258710155671,8.786
Glass,264,High,1,0.396,1.32,6,0.0015,6.604
Metal,486,Low,1,0.875,2.43,5,0.001800411522633745,5.125
Glass,593,Low,1,0.889,2.965,6,0.0014991568296795954,6.111
Paper,613,Low,1,0.552,3.065,9,0.0009004893964110931,9.448
Plastic,1816,Medium,1,3.814,9.08,2,0.002100220264317181,-0.8140000000000001
Plastic,1300,Low,1,2.73,6.5,2,0.0021,0.27
Glass,969,Low,1,1.454,4.845,6,0.001500515995872033,5.546
Plastic,117,Medium,1,0.246,0.585,2,0.0021025641025641025,2.754
Glass,1500,Medium,1,2.25,7.5,6,0.0015,4.75
Glass,894,Medium,1,1.341,4.47,6,0.0015,5.659
Glass,1958,High,1,2.937,9.79,6,0.0014999999999999998,4.063000000000001
Paper,195,Medium,0,0.175,0.975,9,0.0008974358974358973,8.825
Paper,531,Medium,1,0.478,2.655,9,0.0009001883239171375,9.522
Bioplastic,530,Medium,1,0.371,2.65,7,0.0007,7.629
Paper,689,Medium,1,0.62,3.445,9,0.0008998548621190131,9.38
Metal,1002,Low,1,1.804,5.01,5,0.0018003992015968064,4.196
Plastic,1814,High,1,3.809,9.07,2,0.002099779492833517,-0.8090000000000002
Glass,802,High,1,1.203,4.01,6,0.0015,5.797
Paper,1311,Low,0,1.18,6.555,9,0.0009000762776506483,7.82
Paper,458,Medium,1,0.412,2.29,9,0.0008995633187772926,9.588
Plastic,465,Medium,0,0.977,2.325,2,0.002101075268817204,1.0230000000000001
Metal,216,Medium,1,0.389,1.08,5,0.001800925925925926,5.611
Bioplastic,316,Low,0,0.221,1.58,7,0.0006993670886075949,6.779
Paper,398,Low,1,0.358,1.99,9,0.0008994974874371859,9.642
Ceramic,1634,High,0,1.961,8.17,5,0.0012001223990208078,3.0389999999999997
Glass,1429,Medium,1,2.143,7.145,6,0.0014996501049685093,4.857
Metal,301,Medium,1,0.542,1.505,5,0.0018006644518272427,5.458
Ceramic,615,Low,1,0.738,3.075,5,0.0012,5.2620000000000005
Plastic,997,Medium,0,2.094,4.985,2,0.0021003009027081242,-0.09399999999999986
Glass,1493,Low,1,2.24,7.465,6,0.0015003348961821837,4.76
Plastic,306,High,1,0.643,1.53,2,0.002101307189542484,2.357
Ceramic,1320,Medium,1,1.584,6.6,5,0.0012000000000000001,4.416
Paper,1276,Medium,1,1.148,6.38,9,0.0008996865203761754,8.852
Bioplastic,1291,Low,1,0.904,6.455,7,0.0007002323780015492,7.096
Paper,1401,High,1,1.261,7.005,9,0.0009000713775874375,8.739
Glass,1898,Low,1,2.847,9.49,6,0.0015,4.1530000000000005
Metal,786,Medium,1,1.415,3.93,5,0.0018002544529262087,4.585
Bioplastic,1837,Low,1,1.286,9.185,7,0.0007000544365813827,6.714
Plastic,1611,Medium,0,3.383,8.055,2,0.0020999379267535694,-1.383
Bioplastic,1017,Medium,1,0.712,5.085,7,0.0007000983284169125,7.288
Metal,1047,Medium,1,1.885,5.235,5,0.0018003820439350525,4.115
Plastic,888,High,0,1.865,4.44,2,0.002100225225225225,0.135
Paper,972,Low,1,0.875,4.86,9,0.0009002057613168725,9.125
Paper,1574,Medium,1,1.417,7.87,9,0.0009002541296060991,8.583
Ceramic,1440,Low,1,1.728,7.2,5,0.0012,4.272
Plastic,415,Medium,1,0.872,2.075,2,0.0021012048192771086,2.128
Glass,857,Low,1,1.286,4.285,6,0.001500583430571762,5.714
Plastic,1872,Medium,1,3.931,9.36,2,0.0020998931623931625,-0.931
Paper,903,High,1,0.813,4.515,9,0.0009003322259136213,9.187
Plastic,452,Low,1,0.949,2.26,2,0.0020995575221238938,2.051
Metal,1949,Medium,1,3.508,9.745,5,0.0017998973832734737,2.492
Plastic,1009,Medium,1,2.119,5.045,2,0.0021000991080277506,0.8809999999999998
Paper,1679,Low,1,1.511,8.395,9,0.0008999404407385348,8.489
Plastic,202,Medium,0,0.424,1.01,2,0.002099009900990099,1.576
Plastic,1121,Medium,0,2.354,5.605,2,0.0020999107939339875,-0.3540000000000001
Paper,926,Low,1,0.833,4.63,9,0.0008995680345572353,9.167
Ceramic,1280,Low,1,1.536,6.4,5,0.0012000000000000001,4.464
Metal,286,Medium,1,0.515,1.43,5,0.0018006993006993008,5.485
Ceramic,1858,Medium,0,2.23,9.29,5,0.00120021528525296,2.77
Glass,770,High,0,1.155,3.85,6,0.0015,4.845
Glass,519,Medium,1,0.778,2.595,6,0.0014990366088631986,6.2219999999999995
Plastic,366,Low,1,0.769,1.83,2,0.0021010928961748636,2.231
Plastic,143,Medium,1,0.3,0.715,2,0.002097902097902098,2.7
Paper,1439,Low,1,1.295,7.195,9,0.0008999305072967338,8.705
Bioplastic,308,Low,1,0.216,1.54,7,0.0007012987012987013,7.784
Plastic,745,Low,1,1.565,3.725,2,0.0021006711409395974,1.435
Ceramic,547,High,1,0.656,2.735,5,0.0011992687385740403,5.344
Ceramic,956,Medium,0,1.147,4.78,5,0.0011997907949790796,3.8529999999999998
Glass,738,Medium,1,1.107,3.69,6,0.0015,5.893
Bioplastic,666,Low,1,0.466,3.33,7,0.0006996996996996998,7.534
Plastic,1753,High,1,3.681,8.765,2,0.0020998288648031945,-0.681
Metal,715,Medium,1,1.287,3.575,5,0.0018,4.713
Glass,544,High,1,0.816,2.72,6,0.0014999999999999998,6.184
Paper,735,Low,1,0.661,3.675,9,0.0008993197278911565,9.339
Paper,1923,Medium,1,1.731,9.615,9,0.0009001560062402497,8.269
Metal,1729,Low,1,3.112,8.645,5,0.0017998843262001158,2.888
Plastic,1973,Low,1,4.143,9.865,2,0.0020998479472883933,-1.1429999999999998
Metal,1949,Medium,0,3.508,9.745,5,0.0017998973832734737,1.492
Metal,1137,Medium,1,2.047,5.685,5,0.0018003518029903257,3.953
Bioplastic,678,Medium,1,0.475,3.39,7,0.0007005899705014749,7.525
Metal,1538,Low,1,2.768,7.69,5,0.0017997399219765928,3.232
Glass,177,Low,0,0.266,0.885,6,0.0015028248587570622,5.734
Ceramic,1213,High,1,1.456,6.065,5,0.0012003297609233306,4.5440000000000005
Paper,576,Low,1,0.518,2.88,9,0.0008993055555555555,9.482
Plastic,182,Low,1,0.382,0.91,2,0.002098901098901099,2.618
Ceramic,1477,Medium,1,1.772,7.385,5,0.0011997291807718349,4.228
Paper,1272,High,1,1.145,6.36,9,0.0009001572327044026,8.855
Paper,1664,Medium,1,1.498,8.32,9,0.0009002403846153846,8.502
Plastic,359,Medium,1,0.754,1.795,2,0.0021002785515320333,2.246
Plastic,1490,High,0,3.129,7.45,2,0.0021,-1.129
Metal,1386,Low,1,2.495,6.93,5,0.0018001443001443003,3.505
Paper,1325,High,1,1.192,6.625,9,0.0008996226415094339,8.808
Ceramic,1786,High,1,2.143,8.93,5,0.0011998880179171331,3.857
Plastic,358,Medium,0,0.752,1.79,2,0.002100558659217877,1.248
Ceramic,671,Low,1,0.805,3.355,5,0.0011997019374068555,5.195
Paper,620,Low,1,0.558,3.1,9,0.0009000000000000001,9.442
Plastic,510,Low,1,1.071,2.55,2,0.0021,1.929
Paper,1019,High,1,0.917,5.095,9,0.000899901864573111,9.083
Paper,1466,High,1,1.319,7.33,9,0.0008997271487039563,8.681000000000001
Glass,1900,Medium,1,2.85,9.5,6,0.0015,4.15
Paper,1655,Medium,1,1.49,8.275,9,0.0009003021148036253,8.51
Plastic,1198,Low,1,2.516,5.99,2,0.0021001669449081804,0.484
Bioplastic,1998,High,1,1.399,9.99,7,0.0007002002002002002,6.601
Bioplastic,1490,High,1,1.043,7.45,7,0.0007,6.957
Metal,818,High,1,1.472,4.09,5,0.0017995110024449877,4.5280000000000005
Ceramic,1990,Medium,1,2.388,9.95,5,0.0012,3.612
Bioplastic,108,Medium,1,0.076,0.54,7,0.0007037037037037037,7.924
Glass,1368,Medium,1,2.052,6.84,6,0.0015,4.948
Plastic,347,Low,1,0.729,1.735,2,0.002100864553314121,2.271
Plastic,643,Medium,1,1.35,3.215,2,0.002099533437013997,1.65
Ceramic,1026,Medium,1,1.231,5.13,5,0.001199805068226121,4.769
Plastic,845,Low,1,1.774,4.225,2,0.002099408284023669,1.226
Paper,1984,Low,1,1.786,9.92,9,0.0009002016129032258,8.214
Metal,159,High,0,0.286,0.795,5,0.0017987421383647798,4.714
Metal,853,High,1,1.535,4.265,5,0.0017995310668229775,4.465
Bioplastic,1789,Medium,0,1.252,8.945,7,0.0006998323085522639,5.748
Bioplastic,1807,Low,1,1.265,9.035,7,0.00070005534034311,6.735
Plastic,1613,Medium,1,3.387,8.065,2,0.0020998140111593306,-0.387
Ceramic,189,High,1,0.227,0.945,5,0.0012010582010582012,5.773
Plastic,1206,Low,0,2.533,6.03,2,0.0021003316749585404,-0.5329999999999999
Plastic,728,Medium,1,1.529,3.64,2,0.0021002747252747253,1.471
Glass,998,Low,1,1.497,4.99,6,0.0015,5.503
Bioplastic,1514,High,1,1.06,7.57,7,0.0007001321003963012,6.9399999999999995
Plastic,1745,Low,1,3.664,8.725,2,0.0020997134670487105,-0.6640000000000001
Ceramic,1660,Low,1,1.992,8.3,5,0.0012,4.008
Metal,1593,Medium,1,2.867,7.965,5,0.0017997489014438166,3.133
Ceramic,1399,Medium,1,1.679,6.995,5,0.0012001429592566118,4.321
Plastic,1608,Low,0,3.377,8.04,2,0.0021001243781094527,-1.3769999999999998
Paper,977,High,1,0.879,4.885,9,0.0008996929375639713,9.121
Metal,236,Medium,0,0.425,1.18,5,0.0018008474576271187,4.575
Glass,561,High,1,0.842,2.805,6,0.0015008912655971479,6.158
Plastic,1977,Medium,1,4.152,9.885,2,0.0021001517450682855,-1.1520000000000001
Bioplastic,686,Medium,0,0.48,3.43,7,0.0006997084548104956,6.52
Bioplastic,261,Low,0,0.183,1.305,7,0.0007011494252873563,6.817
Plastic,275,Low,1,0.578,1.375,2,0.0021018181818181817,2.422
Ceramic,1091,Low,1,1.309,5.455,5,0.0011998166819431715,4.691
Paper,1742,Medium,1,1.568,8.71,9,0.0009001148105625717,8.432
Ceramic,1332,Medium,1,1.598,6.66,5,0.0011996996996996997,4.402
Metal,729,High,1,1.312,3.645,5,0.0017997256515775036,4.688
Bioplastic,607,High,1,0.425,3.035,7,0.000700164744645799,7.575
Glass,258,Low,0,0.387,1.29,6,0.0015,5.6129999999999995
Ceramic,1807,Medium,1,2.168,9.035,5,0.0011997786386275596,3.832
Plastic,1387,High,0,2.913,6.935,2,0.0021002162941600577,-0.9129999999999998
Ceramic,1776,Medium,1,2.131,8.88,5,0.0011998873873873873,3.869
Plastic,465,High,1,0.977,2.325,2,0.002101075268817204,2.023
Metal,1455,High,1,2.619,7.275,5,0.0018000000000000002,3.381
Paper,147,High,1,0.132,0.735,9,0.0008979591836734694,9.868
Glass,197,Medium,1,0.295,0.985,6,0.00149746192893401,6.705
Metal,998,Low,1,1.796,4.99,5,0.0017995991983967936,4.204
Bioplastic,1134,Low,0,0.794,5.67,7,0.0007001763668430335,6.2059999999999995
Paper,1975,Low,1,1.778,9.875,9,0.0009002531645569621,8.222
Plastic,1286,High,1,2.701,6.43,2,0.002100311041990669,0.29899999999999993
Ceramic,247,Low,1,0.296,1.235,5,0.0011983805668016193,5.704
Paper,559,Medium,0,0.503,2.795,9,0.0008998211091234347,8.497
Glass,1553,Low,1,2.329,7.765,6,0.0014996780424983904,4.670999999999999
Plastic,1852,Low,1,3.889,9.26,2,0.002099892008639309,-0.8889999999999998
Bioplastic,1023,High,0,0.716,5.115,7,0.000699902248289345,6.284
Bioplastic,275,Medium,1,0.193,1.375,7,0.0007018181818181818,7.807
Glass,590,Medium,1,0.885,2.95,6,0.0015,6.115
Metal,1122,Low,1,2.02,5.61,5,0.0018003565062388591,3.98
Plastic,1762,Medium,1,3.7,8.81,2,0.0020998864926220205,-0.7000000000000002
Bioplastic,572,High,1,0.4,2.86,7,0.0006993006993006993,7.6
Paper,431,Low,0,0.388,2.155,9,0.000900232018561485,8.612
Glass,901,Medium,1,1.351,4.505,6,0.0014994450610432853,5.649
Ceramic,636,Low,0,0.763,3.18,5,0.001199685534591195,4.237
Paper,1764,Medium,1,1.588,8.82,9,0.0009002267573696146,8.411999999999999
Paper,1974,Medium,0,1.777,9.87,9,0.0009002026342451874,7.223
Ceramic,478,Low,0,0.574,2.39,5,0.001200836820083682,4.426
Glass,1329,Medium,0,1.994,6.645,6,0.0015003762227238525,4.006
Paper,1834,Medium,1,1.651,9.17,9,0.0009002181025081789,8.349
Paper,1483,Low,1,1.335,7.415,9,0.0009002022926500337,8.665
Metal,1385,Medium,1,2.493,6.925,5,0.0018,3.507
Glass,378,Low,1,0.567,1.89,6,0.0014999999999999998,6.433
Glass,1662,Medium,1,2.493,8.31,6,0.0015,4.507
Glass,1032,High,1,1.548,5.16,6,0.0015,5.452
Bioplastic,346,Low,1,0.242,1.73,7,0.000699421965317919,7.758
Metal,721,Low,0,1.298,3.605,5,0.0018002773925104023,3.702
Bioplastic,1731,High,1,1.212,8.655,7,0.0007001733102253032,6.788
Bioplastic,1088,Low,1,0.762,5.44,7,0.0007003676470588235,7.2379999999999995
Plastic,163,Medium,0,0.342,0.815,2,0.002098159509202454,1.658
Metal,1972,Medium,1,3.55,9.86,5,0.0018002028397565923,2.45
Glass,1877,Low,1,2.816,9.385,6,0.0015002663825253062,4.184
Bioplastic,774,High,0,0.542,3.87,7,0.0007002583979328166,6.458
Plastic,1499,Low,1,3.148,7.495,2,0.0021000667111407607,-0.14800000000000013
Bioplastic,333,Medium,0,0.233,1.665,7,0.0006996996996996998,6.767
Plastic,1754,Medium,1,3.683,8.77,2,0.0020997719498289623,-0.6829999999999998
Plastic,803,Medium,0,1.686,4.015,2,0.002099626400996264,0.31400000000000006
Paper,1081,High,1,0.973,5.405,9,0.0009000925069380203,9.027
Plastic,742,Low,0,1.558,3.71,2,0.0020997304582210242,0.44199999999999995
Metal,1073,Low,1,1.931,5.365,5,0.0017996272134203168,4.069
Plastic,918,High,1,1.928,4.59,2,0.0021002178649237473,1.072
Paper,1125,Medium,1,1.012,5.625,9,0.0008995555555555556,8.988
Bioplastic,1495,Medium,0,1.046,7.475,7,0.0006996655518394649,5.954
Metal,556,High,1,1.001,2.78,5,0.0018003597122302156,4.9990000000000006
Plastic,1336,Medium,1,2.806,6.68,2,0.002100299401197605,0.19399999999999995
Glass,1528,Low,1,2.292,7.64,6,0.0014999999999999998,4.708
Ceramic,734,Low,1,0.881,3.67,5,0.0012002724795640326,5.119
Ceramic,1633,Medium,1,1.96,8.165,5,0.0012002449479485608,4.04
Paper,955,High,0,0.86,4.775,9,0.0009005235602094241,8.14
Paper,221,Medium,0,0.199,1.105,9,0.0009004524886877829,8.801
Ceramic,667,Medium,1,0.8,3.335,5,0.001199400299850075,5.2
Plastic,121,High,1,0.254,0.605,2,0.0020991735537190083,2.746
Plastic,1491,Medium,1,3.131,7.455,2,0.0020999329309188464,-0.13099999999999978
Glass,756,Medium,0,1.134,3.78,6,0.0014999999999999998,4.866
Glass,359,Low,1,0.538,1.795,6,0.001498607242339833,6.462
Bioplastic,439,Low,1,0.307,2.195,7,0.0006993166287015945,7.693
Bioplastic,1236,High,1,0.865,6.18,7,0.0006998381877022653,7.135
Glass,598,Low,1,0.897,2.99,6,0.0015,6.103
Metal,1826,Low,0,3.287,9.13,5,0.0018001095290251915,1.713
Plastic,244,Low,1,0.512,1.22,2,0.002098360655737705,2.488
Paper,412,Low,1,0.371,2.06,9,0.0009004854368932039,9.629
Bioplastic,226,Medium,1,0.158,1.13,7,0.0006991150442477877,7.842
Plastic,235,Medium,1,0.493,1.175,2,0.0020978723404255317,2.507
Ceramic,840,Low,1,1.008,4.2,5,0.0012000000000000001,4.992
Bioplastic,1901,Medium,1,1.331,9.505,7,0.0007001578116780641,6.6690000000000005
Plastic,288,Low,1,0.605,1.44,2,0.0021006944444444445,2.395
Paper,1702,Low,0,1.532,8.51,9,0.000900117508813161,7.468
Glass,221,High,1,0.332,1.105,6,0.0015022624434389141,6.668
Paper,817,Low,1,0.735,4.085,9,0.0008996328029375765,9.265
Plastic,1760,Medium,0,3.696,8.8,2,0.0021000000000000003,-1.6960000000000002
Paper,1003,Medium,0,0.903,5.015,9,0.0009002991026919242,8.097
Metal,1373,Medium,1,2.471,6.865,5,0.0017997086671522214,3.529
Ceramic,495,High,1,0.594,2.475,5,0.0012,5.406
Glass,1013,Low,1,1.52,5.065,6,0.0015004935834155972,5.48
Plastic,1360,Low,1,2.856,6.8,2,0.0021,0.14400000000000013
Plastic,1145,Medium,1,2.405,5.725,2,0.0021004366812227074,0.5950000000000002
Glass,884,High,1,1.326,4.42,6,0.0015,5.6739999999999995
Bioplastic,1922,High,1,1.345,9.61,7,0.0006997918834547347,6.655
Paper,1118,Low,1,1.006,5.59,9,0.0008998211091234347,8.994
Ceramic,594,Low,1,0.713,2.97,5,0.0012003367003367003,5.287
Ceramic,911,Low,1,1.093,4.555,5,0.001199780461031833,4.907
Plastic,1068,High,1,2.243,5.34,2,0.002100187265917603,0.7570000000000001
Metal,1268,High,1,2.282,6.34,5,0.0017996845425867509,3.718
Ceramic,985,High,1,1.182,4.925,5,0.0012,4.818
Bioplastic,1977,Low,1,1.384,9.885,7,0.0007000505816894284,6.616
Ceramic,1404,Medium,1,1.685,7.02,5,0.0012001424501424502,4.3149999999999995
Glass,1226,Medium,0,1.839,6.13,6,0.0015,4.161
Paper,816,Medium,1,0.734,4.08,9,0.0008995098039215686,9.266
Ceramic,222,Low,0,0.266,1.11,5,0.0011981981981981982,4.734
Plastic,1344,High,1,2.822,6.72,2,0.002099702380952381,0.17799999999999994
Glass,1517,Medium,1,2.276,7.585,6,0.0015003295978905733,4.724
Glass,1306,Low,1,1.959,6.53,6,0.0015,5.041
Paper,767,Low,1,0.69,3.835,9,0.0008996088657105605,9.31
Bioplastic,1101,High,1,0.771,5.505,7,0.0007002724795640327,7.229
Glass,136,High,0,0.204,0.68,6,0.0014999999999999998,5.796
Ceramic,1903,Low,1,2.284,9.515,5,0.0012002101944298476,3.716
Bioplastic,798,High,0,0.559,3.99,7,0.0007005012531328322,6.441
Ceramic,1080,High,1,1.296,5.4,5,0.0012000000000000001,4.704
Ceramic,172,Low,1,0.206,0.86,5,0.001197674418604651,5.794
Plastic,1263,Medium,1,2.652,6.315,2,0.0020997624703087887,0.34799999999999986
Bioplastic,1051,Low,1,0.736,5.255,7,0.0007002854424357754,7.264
Ceramic,278,Medium,1,0.334,1.39,5,0.0012014388489208633,5.666
Paper,551,High,1,0.496,2.755,9,0.0009001814882032668,9.504
Paper,384,Low,1,0.346,1.92,9,0.0009010416666666666,9.654
Glass,1282,High,1,1.923,6.41,6,0.0015,5.077
Bioplastic,1416,Medium,0,0.991,7.08,7,0.0006998587570621468,6.009
Metal,1229,Low,0,2.212,6.145,5,0.0017998372660699758,2.788
Ceramic,838,Medium,0,1.006,4.19,5,0.0012004773269689737,3.9939999999999998
Ceramic,653,High,1,0.784,3.265,5,0.0012006125574272589,5.216
Paper,473,Medium,1,0.426,2.365,9,0.0009006342494714588,9.574
Ceramic,1563,Low,1,1.876,7.815,5,0.001200255918106206,4.1240000000000006
Ceramic,1986,High,1,2.383,9.93,5,0.0011998992950654581,3.617
Bioplastic,1608,Medium,1,1.126,8.04,7,0.0007002487562189054,6.8740000000000006
Glass,587,Medium,1,0.88,2.935,6,0.0014991482112436116,6.12
Plastic,499,Low,0,1.048,2.495,2,0.0021002004008016033,0.952
Metal,801,High,1,1.442,4.005,5,0.0018002496878901373,4.558
Ceramic,1529,Low,1,1.835,7.645,5,0.0012001308044473512,4.165
Plastic,1796,Medium,1,3.772,8.98,2,0.0021002227171492203,-0.7719999999999998
Plastic,928,Low,0,1.949,4.64,2,0.0021002155172413794,0.050999999999999934
Bioplastic,1741,Low,1,1.219,8.705,7,0.0007001723147616312,6.781
Glass,1433,Medium,1,2.15,7.165,6,0.0015003489183531052,4.85
Metal,570,Low,0,1.026,2.85,5,0.0018,3.974
Plastic,1871,Low,1,3.929,9.355,2,0.0020999465526456438,-0.9289999999999998
Ceramic,1411,Low,1,1.693,7.055,5,0.0011998582565556344,4.307
Glass,606,Low,1,0.909,3.03,6,0.0015,6.091
Ceramic,162,Medium,1,0.194,0.81,5,0.0011975308641975308,5.806
Glass,1929,Low,1,2.893,9.645,6,0.0014997407983411092,4.107
Bioplastic,111,Low,0,0.078,0.555,7,0.0007027027027027027,6.922
Ceramic,604,Medium,1,0.725,3.02,5,0.0012003311258278145,5.275
Plastic,1025,Low,1,2.152,5.125,2,0.002099512195121951,0.8479999999999999
Glass,650,Medium,1,0.975,3.25,6,0.0015,6.025
Paper,626,Low,1,0.563,3.13,9,0.0008993610223642171,9.437
Paper,659,Low,0,0.593,3.295,9,0.0008998482549317147,8.407
Glass,1625,Medium,1,2.438,8.125,6,0.0015003076923076925,4.561999999999999
Glass,980,Low,1,1.47,4.9,6,0.0015,5.53
Plastic,275,Medium,1,0.578,1.375,2,0.0021018181818181817,2.422
Ceramic,298,High,1,0.358,1.49,5,0.0012013422818791947,5.642
Ceramic,475,Low,1,0.57,2.375,5,0.0012,5.43
Metal,617,Low,0,1.111,3.085,5,0.0018006482982171799,3.8890000000000002
Glass,500,Medium,0,0.75,2.5,6,0.0015,5.25
Paper,918,High,1,0.826,4.59,9,0.0008997821350762527,9.174
Metal,106,Medium,1,0.191,0.53,5,0.0018018867924528303,5.809
Metal,193,Low,1,0.347,0.965,5,0.0017979274611398962,5.6530000000000005
Paper,929,High,1,0.836,4.645,9,0.0008998923573735199,9.164
Bioplastic,1031,Medium,1,0.722,5.155,7,0.0007002909796314258,7.2780000000000005
Glass,105,Medium,1,0.158,0.525,6,0.0015047619047619048,6.842
Ceramic,695,High,0,0.834,3.475,5,0.0012,4.166
Paper,1220,Medium,0,1.098,6.1,9,0.0009000000000000001,7.902
Bioplastic,1211,Low,0,0.848,6.055,7,0.0007002477291494632,6.152
Glass,893,High,1,1.339,4.465,6,0.0014994400895856662,5.661
Paper,1829,Medium,1,1.646,9.145,9,0.0008999453253143794,8.354
Ceramic,886,High,1,1.063,4.43,5,0.0011997742663656884,4.937
Metal,778,Medium,1,1.4,3.89,5,0.0017994858611825191,4.6
Plastic,742,Medium,1,1.558,3.71,2,0.0020997304582210242,1.442
Ceramic,945,Low,1,1.134,4.725,5,0.0012,4.866
Glass,172,Low,1,0.258,0.86,6,0.0015,6.742
Plastic,144,Low,0,0.302,0.72,2,0.002097222222222222,1.698
Glass,380,Low,1,0.57,1.9,6,0.0014999999999999998,6.43
Glass,942,Medium,0,1.413,4.71,6,0.0015,4.587
Glass,1783,Low,1,2.675,8.915,6,0.0015002804262478967,4.325
Ceramic,1630,Low,1,1.956,8.15,5,0.0012,4.0440000000000005
Plastic,725,Medium,0,1.522,3.625,2,0.0020993103448275863,0.478
Ceramic,315,Medium,1,0.378,1.575,5,0.0012000000000000001,5.622
Bioplastic,548,High,1,0.384,2.74,7,0.0007007299270072992,7.616
Paper,610,Low,1,0.549,3.05,9,0.0009000000000000001,9.451
Glass,1592,High,1,2.388,7.96,6,0.0015,4.612
Ceramic,161,Medium,0,0.193,0.805,5,0.0011987577639751552,4.807
Bioplastic,1575,Medium,1,1.103,7.875,7,0.0007003174603174603,6.897
Glass,583,Low,1,0.875,2.915,6,0.0015008576329331046,6.125
Metal,874,Medium,1,1.573,4.37,5,0.0017997711670480548,4.427
Bioplastic,1417,Low,1,0.992,7.085,7,0.0007000705716302047,7.008
Glass,1178,Low,1,1.767,5.89,6,0.0014999999999999998,5.2330000000000005
Metal,207,High,1,0.373,1.035,5,0.0018019323671497585,5.627
Plastic,1540,High,1,3.234,7.7,2,0.0021,-0.23399999999999999
Paper,147,Medium,1,0.132,0.735,9,0.0008979591836734694,9.868
Metal,1822,Medium,0,3.28,9.11,5,0.0018002195389681668,1.7200000000000002
Plastic,1550,Low,1,3.255,7.75,2,0.0021,-0.2549999999999999
Plastic,397,Medium,0,0.834,1.985,2,0.002100755667506297,1.166
Ceramic,1001,Low,1,1.201,5.005,5,0.0011998001998001998,4.7989999999999995
Ceramic,1286,Medium,1,1.543,6.43,5,0.0011998444790046656,4.457
Glass,980,Medium,0,1.47,4.9,6,0.0015,4.53
Metal,628,Medium,1,1.13,3.14,5,0.0017993630573248406,4.87
Glass,615,Medium,1,0.922,3.075,6,0.0014991869918699187,6.078
Glass,871,Low,0,1.306,4.355,6,0.0014994259471871412,4.694
Paper,1632,Low,1,1.469,8.16,9,0.0009001225490196079,8.531
Bioplastic,1341,Low,1,0.939,6.705,7,0.0007002237136465324,7.061
Plastic,438,Low,1,0.92,2.19,2,0.0021004566210045665,2.08
Glass,1421,Low,1,2.131,7.105,6,0.0014996481351161153,4.869
Bioplastic,213,High,1,0.149,1.065,7,0.0006995305164319249,7.851
Paper,1402,Low,1,1.262,7.01,9,0.0009001426533523538,8.738
Paper,1825,Low,1,1.643,9.125,9,0.0009002739726027397,8.357
Metal,1537,High,1,2.767,7.685,5,0.0018002602472348731,3.233
Glass,450,Medium,1,0.675,2.25,6,0.0015,6.325
Metal,1762,Medium,1,3.172,8.81,5,0.0018002270147559592,2.828
Plastic,1990,Medium,1,4.179,9.95,2,0.0021000000000000003,-1.1790000000000003
Glass,1320,High,1,1.98,6.6,6,0.0015,5.02
Metal,1868,High,1,3.362,9.34,5,0.0017997858672376874,2.638
Ceramic,761,High,0,0.913,3.805,5,0.0011997371879106438,4.087
Ceramic,1702,Medium,0,2.042,8.51,5,0.001199764982373678,2.958
Bioplastic,182,High,1,0.127,0.91,7,0.0006978021978021978,7.873
Plastic,1040,Low,1,2.184,5.2,2,0.0021000000000000003,0.8159999999999998
Plastic,562,Medium,0,1.18,2.81,2,0.002099644128113879,0.8200000000000001
Ceramic,1637,High,1,1.964,8.185,5,0.00119975565058033,4.036
Metal,1203,Low,1,2.165,6.015,5,0.001799667497921862,3.835
Glass,1377,Medium,1,2.066,6.885,6,0.0015003631082062454,4.934
Plastic,359,Medium,1,0.754,1.795,2,0.0021002785515320333,2.246
Paper,133,High,1,0.12,0.665,9,0.0009022556390977444,9.88
Glass,1820,Low,1,2.73,9.1,6,0.0015,4.27
Plastic,841,Medium,0,1.766,4.205,2,0.0020998810939357906,0.23399999999999999
Plastic,590,Medium,1,1.239,2.95,2,0.0021000000000000003,1.761
Paper,1560,Low,1,1.404,7.8,9,0.0009,8.596
Bioplastic,337,High,1,0.236,1.685,7,0.0007002967359050445,7.764
Glass,1352,High,1,2.028,6.76,6,0.0015,4.9719999999999995
Glass,408,Medium,1,0.612,2.04,6,0.0015,6.388
Glass,1440,Low,1,2.16,7.2,6,0.0015,4.84
Metal,1352,Medium,1,2.434,6.76,5,0.001800295857988166,3.566
Glass,804,Low,0,1.206,4.02,6,0.0015,4.7940000000000005
Metal,787,Medium,1,1.417,3.935,5,0.0018005082592121983,4.583
Ceramic,684,Medium,1,0.821,3.42,5,0.0012002923976608187,5.179
Glass,828,High,1,1.242,4.14,6,0.0015,5.758
Metal,396,Low,1,0.713,1.98,5,0.0018005050505050504,5.287
Ceramic,988,Low,1,1.186,4.94,5,0.001200404858299595,4.814
Bioplastic,1595,Low,1,1.117,7.975,7,0.0007003134796238244,6.883
Ceramic,1901,Medium,1,2.281,9.505,5,0.001199894792214624,3.719
Paper,1262,Low,1,1.136,6.31,9,0.0009001584786053881,8.864
Ceramic,1809,Low,1,2.171,9.045,5,0.0012001105583195133,3.829
Plastic,240,Low,1,0.504,1.2,2,0.0021,2.496
Plastic,855,Low,0,1.796,4.275,2,0.0021005847953216375,0.20399999999999996
Paper,378,Medium,1,0.34,1.89,9,0.0008994708994708995,9.66
Paper,868,Medium,1,0.781,4.34,9,0.0008997695852534563,9.219
Ceramic,1566,Medium,1,1.879,7.83,5,0.0011998722860791825,4.121
Ceramic,1566,Low,1,1.879,7.83,5,0.0011998722860791825,4.121
Bioplastic,259,High,1,0.181,1.295,7,0.0006988416988416988,7.819
Glass,1075,Medium,1,1.613,5.375,6,0.0015004651162790698,5.3870000000000005
Plastic,1721,Medium,1,3.614,8.605,2,0.0020999418942475303,-0.6139999999999999
Plastic,1527,Medium,0,3.207,7.635,2,0.002100196463654224,-1.2069999999999999
Ceramic,857,High,1,1.028,4.285,5,0.0011995332555425904,4.9719999999999995
Ceramic,1045,Medium,1,1.254,5.225,5,0.0012000000000000001,4.746
Paper,690,High,1,0.621,3.45,9,0.0009,9.379
Glass,755,Medium,1,1.133,3.775,6,0.001500662251655629,5.867
Ceramic,1866,Medium,1,2.239,9.33,5,0.0011998928188638798,3.761
Paper,710,High,1,0.639,3.55,9,0.0009,9.361
Ceramic,1982,High,1,2.378,9.91,5,0.0011997981836528759,3.622
Metal,1487,Medium,0,2.677,7.435,5,0.0018002689979825153,2.323
Glass,1115,Low,0,1.673,5.575,6,0.0015004484304932736,4.327
Paper,1902,Low,0,1.712,9.51,9,0.0009001051524710831,7.288
Glass,1853,Medium,1,2.78,9.265,6,0.0015002698327037235,4.220000000000001
Glass,1695,Low,1,2.542,8.475,6,0.0014997050147492624,4.458
Plastic,410,Low,1,0.861,2.05,2,0.0021,2.1390000000000002
Glass,1931,Medium,1,2.897,9.655,6,0.0015002589331952355,4.103
Plastic,690,Medium,1,1.449,3.45,2,0.0021000000000000003,1.551
Glass,1041,Low,0,1.562,5.205,6,0.001500480307396734,4.438
Paper,600,Medium,1,0.54,3.0,9,0.0009000000000000001,9.46
Glass,707,Medium,1,1.06,3.535,6,0.0014992927864214993,5.9399999999999995
Ceramic,1507,Low,1,1.808,7.535,5,0.0011997345719973458,4.192
Bioplastic,1010,High,1,0.707,5.05,7,0.0007,7.293
Ceramic,762,High,1,0.914,3.81,5,0.001199475065616798,5.086
Paper,1184,High,1,1.066,5.92,9,0.0009003378378378379,8.934
Bioplastic,1061,Low,1,0.743,5.305,7,0.0007002827521206409,7.257
Ceramic,188,Low,1,0.226,0.94,5,0.001202127659574468,5.774
Ceramic,463,High,1,0.556,2.315,5,0.0012008639308855292,5.444
Metal,304,Medium,1,0.547,1.52,5,0.001799342105263158,5.453
Metal,298,Medium,1,0.536,1.49,5,0.0017986577181208054,5.464
Metal,1153,High,1,2.075,5.765,5,0.0017996530789245449,3.925
Glass,812,Medium,1,1.218,4.06,6,0.0015,5.782
Bioplastic,1848,Medium,1,1.294,9.24,7,0.0007002164502164502,6.7059999999999995
Plastic,333,Medium,1,0.699,1.665,2,0.002099099099099099,2.301
Plastic,1827,Medium,1,3.837,9.135,2,0.0021001642036124796,-0.8370000000000002
Metal,1163,High,1,2.093,5.815,5,0.0017996560619088565,3.907
Ceramic,289,Low,0,0.347,1.445,5,0.0012006920415224913,4.6530000000000005
Metal,100,Low,1,0.18,0.5,5,0.0018,5.82
Paper,284,Low,1,0.256,1.42,9,0.0009014084507042254,9.744
Ceramic,1939,Low,0,2.327,9.695,5,0.0012001031459515214,2.673
Metal,205,High,0,0.369,1.025,5,0.0018,4.631
Bioplastic,673,Low,0,0.471,3.365,7,0.000699851411589896,6.529
Metal,1187,Medium,1,2.137,5.935,5,0.0018003369839932604,3.863
Plastic,1785,Low,1,3.748,8.925,2,0.0020997198879551824,-0.7480000000000002
Bioplastic,1050,Medium,1,0.735,5.25,7,0.0007,7.265
Paper,1845,Medium,1,1.661,9.225,9,0.0009002710027100271,8.339
Ceramic,1484,Medium,1,1.781,7.42,5,0.0012001347708894877,4.219
Ceramic,1947,Medium,0,2.336,9.735,5,0.001199794555726759,2.664
Metal,224,High,1,0.403,1.12,5,0.0017991071428571429,5.5969999999999995
Plastic,1632,Medium,1,3.427,8.16,2,0.0020998774509803923,-0.42700000000000005
Bioplastic,1655,Medium,1,1.159,8.275,7,0.0007003021148036254,6.841
Metal,1502,Low,1,2.704,7.51,5,0.001800266311584554,3.296
Plastic,148,Medium,1,0.311,0.74,2,0.0021013513513513512,2.689
Paper,1599,Low,1,1.439,7.995,9,0.0008999374609130707,8.561
Metal,1212,Low,1,2.182,6.06,5,0.0018003300330033003,3.818
Ceramic,830,Low,1,0.996,4.15,5,0.0012,5.004
Paper,115,Medium,1,0.103,0.575,9,0.0008956521739130434,9.897
Metal,116,High,0,0.209,0.58,5,0.0018017241379310344,4.791
Bioplastic,399,Low,1,0.279,1.995,7,0.000699248120300752,7.721
Metal,804,Medium,0,1.447,4.02,5,0.0017997512437810945,3.553
Ceramic,1778,Low,1,2.134,8.89,5,0.0012002249718785151,3.866
Glass,1402,High,1,2.103,7.01,6,0.0015000000000000002,4.897
Metal,391,Low,1,0.704,1.955,5,0.0018005115089514065,5.296
Ceramic,130,Medium,1,0.156,0.65,5,0.0012,5.844
Glass,190,Medium,1,0.285,0.95,6,0.0014999999999999998,6.715
Paper,1929,Low,1,1.736,9.645,9,0.0008999481596682219,8.264
Paper,426,Medium,1,0.383,2.13,9,0.0008990610328638498,9.617
Bioplastic,675,Low,1,0.472,3.375,7,0.0006992592592592592,7.5280000000000005
Plastic,1629,Low,1,3.421,8.145,2,0.002100061387354205,-0.4209999999999998
Plastic,724,Medium,1,1.52,3.62,2,0.0020994475138121547,1.48
Glass,1931,Medium,1,2.897,9.655,6,0.0015002589331952355,4.103
Bioplastic,240,Low,1,0.168,1.2,7,0.0007,7.832
Glass,1660,Low,1,2.49,8.3,6,0.0015,4.51
Bioplastic,790,Low,0,0.553,3.95,7,0.0007000000000000001,6.447
Glass,1214,Low,1,1.821,6.07,6,0.0015,5.179
Glass,1507,Medium,1,2.26,7.535,6,0.001499668214996682,4.74
Bioplastic,1035,Medium,1,0.725,5.175,7,0.0007004830917874396,7.275
Glass,1661,Medium,1,2.491,8.305,6,0.0014996989765201686,4.509
Glass,1511,Low,0,2.267,7.555,6,0.0015003309066843149,3.733
Ceramic,1091,Medium,1,1.309,5.455,5,0.0011998166819431715,4.691
Metal,1838,Medium,1,3.308,9.19,5,0.0017997823721436343,2.692
Ceramic,527,Low,1,0.632,2.635,5,0.0011992409867172676,5.368
Metal,206,Medium,1,0.371,1.03,5,0.0018009708737864079,5.629
Ceramic,225,Medium,1,0.27,1.125,5,0.0012000000000000001,5.73
Paper,469,Medium,1,0.422,2.345,9,0.0008997867803837953,9.578
Metal,767,Medium,1,1.381,3.835,5,0.001800521512385919,4.619
Metal,429,Medium,1,0.772,2.145,5,0.0017995337995337995,5.228
Plastic,132,Medium,1,0.277,0.66,2,0.0020984848484848486,2.723
Paper,144,Medium,1,0.13,0.72,9,0.0009027777777777778,9.87
Ceramic,654,Low,1,0.785,3.27,5,0.0012003058103975536,5.215
Metal,977,Medium,1,1.759,4.885,5,0.0018004094165813714,4.241
Metal,1587,Low,1,2.857,7.935,5,0.001800252047889099,3.143
Ceramic,873,High,1,1.048,4.365,5,0.0012004581901489118,4.952
Bioplastic,1254,Medium,1,0.878,6.27,7,0.0007001594896331739,7.122
Bioplastic,1690,Medium,1,1.183,8.45,7,0.0007,6.817
Ceramic,832,Medium,1,0.998,4.16,5,0.0011995192307692308,5.002
Paper,127,Low,1,0.114,0.635,9,0.0008976377952755906,9.886
Metal,448,Low,1,0.806,2.24,5,0.0017991071428571429,5.194
Plastic,1215,Medium,1,2.551,6.075,2,0.0020995884773662554,0.44899999999999984
Plastic,1914,Low,1,4.019,9.57,2,0.002099791013584117,-1.0190000000000001
Paper,1680,Low,1,1.512,8.4,9,0.0009,8.488
Paper,588,Medium,0,0.529,2.94,9,0.0008996598639455783,8.471
Paper,1021,Medium,1,0.919,5.105,9,0.0009000979431929481,9.081
Bioplastic,496,Medium,1,0.347,2.48,7,0.0006995967741935484,7.6530000000000005
Ceramic,539,Medium,1,0.647,2.695,5,0.0012003710575139146,5.353
Paper,1241,High,1,1.117,6.205,9,0.0009000805801772764,8.883
Paper,1697,Medium,1,1.527,8.485,9,0.0008998232174425456,8.473
Glass,1812,Medium,1,2.718,9.06,6,0.0015,4.282
Metal,1060,Low,0,1.908,5.3,5,0.0018,3.092
Paper,1721,Low,1,1.549,8.605,9,0.0009000581057524694,8.451
Glass,976,Medium,1,1.464,4.88,6,0.0015,5.536
Ceramic,1097,Low,1,1.316,5.485,5,0.0011996353691886964,4.684
Ceramic,115,High,1,0.138,0.575,5,0.0012000000000000001,5.862
Ceramic,1889,Low,1,2.267,9.445,5,0.0012001058761249338,3.733
Metal,1728,Medium,1,3.11,8.64,5,0.0017997685185185185,2.89
Ceramic,1839,Medium,1,2.207,9.195,5,0.0012001087547580205,3.793
Plastic,304,High,1,0.638,1.52,2,0.002098684210526316,2.362
Paper,1063,High,0,0.957,5.315,9,0.0009002822201317027,8.043
Metal,1247,Low,1,2.245,6.235,5,0.0018003207698476344,3.755
Paper,496,Low,1,0.446,2.48,9,0.0008991935483870968,9.554
Glass,271,High,0,0.406,1.355,6,0.0014981549815498156,5.594
Plastic,561,Low,1,1.178,2.805,2,0.0020998217468805704,1.822
Glass,522,Medium,1,0.783,2.61,6,0.0015,6.217
Ceramic,1048,High,1,1.258,5.24,5,0.001200381679389313,4.742
Metal,795,Low,1,1.431,3.975,5,0.0018000000000000002,4.569
Glass,910,Medium,1,1.365,4.55,6,0.0015,5.635
Paper,529,Low,1,0.476,2.645,9,0.0008998109640831757,9.524000000000001
Paper,546,Low,1,0.491,2.73,9,0.0008992673992673992,9.509
Ceramic,338,Medium,1,0.406,1.69,5,0.0012011834319526629,5.594
Bioplastic,330,Medium,1,0.231,1.65,7,0.0007,7.769
Glass,907,High,1,1.361,4.535,6,0.0015005512679162072,5.639
Bioplastic,1676,Low,1,1.173,8.38,7,0.0006998806682577566,6.827
Glass,390,High,0,0.585,1.95,6,0.0014999999999999998,5.415
Ceramic,1102,Medium,1,1.322,5.51,5,0.0011996370235934665,4.678
Bioplastic,1298,Low,1,0.909,6.49,7,0.0007003081664098613,7.091
Bioplastic,588,Medium,1,0.412,2.94,7,0.0007006802721088435,7.588
Ceramic,1100,Low,0,1.32,5.5,5,0.0012000000000000001,3.6799999999999997
Ceramic,1990,Low,1,2.388,9.95,5,0.0012,3.612
Glass,1143,Low,1,1.714,5.715,6,0.001499562554680665,5.286
Plastic,1375,Medium,0,2.888,6.875,2,0.0021003636363636363,-0.8879999999999999
Metal,830,Low,1,1.494,4.15,5,0.0018,4.506
Paper,1339,Low,1,1.205,6.695,9,0.0008999253174010456,8.795
Plastic,1716,Medium,1,3.604,8.58,2,0.0021002331002331004,-0.6040000000000001
Ceramic,561,Low,1,0.673,2.805,5,0.001199643493761141,5.327
Ceramic,1144,Medium,1,1.373,5.72,5,0.0012001748251748252,4.627
Glass,251,High,1,0.377,1.255,6,0.00150199203187251,6.623
Ceramic,480,High,1,0.576,2.4,5,0.0012,5.424
Glass,830,Medium,1,1.245,4.15,6,0.0015,5.755
Ceramic,165,Low,1,0.198,0.825,5,0.0012000000000000001,5.802
Paper,1227,Medium,1,1.104,6.135,9,0.000899755501222494,8.896
Bioplastic,1898,High,1,1.329,9.49,7,0.0007002107481559536,6.671
Ceramic,1417,Low,0,1.7,7.085,5,0.0011997177134791814,3.3
Ceramic,279,High,1,0.335,1.395,5,0.0012007168458781363,5.665
Plastic,807,Medium,0,1.695,4.035,2,0.002100371747211896,0.30499999999999994
Paper,1377,Medium,0,1.239,6.885,9,0.0008997821350762528,7.761
Glass,1354,High,1,2.031,6.77,6,0.0015,4.968999999999999
Bioplastic,230,Low,1,0.161,1.15,7,0.0007,7.839
Metal,945,Low,1,1.701,4.725,5,0.0018000000000000002,4.2989999999999995
Glass,596,Low,1,0.894,2.98,6,0.0015,6.106
Paper,1496,Medium,1,1.346,7.48,9,0.0008997326203208556,8.654
Glass,1668,Low,0,2.502,8.34,6,0.0014999999999999998,3.498
Plastic,1567,Medium,0,3.291,7.835,2,0.0021001914486279516,-1.291
Ceramic,1604,Medium,1,1.925,8.02,5,0.0012001246882793017,4.075
Bioplastic,1558,High,1,1.091,7.79,7,0.0007002567394094994,6.909
Plastic,472,Medium,0,0.991,2.36,2,0.0020995762711864406,1.009
Plastic,1603,Low,1,3.366,8.015,2,0.0020998128509045542,-0.3660000000000001
Bioplastic,335,Medium,1,0.234,1.675,7,0.0006985074626865672,7.766
Ceramic,1727,Low,0,2.072,8.635,5,0.0011997683844817604,2.928
Ceramic,373,Medium,0,0.448,1.865,5,0.0012010723860589813,4.552
Bioplastic,1452,Low,1,1.016,7.26,7,0.0006997245179063361,6.984
Bioplastic,1455,Medium,0,1.018,7.275,7,0.0006996563573883162,5.982
Bioplastic,486,Low,1,0.34,2.43,7,0.0006995884773662552,7.66
Bioplastic,1593,Medium,1,1.115,7.965,7,0.0006999372253609542,6.885
Metal,996,Medium,0,1.793,4.98,5,0.0018002008032128513,3.207
Paper,207,Medium,1,0.186,1.035,9,0.0008985507246376812,9.814
Paper,503,Medium,1,0.453,2.515,9,0.000900596421471173,9.547
Metal,342,Low,1,0.616,1.71,5,0.0018011695906432748,5.384
Glass,1679,Low,1,2.518,8.395,6,0.0014997022036926742,4.482
Ceramic,153,Low,1,0.184,0.765,5,0.0012026143790849673,5.816
Ceramic,1223,Low,0,1.468,6.115,5,0.0012003270645952575,3.532
Ceramic,833,Medium,1,1.0,4.165,5,0.0012004801920768306,5.0
Bioplastic,777,Low,0,0.544,3.885,7,0.0007001287001287002,6.4559999999999995
Metal,104,Medium,1,0.187,0.52,5,0.001798076923076923,5.813
Glass,390,Low,1,0.585,1.95,6,0.0014999999999999998,6.415
Bioplastic,1885,Low,1,1.319,9.425,7,0.0006997347480106101,6.681
Metal,1900,Medium,1,3.42,9.5,5,0.0018,2.58
Paper,267,Medium,0,0.24,1.335,9,0.000898876404494382,8.76
Ceramic,871,Low,1,1.045,4.355,5,0.0011997703788748564,4.955
Paper,401,Medium,1,0.361,2.005,9,0.0009002493765586034,9.639
Ceramic,852,Medium,1,1.022,4.26,5,0.0011995305164319249,4.978
Bioplastic,1453,High,1,1.017,7.265,7,0.0006999311768754301,6.9830000000000005
Ceramic,1331,Medium,1,1.597,6.655,5,0.0011998497370398196,4.4030000000000005
Bioplastic,840,Low,0,0.588,4.2,7,0.0007,6.412
Metal,530,Low,0,0.954,2.65,5,0.0018,4.046
Glass,654,Medium,1,0.981,3.27,6,0.0015,6.019
Paper,1789,Medium,1,1.61,8.945,9,0.0008999441028507547,8.39
Glass,1018,Medium,0,1.527,5.09,6,0.0014999999999999998,4.473
Metal,1130,Medium,1,2.034,5.65,5,0.0017999999999999997,3.966
Ceramic,870,Medium,1,1.044,4.35,5,0.0012000000000000001,4.9559999999999995
Bioplastic,537,Low,1,0.376,2.685,7,0.0007001862197392924,7.624
Ceramic,855,Low,1,1.026,4.275,5,0.0012000000000000001,4.974
Paper,521,High,1,0.469,2.605,9,0.0009001919385796545,9.531
Bioplastic,1744,Medium,1,1.221,8.72,7,0.0007001146788990826,6.779
Metal,1480,Medium,1,2.664,7.4,5,0.0018000000000000002,3.336
Glass,967,High,1,1.45,4.835,6,0.001499482936918304,5.55
